{"type":"FeatureCollection","features":[{"type":"Feature","properties":{"id":"page-mill","name":"Page Mill Road","difficulty":3,"character":"Technical"},"geometry":{"type":"MultiLineString","coordinates":[[[-122.18727,37.31498],[-122.18657,37.31489],[-122.18617,37.31498],[-122.18547,37.31547],[-122.18551,37.31576],[-122.186,37.31628],[-122.1869,37.31662],[-122.18769,37.31758],[-122.18805,37.3183],[-122.1883,37.31838],[-122.18877,37.31832],[-122.18902,37.31843],[-122.18907,37.31881],[-122.18931,37.31925],[-122.18862,37.31968],[-122.18855,37.31981],[-122.18853,37.32015],[-122.18883,37.3206],[-122.18878,37.32087],[-122.18778,37.32248],[-122.18757,37.32267],[-122.18678,37.32295],[-122.18672,37.32335],[-122.18638,37.32369],[-122.18631,37.32405],[-122.18654,37.32509],[-122.18636,37.32543],[-122.18549,37.32559],[-122.1849,37.32591],[-122.18386,37.32582],[-122.18343,37.32586],[-122.18283,37.32632],[-122.18249,37.3264],[-122.18036,37.32597],[-122.17921,37.32602],[-122.17683,37.32581],[-122.17572,37.32536],[-122.17492,37.32516],[-122.17378,37.32472],[-122.1728,37.32511],[-122.17235,37.32591],[-122.17202,37.3276],[-122.17261,37.32773],[-122.17277,37.32805],[-122.17269,37.32828],[-122.17231,37.3286],[-122.17239,37.32893],[-122.17225,37.32935],[-122.1724,37.32953],[-122.173,37.32973],[-122.17314,37.32998],[-122.17304,37.33035],[-122.17245,37.33045],[-122.17239,37.33066],[-122.17282,37.33123],[-122.1736,37.33183],[-122.1736,37.3325],[-122.17391,37.33294],[-122.17445,37.33315],[-122.17596,37.33321],[-122.17626,37.33334],[-122.1766,37.33391],[-122.17682,37.33452],[-122.17664,37.33606],[-122.17688,37.33629],[-122.17788,37.3366],[-122.17817,37.33694],[-122.17842,37.33751],[-122.17837,37.33802],[-122.17798,37.33918],[-122.17736,37.33955],[-122.17705,37.34],[-122.17615,37.34045],[-122.17637,37.34144],[-122.17628,37.34193],[-122.17636,37.34224],[-122.17611,37.34266],[-122.17639,37.34284],[-122.17678,37.34293],[-122.17705,37.34318],[-122.17792,37.3434],[-122.17889,37.3442],[-122.17938,37.3443],[-122.17981,37.3449],[-122.18042,37.34508],[-122.1807,37.3456],[-122.18065,37.34572],[-122.18042,37.34576],[-122.17988,37.34548],[-122.17827,37.3454],[-122.17757,37.34525],[-122.17723,37.34534],[-122.17679,37.34579],[-122.1763,37.34581],[-122.17582,37.34602],[-122.17588,37.34646],[-122.17574,37.34686],[-122.17583,37.34714],[-122.17546,37.34774],[-122.17572,37.34821],[-122.17522,37.34854],[-122.17504,37.34883],[-122.1755,37.3498],[-122.17544,37.3503],[-122.17534,37.35041],[-122.17523,37.35038],[-122.175,37.34992],[-122.17487,37.34985],[-122.17464,37.34994],[-122.17431,37.35063],[-122.17449,37.35163],[-122.17445,37.35185],[-122.17424,37.35198],[-122.17357,37.35201],[-122.17309,37.35151],[-122.17299,37.35109],[-122.17282,37.35112],[-122.17275,37.3514],[-122.17295,37.35183],[-122.17304,37.35246],[-122.17297,37.35298],[-122.17365,37.35368],[-122.17382,37.35431],[-122.17374,37.35447],[-122.17317,37.35488],[-122.17244,37.35527],[-122.17222,37.35592],[-122.17241,37.3561],[-122.17315,37.35614],[-122.17325,37.35626],[-122.17324,37.35674],[-122.17382,37.35695],[-122.17408,37.35714],[-122.17417,37.35741],[-122.17377,37.35783],[-122.17385,37.35817],[-122.1743,37.35838],[-122.17476,37.35835],[-122.17536,37.35845],[-122.17558,37.35867],[-122.17559,37.35894],[-122.17518,37.35977],[-122.17446,37.36043],[-122.17361,37.36064],[-122.17293,37.36113],[-122.17263,37.36116],[-122.17213,37.36095],[-122.17157,37.36091],[-122.1712,37.36077],[-122.17023,37.36075],[-122.16997,37.36092],[-122.16982,37.36132],[-122.17012,37.36212],[-122.17038,37.36225],[-122.17169,37.36254],[-122.17189,37.3627],[-122.17187,37.36288],[-122.17169,37.36298],[-122.17144,37.36298],[-122.16964,37.36281],[-122.16909,37.36293],[-122.16881,37.36323],[-122.16873,37.364],[-122.16783,37.36427],[-122.16746,37.36456],[-122.1674,37.36525],[-122.16704,37.3659],[-122.16712,37.36616],[-122.16798,37.36673],[-122.1688,37.36701],[-122.16894,37.36744],[-122.1688,37.36814],[-122.16929,37.36854],[-122.16962,37.3693],[-122.16949,37.36993],[-122.16932,37.37014],[-122.16899,37.3703],[-122.16882,37.37079],[-122.16834,37.37116],[-122.16888,37.37155],[-122.16883,37.37202],[-122.16861,37.37236],[-122.16791,37.37274],[-122.16586,37.37286],[-122.16641,37.37374],[-122.16673,37.37468],[-122.16674,37.37573],[-122.16634,37.37648],[-122.1644,37.37667],[-122.16355,37.37697],[-122.16241,37.3768],[-122.16204,37.37709],[-122.162,37.37807],[-122.16237,37.37883],[-122.16394,37.38027],[-122.16487,37.3808],[-122.16554,37.3814],[-122.16562,37.38159],[-122.16551,37.38226],[-122.16622,37.38375],[-122.16616,37.38413],[-122.1653,37.38566],[-122.16423,37.38688],[-122.16403,37.38723],[-122.16361,37.38948]],[[-122.16391,37.38767],[-122.16356,37.38885]]]}},{"type":"Feature","properties":{"id":"west-alpine","name":"West Alpine Road","difficulty":3,"character":"Technical"},"geometry":{"type":"MultiLineString","coordinates":[[[-122.26509,37.29991],[-122.26438,37.29934],[-122.26359,37.29899],[-122.26287,37.29854],[-122.26187,37.29751],[-122.26165,37.29739],[-122.26078,37.2974],[-122.26001,37.29687],[-122.25949,37.29687],[-122.25909,37.29698],[-122.25844,37.29677],[-122.2582,37.29679],[-122.25805,37.29694],[-122.25751,37.29711],[-122.25697,37.29696],[-122.25661,37.29671],[-122.25634,37.29669],[-122.25522,37.2974],[-122.25446,37.29766],[-122.2513,37.29771],[-122.24913,37.29717],[-122.24833,37.2965],[-122.24791,37.29655],[-122.24748,37.29631],[-122.24689,37.29623],[-122.24615,37.29632],[-122.24554,37.29604],[-122.24492,37.29563],[-122.24467,37.29523],[-122.24403,37.29481],[-122.24344,37.29471],[-122.24163,37.29413],[-122.24048,37.29405],[-122.23939,37.2944],[-122.23879,37.29403],[-122.2383,37.29337],[-122.23819,37.29342],[-122.23815,37.2938],[-122.23792,37.29385],[-122.23692,37.29333],[-122.23645,37.29263],[-122.23576,37.29223],[-122.23484,37.292],[-122.23424,37.29172],[-122.23361,37.29162],[-122.23349,37.29168],[-122.2335,37.29182],[-122.23434,37.29234],[-122.23422,37.29252],[-122.23379,37.29246],[-122.23316,37.29195],[-122.2315,37.29161],[-122.23152,37.29131],[-122.23182,37.29108],[-122.23176,37.29095],[-122.23029,37.29066],[-122.22961,37.29075],[-122.22956,37.29063],[-122.22973,37.29018],[-122.23028,37.28996],[-122.23154,37.28975],[-122.23221,37.28941],[-122.23218,37.28925],[-122.23136,37.28953],[-122.23032,37.28948],[-122.22958,37.28925],[-122.22844,37.28944],[-122.22777,37.2897],[-122.22602,37.28972],[-122.22551,37.28988],[-122.22539,37.2902],[-122.22478,37.29018],[-122.22432,37.29057],[-122.22404,37.29063],[-122.22373,37.29054],[-122.22321,37.29003],[-122.22294,37.2899],[-122.22143,37.28961],[-122.22108,37.28922],[-122.22018,37.28885],[-122.21959,37.28874],[-122.21919,37.28831],[-122.21845,37.2881],[-122.21832,37.28736],[-122.21814,37.28719],[-122.21792,37.28721],[-122.21646,37.28801],[-122.21566,37.28878],[-122.21542,37.28883],[-122.21424,37.28874],[-122.21397,37.2888],[-122.21354,37.28936],[-122.21298,37.28963],[-122.21237,37.28954],[-122.21093,37.29064],[-122.21045,37.29148],[-122.21063,37.29209],[-122.21055,37.29286],[-122.21142,37.29408],[-122.21139,37.29436],[-122.21104,37.29443],[-122.21041,37.29433],[-122.21011,37.2944],[-122.20968,37.2947],[-122.20905,37.29477],[-122.20834,37.29522],[-122.208,37.29532],[-122.20714,37.29527],[-122.20608,37.29476],[-122.2058,37.29472],[-122.20563,37.29482],[-122.20556,37.29509],[-122.20566,37.29524],[-122.20667,37.29601],[-122.20685,37.29634],[-122.20659,37.29682],[-122.20668,37.29748],[-122.20613,37.29798],[-122.20591,37.29882],[-122.20555,37.29912],[-122.20528,37.29955],[-122.20524,37.29978],[-122.20555,37.30025],[-122.20552,37.30046],[-122.20498,37.3007],[-122.20457,37.30101],[-122.20409,37.30102],[-122.2037,37.30131],[-122.20348,37.30168],[-122.20298,37.30178],[-122.20285,37.30192],[-122.20274,37.30258],[-122.2023,37.303],[-122.20217,37.30303],[-122.20167,37.30276],[-122.20098,37.30268],[-122.20087,37.30279],[-122.20092,37.30328],[-122.2008,37.3036],[-122.20045,37.30418],[-122.19999,37.30437],[-122.19989,37.30451],[-122.1996,37.30533],[-122.19927,37.30539],[-122.19853,37.30518],[-122.19743,37.30534],[-122.19691,37.30553],[-122.19643,37.30615],[-122.19646,37.30637],[-122.19719,37.30641],[-122.19755,37.30659],[-122.19754,37.30696],[-122.19795,37.30747],[-122.19739,37.30865],[-122.19753,37.31047],[-122.19785,37.31148],[-122.19763,37.31218],[-122.19788,37.31259],[-122.19689,37.3138],[-122.19687,37.31395],[-122.19714,37.3143],[-122.19714,37.31447],[-122.19654,37.31471],[-122.1964,37.31492],[-122.19683,37.31535],[-122.19693,37.316],[-122.19684,37.31619],[-122.19651,37.31634],[-122.19604,37.31636],[-122.19562,37.31687],[-122.19499,37.31653],[-122.19446,37.31653],[-122.19431,37.31621],[-122.19419,37.31616],[-122.19386,37.31624],[-122.19368,37.31644],[-122.19341,37.31645],[-122.19302,37.31623],[-122.19255,37.31612],[-122.19234,37.31558],[-122.19189,37.31536],[-122.19152,37.31538],[-122.1912,37.31529],[-122.19072,37.31469],[-122.19027,37.31458],[-122.18994,37.31439],[-122.1882,37.31496],[-122.18727,37.31498]],[[-122.26547,37.29948],[-122.26508,37.29938],[-122.26461,37.29955]],[[-122.18858,37.32146],[-122.18852,37.32126]]]}},{"type":"Feature","properties":{"id":"pescadero","name":"Pescadero Creek Road","difficulty":2,"character":"Medium speed"},"geometry":{"type":"MultiLineString","coordinates":[[[-122.27548,37.30264],[-122.27515,37.30267],[-122.27368,37.30232],[-122.27299,37.30234],[-122.27258,37.30219],[-122.27228,37.30187],[-122.27171,37.30087],[-122.27065,37.29963],[-122.27028,37.29956],[-122.26961,37.29969],[-122.26929,37.29939],[-122.26873,37.29915],[-122.26778,37.29854],[-122.26724,37.2978],[-122.26644,37.29742],[-122.26626,37.29621],[-122.266,37.29594],[-122.26574,37.29583],[-122.26521,37.29582],[-122.26482,37.296],[-122.26458,37.29642],[-122.26457,37.29689],[-122.26524,37.29762],[-122.26611,37.29828],[-122.26714,37.3],[-122.26764,37.3005],[-122.26773,37.30074],[-122.26768,37.30084],[-122.26743,37.30087],[-122.26561,37.2995],[-122.26528,37.29953],[-122.26509,37.29991]],[[-122.41319,37.25969],[-122.41107,37.25946],[-122.41008,37.25901],[-122.40959,37.25865],[-122.40918,37.25812],[-122.40734,37.25457],[-122.40689,37.25396],[-122.40645,37.25361],[-122.40581,37.25328],[-122.40294,37.25229],[-122.40257,37.252],[-122.40126,37.25049],[-122.40082,37.25017],[-122.39999,37.24984],[-122.39899,37.24972],[-122.39723,37.24988],[-122.37952,37.25207],[-122.37857,37.2523],[-122.37582,37.25341],[-122.37165,37.25466],[-122.37058,37.25485],[-122.36741,37.25519],[-122.36663,37.25506],[-122.36606,37.25463],[-122.36591,37.25419],[-122.36588,37.253],[-122.36578,37.2527],[-122.36487,37.25145],[-122.36414,37.25022],[-122.36355,37.24976],[-122.36284,37.24962],[-122.35976,37.24987],[-122.35667,37.24965],[-122.35538,37.24989],[-122.355,37.25009],[-122.35487,37.2503],[-122.35485,37.25089],[-122.35446,37.25185],[-122.35356,37.25273],[-122.35296,37.25314],[-122.35176,37.25338],[-122.34983,37.254],[-122.34911,37.25391],[-122.34856,37.25365],[-122.34834,37.25369],[-122.34748,37.25436],[-122.34593,37.25504],[-122.34484,37.25593],[-122.34362,37.25659],[-122.34269,37.25778],[-122.34234,37.25805],[-122.34183,37.25821],[-122.34001,37.25827],[-122.33965,37.25837],[-122.33933,37.25884],[-122.33924,37.26046],[-122.33895,37.26084],[-122.33851,37.26105],[-122.33726,37.26141],[-122.33624,37.26184],[-122.33506,37.26188],[-122.334,37.26178],[-122.33107,37.26106],[-122.32808,37.26105],[-122.32771,37.26114],[-122.3266,37.26177],[-122.32463,37.26177],[-122.32292,37.26256],[-122.32192,37.26339],[-122.3217,37.26369],[-122.32168,37.26403],[-122.32207,37.26562],[-122.32273,37.26725],[-122.32246,37.26772],[-122.32164,37.26813],[-122.32067,37.26808],[-122.31794,37.26823],[-122.31681,37.26887],[-122.3162,37.26947],[-122.31589,37.26958],[-122.31554,37.26954],[-122.31503,37.26911],[-122.31471,37.2685],[-122.31473,37.26769],[-122.31461,37.26727],[-122.31392,37.26677],[-122.3133,37.2658],[-122.31328,37.26518],[-122.31347,37.26438],[-122.31347,37.26294],[-122.31329,37.26272],[-122.31273,37.2626],[-122.31214,37.2629],[-122.31022,37.26467],[-122.30997,37.26528],[-122.30994,37.26603],[-122.30958,37.26714],[-122.30963,37.26764],[-122.30992,37.2685],[-122.30988,37.26881],[-122.30975,37.26911],[-122.30913,37.2698],[-122.30798,37.27053],[-122.30782,37.2709],[-122.30759,37.27232],[-122.30682,37.2739],[-122.30639,37.27407],[-122.30459,37.274],[-122.30177,37.27422],[-122.30078,37.27486],[-122.30018,37.27508],[-122.29974,37.27562],[-122.29911,37.27596],[-122.29864,37.27601],[-122.29791,37.27584],[-122.29769,37.27589],[-122.2975,37.276],[-122.29666,37.27713],[-122.29472,37.27832],[-122.29426,37.27829],[-122.2933,37.2779],[-122.29297,37.27773],[-122.29175,37.27661],[-122.29055,37.27615],[-122.28997,37.27619],[-122.28814,37.27673],[-122.28724,37.27682],[-122.28694,37.27708],[-122.28574,37.27878],[-122.28552,37.28018],[-122.28466,37.28139],[-122.2845,37.28288],[-122.2842,37.28321],[-122.28357,37.2834],[-122.28352,37.28349],[-122.28359,37.28366],[-122.28411,37.28384],[-122.28432,37.2841],[-122.28428,37.2844],[-122.28396,37.28494],[-122.28393,37.28584],[-122.2837,37.28599],[-122.2834,37.28582],[-122.28355,37.2851],[-122.28341,37.28475],[-122.28312,37.28456],[-122.28291,37.28454],[-122.2826,37.28465],[-122.28244,37.28558],[-122.28173,37.28674],[-122.28135,37.28716],[-122.27998,37.28919],[-122.27953,37.28959],[-122.27875,37.28979],[-122.27845,37.29007],[-122.2784,37.29093],[-122.2789,37.29183],[-122.27874,37.29277],[-122.27903,37.29304],[-122.2807,37.29398],[-122.28099,37.29426],[-122.28103,37.29443],[-122.28084,37.2947],[-122.28062,37.29479],[-122.27925,37.29513],[-122.2789,37.29559],[-122.2789,37.29583],[-122.27904,37.29604],[-122.28024,37.29669],[-122.28034,37.29685],[-122.28025,37.29708],[-122.28012,37.29716],[-122.27973,37.29715],[-122.27752,37.29678],[-122.27693,37.29685],[-122.27661,37.29709],[-122.2765,37.29778],[-122.27669,37.29833],[-122.27668,37.29867],[-122.27641,37.29929],[-122.27635,37.30002],[-122.27597,37.30068],[-122.27616,37.30152]]]}},{"type":"Feature","properties":{"id":"skyline","name":"Skyline Boulevard \u00b7 Hwy 35","difficulty":2,"character":"High speed"},"geometry":{"type":"MultiLineString","coordinates":[[[-122.36892,37.49556],[-122.36835,37.49473],[-122.36685,37.49323],[-122.3662,37.49283],[-122.36487,37.49228],[-122.36457,37.49197],[-122.36455,37.49157],[-122.36487,37.49118],[-122.36517,37.49107],[-122.36599,37.49098],[-122.36637,37.49075],[-122.36647,37.49044],[-122.36633,37.49014],[-122.36608,37.48998],[-122.36577,37.48992],[-122.3636,37.48995],[-122.36331,37.48982],[-122.36311,37.4896],[-122.36305,37.48934],[-122.36313,37.48908],[-122.36378,37.48857],[-122.36392,37.4882],[-122.36325,37.48602],[-122.36299,37.48453],[-122.36268,37.48432],[-122.36221,37.48429],[-122.36073,37.48513],[-122.36024,37.4852],[-122.35983,37.48501],[-122.35883,37.48407],[-122.35868,37.48363],[-122.35871,37.48322],[-122.35954,37.48174],[-122.35978,37.48095],[-122.35984,37.48026],[-122.35972,37.47942],[-122.35682,37.47275],[-122.35529,37.47061],[-122.35483,37.47015],[-122.35422,37.46984],[-122.35355,37.46971],[-122.35202,37.46966],[-122.35121,37.46954],[-122.35032,37.46918],[-122.34963,37.46867],[-122.34603,37.46423],[-122.34584,37.46338],[-122.34613,37.462],[-122.34599,37.46159],[-122.34567,37.46125],[-122.34513,37.46096],[-122.33909,37.45869],[-122.33869,37.45847],[-122.33846,37.45822],[-122.33833,37.45781],[-122.33844,37.45739],[-122.34011,37.45586],[-122.34052,37.45511],[-122.34066,37.45432],[-122.34034,37.45323],[-122.33815,37.44991],[-122.33669,37.44859],[-122.33559,37.44808],[-122.33191,37.44677],[-122.33076,37.44619],[-122.32518,37.44215],[-122.32381,37.4406],[-122.3207,37.43548],[-122.31991,37.43502],[-122.31793,37.43461],[-122.31702,37.43406],[-122.31553,37.43269],[-122.31388,37.43064],[-122.31097,37.42798],[-122.31081,37.42759],[-122.3108,37.42716],[-122.31122,37.42633],[-122.31176,37.42595],[-122.31369,37.42507],[-122.31511,37.42413],[-122.31554,37.42399],[-122.31609,37.42394],[-122.31833,37.42422],[-122.31894,37.42409],[-122.3194,37.42373],[-122.31952,37.42338],[-122.3189,37.42155],[-122.31866,37.42005],[-122.31869,37.41953],[-122.31917,37.41837],[-122.31905,37.41788],[-122.31877,37.41752],[-122.31743,37.41719],[-122.3167,37.4169],[-122.31058,37.41355],[-122.30977,37.41337],[-122.30918,37.41345],[-122.30857,37.41341],[-122.30807,37.41326],[-122.30764,37.413],[-122.30634,37.41164],[-122.30613,37.41125],[-122.30623,37.41076],[-122.30706,37.40995],[-122.30746,37.40941],[-122.3076,37.40902],[-122.30755,37.40821],[-122.30699,37.40726],[-122.30606,37.40666],[-122.3034,37.40577],[-122.30279,37.40547],[-122.29856,37.40244],[-122.29775,37.40121],[-122.29746,37.40094],[-122.29645,37.40033],[-122.29442,37.39992],[-122.29351,37.39924],[-122.29324,37.3989],[-122.29315,37.39853],[-122.29327,37.39828],[-122.29388,37.39773],[-122.29402,37.39749],[-122.29385,37.39653],[-122.29341,37.39612],[-122.29212,37.3957],[-122.29186,37.3955],[-122.29171,37.39498],[-122.29206,37.39419],[-122.292,37.39363],[-122.29129,37.39286],[-122.29033,37.39217],[-122.28967,37.39191],[-122.2891,37.39201],[-122.28887,37.39224],[-122.28878,37.39247],[-122.28888,37.39337],[-122.2888,37.39355],[-122.28833,37.39383],[-122.28767,37.39374],[-122.28692,37.3934],[-122.28586,37.39236],[-122.28536,37.39228],[-122.2846,37.39242],[-122.28419,37.39231],[-122.28405,37.39213],[-122.284,37.39151],[-122.28379,37.39111],[-122.28202,37.38998],[-122.28182,37.38971],[-122.28153,37.38887],[-122.28127,37.38869],[-122.28092,37.38862],[-122.28048,37.38869],[-122.27975,37.38917],[-122.2794,37.38918],[-122.27858,37.38896],[-122.27743,37.38926],[-122.27707,37.38917],[-122.27637,37.38875],[-122.27585,37.38876],[-122.27536,37.3891],[-122.27473,37.39084],[-122.27441,37.39117],[-122.27399,37.39133],[-122.27356,37.39136],[-122.2722,37.39138],[-122.27147,37.39128],[-122.27027,37.39079],[-122.26624,37.38766],[-122.26285,37.3854],[-122.26249,37.38491],[-122.26242,37.38444],[-122.26253,37.38402],[-122.26292,37.38338],[-122.26302,37.38294],[-122.2628,37.37976],[-122.26253,37.37795],[-122.26261,37.37754],[-122.26306,37.37676],[-122.26298,37.37625],[-122.26271,37.37598],[-122.26232,37.37582],[-122.26121,37.37587],[-122.26077,37.37579],[-122.25968,37.37512],[-122.25867,37.37436],[-122.25804,37.37294],[-122.25767,37.37256],[-122.25709,37.37221],[-122.25649,37.37204],[-122.25451,37.37172],[-122.25275,37.37193],[-122.25206,37.37166],[-122.25121,37.37095],[-122.24792,37.36769],[-122.24768,37.36731],[-122.24759,37.36693],[-122.2479,37.36546],[-122.24789,37.36495],[-122.24768,37.36445],[-122.24707,37.36361],[-122.24693,37.36304],[-122.24764,37.36049],[-122.24768,37.35965],[-122.24743,37.35876],[-122.24685,37.35792],[-122.24632,37.35746],[-122.24472,37.35651],[-122.24409,37.35603],[-122.24045,37.35209],[-122.23963,37.35146],[-122.23631,37.34964],[-122.23564,37.34947],[-122.23314,37.3491],[-122.23177,37.34859],[-122.23098,37.34809],[-122.23044,37.34762],[-122.2299,37.34696],[-122.22888,37.34535],[-122.22832,37.34485],[-122.22659,37.34415],[-122.22433,37.34274],[-122.21865,37.34061],[-122.21766,37.33999],[-122.21712,37.33939],[-122.21702,37.33905],[-122.217,37.3384],[-122.21724,37.33596],[-122.21704,37.33535],[-122.21636,37.3349],[-122.21596,37.33441],[-122.2156,37.33371],[-122.21474,37.33293],[-122.21123,37.33091],[-122.21086,37.33055],[-122.20972,37.32885],[-122.20645,37.32618],[-122.20512,37.32486],[-122.20472,37.32461],[-122.20137,37.32326],[-122.20077,37.32294],[-122.19875,37.32158],[-122.19775,37.32066],[-122.19725,37.32036],[-122.1915,37.31848],[-122.19056,37.31804],[-122.18953,37.31727],[-122.18682,37.31454],[-122.18601,37.31402],[-122.18534,37.31378],[-122.18438,37.31367],[-122.18356,37.31376],[-122.18231,37.31417],[-122.18183,37.31417],[-122.18141,37.31405],[-122.18103,37.3138],[-122.18071,37.31292],[-122.18049,37.31263],[-122.17999,37.31239],[-122.1794,37.3124],[-122.17756,37.31293],[-122.17634,37.31291],[-122.1757,37.31271],[-122.16913,37.30974],[-122.16852,37.30942],[-122.16813,37.30902],[-122.16765,37.30789],[-122.16698,37.307],[-122.16619,37.30641],[-122.16357,37.30528],[-122.1632,37.305],[-122.16257,37.30425],[-122.16163,37.30217],[-122.16151,37.30159],[-122.16177,37.30095],[-122.16284,37.30015],[-122.16297,37.2999],[-122.16308,37.29913],[-122.16405,37.29837],[-122.16434,37.29798],[-122.16444,37.29763],[-122.16417,37.29649],[-122.16452,37.29542],[-122.16446,37.29492],[-122.16416,37.29445],[-122.16367,37.2941],[-122.15955,37.29304],[-122.15639,37.29177],[-122.1538,37.29004],[-122.15303,37.2893],[-122.15279,37.28876],[-122.15256,37.2876],[-122.15211,37.28458],[-122.15184,37.2839],[-122.15134,37.28322],[-122.15101,37.28296],[-122.14917,37.28186],[-122.14882,37.2813],[-122.14871,37.28091],[-122.14884,37.28004],[-122.14951,37.27903],[-122.14953,37.27855],[-122.14934,37.27799],[-122.14939,37.27763],[-122.14963,37.27732],[-122.15038,37.27672],[-122.15059,37.27634],[-122.15059,37.27592],[-122.15035,37.27549],[-122.14974,37.27513],[-122.14846,37.27503],[-122.14775,37.27471],[-122.14589,37.27196],[-122.14403,37.27011],[-122.14087,37.2692],[-122.13953,37.26856],[-122.13777,37.26669],[-122.13614,37.26588],[-122.13567,37.2655],[-122.13438,37.26293],[-122.134,37.26265],[-122.13299,37.26217],[-122.13225,37.26133],[-122.13125,37.26068],[-122.12865,37.25931],[-122.12821,37.25919],[-122.12763,37.25922],[-122.12693,37.2594],[-122.12558,37.25936],[-122.12442,37.2597],[-122.12377,37.25968],[-122.12191,37.25848],[-122.11996,37.25679],[-122.11888,37.25632],[-122.11826,37.25591],[-122.11786,37.25534],[-122.11754,37.25398],[-122.1171,37.25322],[-122.11414,37.25075],[-122.11286,37.2495],[-122.11004,37.24529],[-122.10757,37.24266],[-122.10618,37.24132],[-122.10526,37.24022],[-122.10488,37.2395],[-122.10474,37.23882],[-122.10473,37.23817],[-122.10523,37.23602],[-122.10513,37.23536],[-122.10481,37.23484],[-122.10417,37.23434],[-122.10346,37.23403],[-122.1003,37.23355]]]}},{"type":"Feature","properties":{"id":"la-honda","name":"La Honda Road \u00b7 Hwy 84","difficulty":2,"character":"Medium speed"},"geometry":{"type":"MultiLineString","coordinates":[[[-122.25512,37.42939],[-122.26565,37.42622],[-122.26662,37.42586],[-122.26843,37.42407],[-122.26839,37.42383],[-122.26753,37.42221],[-122.26752,37.42193],[-122.26777,37.42174],[-122.26902,37.42121],[-122.26936,37.42074],[-122.26946,37.4203],[-122.26927,37.41965],[-122.26768,37.41774],[-122.26629,37.41688],[-122.26517,37.41582],[-122.25715,37.40762],[-122.2565,37.40612],[-122.25671,37.4056],[-122.25637,37.40517],[-122.25635,37.40496],[-122.25668,37.40416],[-122.25702,37.4039],[-122.25751,37.40374],[-122.25811,37.40309],[-122.25841,37.40294],[-122.25874,37.40227],[-122.25965,37.40159],[-122.26041,37.40084],[-122.26108,37.39953],[-122.26149,37.39826],[-122.26133,37.39816],[-122.26112,37.39822],[-122.26059,37.3987],[-122.25946,37.40027],[-122.25807,37.4008],[-122.25755,37.40112],[-122.25684,37.40133],[-122.25668,37.4012],[-122.25662,37.40055],[-122.25586,37.39949],[-122.25588,37.39921],[-122.25617,37.3986],[-122.25613,37.39838],[-122.25582,37.39813],[-122.25505,37.39792]],[[-122.25504,37.39722],[-122.25655,37.39725],[-122.25809,37.39831],[-122.25845,37.39827],[-122.25869,37.39814],[-122.25881,37.39786],[-122.25868,37.3977],[-122.25801,37.39759],[-122.25712,37.39688],[-122.25717,37.39575],[-122.25738,37.39511],[-122.25673,37.39435],[-122.25648,37.39347],[-122.25653,37.39322],[-122.25716,37.39288],[-122.2575,37.39252],[-122.25781,37.3924],[-122.25933,37.39243],[-122.25997,37.39282],[-122.26074,37.39306],[-122.26229,37.39229],[-122.2622,37.39212],[-122.26168,37.39207],[-122.26114,37.39152],[-122.26115,37.39132],[-122.26165,37.39078],[-122.26148,37.39027],[-122.26166,37.39016],[-122.26283,37.38992],[-122.26375,37.38931],[-122.26383,37.38915],[-122.26348,37.38827],[-122.26234,37.38775],[-122.26246,37.38661],[-122.26134,37.38613],[-122.26136,37.38511],[-122.26162,37.38503],[-122.26187,37.38509],[-122.26327,37.38604],[-122.26407,37.38636],[-122.26464,37.38636],[-122.26544,37.38621],[-122.26659,37.38631],[-122.26711,37.38613],[-122.26736,37.38585],[-122.26732,37.38543],[-122.26712,37.38502],[-122.26642,37.38445],[-122.26552,37.38405],[-122.26503,37.38366],[-122.26507,37.38294],[-122.26438,37.38218],[-122.26467,37.38073],[-122.26494,37.3804],[-122.2648,37.37924],[-122.26519,37.37703],[-122.26554,37.37604],[-122.26547,37.37519],[-122.26538,37.37496],[-122.26507,37.37467],[-122.26485,37.37403],[-122.26435,37.37355],[-122.2645,37.37264],[-122.26437,37.37229],[-122.264,37.3721],[-122.26305,37.37206],[-122.26284,37.37187],[-122.26279,37.37162],[-122.26293,37.37139],[-122.26402,37.37051],[-122.26409,37.37],[-122.2636,37.36933],[-122.26364,37.36859],[-122.26347,37.36826],[-122.26297,37.36808],[-122.26248,37.36815],[-122.26207,37.36805],[-122.26175,37.36784],[-122.26163,37.36763],[-122.26164,37.36727],[-122.26184,37.36686],[-122.26294,37.36606],[-122.26312,37.36568],[-122.26247,37.36433],[-122.26218,37.36418],[-122.2613,37.36401],[-122.26045,37.36357],[-122.26028,37.36334],[-122.2602,37.3631],[-122.26027,37.36288],[-122.26101,37.3624],[-122.26114,37.36206],[-122.26102,37.36173],[-122.26044,37.36113],[-122.26035,37.36056],[-122.26068,37.35993],[-122.26155,37.35944],[-122.26224,37.35938],[-122.26342,37.35964],[-122.26395,37.3595],[-122.26466,37.3588],[-122.26528,37.35791],[-122.26603,37.35728],[-122.26635,37.35687],[-122.26639,37.35646],[-122.26624,37.35615],[-122.26439,37.3543],[-122.26425,37.35337],[-122.26438,37.35271],[-122.26431,37.35187],[-122.26445,37.35113],[-122.26483,37.35081],[-122.26562,37.35045],[-122.26596,37.34998],[-122.26656,37.34942],[-122.2667,37.34853],[-122.26623,37.34723],[-122.26638,37.34669],[-122.26676,37.34637],[-122.2672,37.34624],[-122.26756,37.34625],[-122.26871,37.34655],[-122.27002,37.34632],[-122.27155,37.34575],[-122.27197,37.34539],[-122.27224,37.34496],[-122.2723,37.34427],[-122.27192,37.3424],[-122.27042,37.34018],[-122.26997,37.33847],[-122.26933,37.33782],[-122.26936,37.33695],[-122.26888,37.33634],[-122.26895,37.33605],[-122.26942,37.33559],[-122.26954,37.33534],[-122.26914,37.33464],[-122.26916,37.33426],[-122.2697,37.33391],[-122.27118,37.33321],[-122.27135,37.33294],[-122.27051,37.33086],[-122.27029,37.33065],[-122.2696,37.33037],[-122.26944,37.33015],[-122.26939,37.32988],[-122.26958,37.32961],[-122.27071,37.32881],[-122.27113,37.32823],[-122.27123,37.32792],[-122.27097,37.3273],[-122.27117,37.32698],[-122.27214,37.32677],[-122.27291,37.32618],[-122.27318,37.32608],[-122.27394,37.32602],[-122.27423,37.32579],[-122.2742,37.32535],[-122.27322,37.32464],[-122.27302,37.32436],[-122.27297,37.32408],[-122.27314,37.32366],[-122.27434,37.32268],[-122.2746,37.32227],[-122.27431,37.31897],[-122.27441,37.31788],[-122.27488,37.31651],[-122.27454,37.31568],[-122.27451,37.31528],[-122.27479,37.31498],[-122.2757,37.31462],[-122.27597,37.31432],[-122.27597,37.31396],[-122.27538,37.31324],[-122.27542,37.31268],[-122.27692,37.31154],[-122.27794,37.31036],[-122.27834,37.31024],[-122.27878,37.31027],[-122.27967,37.31087],[-122.28001,37.311],[-122.28037,37.31101],[-122.28133,37.3108],[-122.28175,37.31088],[-122.28208,37.31126],[-122.28209,37.31207],[-122.28222,37.31237],[-122.28333,37.31325],[-122.28408,37.31353],[-122.28703,37.31349],[-122.28745,37.31338],[-122.28873,37.31243],[-122.28919,37.31235],[-122.28961,37.31243],[-122.29004,37.31277],[-122.29037,37.31333],[-122.29073,37.31419],[-122.29083,37.3149],[-122.2911,37.31523],[-122.29138,37.31536],[-122.29177,37.31536],[-122.29284,37.31473],[-122.29333,37.31459],[-122.29405,37.3147],[-122.29438,37.31494],[-122.29469,37.3156],[-122.29466,37.31781],[-122.29512,37.31839],[-122.29553,37.31849],[-122.29936,37.31792],[-122.29989,37.31764],[-122.30102,37.31675],[-122.30136,37.31661],[-122.30403,37.3165],[-122.30501,37.31632],[-122.30631,37.31572],[-122.30803,37.31441],[-122.30877,37.31396],[-122.30924,37.31379],[-122.31521,37.31237],[-122.31883,37.31183],[-122.32015,37.3119],[-122.32716,37.31368],[-122.32787,37.31393],[-122.32837,37.31427],[-122.32958,37.31559],[-122.33119,37.31639],[-122.33173,37.31677],[-122.33257,37.31813],[-122.33298,37.3185],[-122.33343,37.3187],[-122.33397,37.31879],[-122.33612,37.31866],[-122.33714,37.31899],[-122.34064,37.32182],[-122.34121,37.32203],[-122.34278,37.32225],[-122.3433,37.3225],[-122.34367,37.32287],[-122.34434,37.32407],[-122.34472,37.32452],[-122.34548,37.32513],[-122.34647,37.32561],[-122.3479,37.32589],[-122.35097,37.32579],[-122.35155,37.32585],[-122.35224,37.32613],[-122.35346,37.327],[-122.35443,37.32727],[-122.35784,37.32684],[-122.36351,37.32709],[-122.36407,37.32727],[-122.36458,37.3276],[-122.36576,37.32927],[-122.36645,37.32967],[-122.36691,37.32977],[-122.36742,37.32975],[-122.36999,37.32925],[-122.37154,37.32929],[-122.37245,37.3295],[-122.37813,37.33147],[-122.37873,37.3316],[-122.3796,37.33154],[-122.38231,37.33072],[-122.38293,37.33024],[-122.38388,37.32873],[-122.38498,37.32759],[-122.38542,37.32725],[-122.38612,37.32696],[-122.38909,37.32618],[-122.39168,37.32489],[-122.39303,37.32469],[-122.39947,37.32448],[-122.39989,37.32454]]]}},{"type":"Feature","properties":{"id":"kings","name":"Kings Mountain Road","difficulty":3,"character":"Technical"},"geometry":{"type":"MultiLineString","coordinates":[[[-122.26621,37.42605],[-122.26922,37.42764],[-122.27158,37.42954],[-122.27408,37.43073],[-122.27656,37.43073],[-122.28,37.43001],[-122.28033,37.43004],[-122.28071,37.43017],[-122.28085,37.43033],[-122.28218,37.43236],[-122.28267,37.4324],[-122.28345,37.43222],[-122.28359,37.43271],[-122.28467,37.43316],[-122.28535,37.43308],[-122.28589,37.43314],[-122.28653,37.43341],[-122.28715,37.43322],[-122.28796,37.43273],[-122.28839,37.4323],[-122.28912,37.43187],[-122.28979,37.4303],[-122.29005,37.43011],[-122.29019,37.43014],[-122.29052,37.43148],[-122.29089,37.43213],[-122.29114,37.43231],[-122.29156,37.43244],[-122.29176,37.43274],[-122.29163,37.43305],[-122.29106,37.43337],[-122.29098,37.43364],[-122.29106,37.43501],[-122.29139,37.43562],[-122.29146,37.43611],[-122.2931,37.43752],[-122.29408,37.43785],[-122.29428,37.43784],[-122.29433,37.43771],[-122.29395,37.43749],[-122.29381,37.43726],[-122.29326,37.43595],[-122.29292,37.43474],[-122.29294,37.43445],[-122.29321,37.43405],[-122.29368,37.43383],[-122.29421,37.43325],[-122.2942,37.43297],[-122.29387,37.43245],[-122.29399,37.43097],[-122.29391,37.43068],[-122.29418,37.43077],[-122.29419,37.43142],[-122.2945,37.43174],[-122.29468,37.43217],[-122.29509,37.43221],[-122.29603,37.432],[-122.29615,37.43209],[-122.2957,37.43246],[-122.29587,37.43272],[-122.29686,37.43308],[-122.2972,37.43311],[-122.29784,37.43348],[-122.2982,37.43349],[-122.29864,37.43332],[-122.29875,37.43318],[-122.29875,37.43285],[-122.29819,37.43243],[-122.29904,37.4317],[-122.29934,37.43116],[-122.299,37.42977],[-122.29865,37.429],[-122.2988,37.42867],[-122.29854,37.42838],[-122.29868,37.42807],[-122.2984,37.42774],[-122.29898,37.42663],[-122.2992,37.42664],[-122.29915,37.42713],[-122.29953,37.42761],[-122.29969,37.42806],[-122.30016,37.42839],[-122.30064,37.42892],[-122.30105,37.42888],[-122.30136,37.42922],[-122.30161,37.42924],[-122.30241,37.42879],[-122.303,37.42825],[-122.30336,37.42823],[-122.30395,37.42846],[-122.30398,37.42831],[-122.30373,37.42795],[-122.30382,37.42776],[-122.30481,37.42754],[-122.30538,37.42724],[-122.30642,37.42611],[-122.30679,37.42592],[-122.30755,37.42595],[-122.30861,37.42569],[-122.31066,37.42575],[-122.3112,37.42558],[-122.31179,37.42557],[-122.31352,37.42498],[-122.3139,37.42495]]]}},{"type":"Feature","properties":{"id":"tunitas","name":"Tunitas Creek Road","difficulty":3,"character":"Technical"},"geometry":{"type":"MultiLineString","coordinates":[[[-122.39764,37.35881],[-122.3945,37.35931],[-122.39295,37.35994],[-122.39257,37.3602],[-122.39148,37.36136],[-122.38935,37.36465],[-122.3881,37.36532],[-122.38496,37.36857],[-122.38233,37.37027],[-122.38075,37.37238],[-122.37872,37.37401],[-122.37778,37.37488],[-122.37713,37.37529],[-122.37581,37.37558],[-122.37454,37.37658],[-122.37441,37.37696],[-122.37446,37.37814],[-122.3749,37.37913],[-122.37463,37.3794],[-122.37457,37.37963],[-122.37463,37.38067],[-122.37365,37.38219],[-122.37347,37.38327],[-122.37322,37.38365],[-122.37308,37.38421],[-122.37307,37.3849],[-122.37264,37.38585],[-122.37256,37.38642],[-122.37217,37.38695],[-122.37209,37.38769],[-122.37174,37.38801],[-122.3717,37.38854],[-122.3712,37.38936],[-122.37097,37.3896],[-122.36975,37.39013],[-122.3695,37.3908],[-122.36912,37.39108],[-122.36876,37.39118],[-122.36817,37.39118],[-122.36789,37.39132],[-122.36789,37.39173],[-122.36762,37.39228],[-122.36716,37.39268],[-122.36713,37.39307],[-122.3673,37.39337],[-122.36702,37.39417],[-122.36669,37.3946],[-122.3663,37.39484],[-122.3662,37.39537],[-122.36603,37.39548],[-122.36533,37.39561],[-122.36505,37.39581],[-122.36508,37.39632],[-122.3649,37.39661],[-122.36503,37.39692],[-122.36496,37.39716],[-122.36446,37.39753],[-122.36397,37.39821],[-122.36371,37.39876],[-122.36326,37.39916],[-122.36252,37.40024],[-122.36219,37.40048],[-122.36171,37.40066],[-122.361,37.40127],[-122.3606,37.40232],[-122.36029,37.40268],[-122.35966,37.40311],[-122.35934,37.40365],[-122.35827,37.40433],[-122.35802,37.40476],[-122.35712,37.40495],[-122.35641,37.40496],[-122.35559,37.40518],[-122.3546,37.40593],[-122.3542,37.40607],[-122.35323,37.40615],[-122.35255,37.407],[-122.35183,37.40759],[-122.35121,37.40789],[-122.35093,37.40814],[-122.35075,37.40871],[-122.35102,37.40935],[-122.35069,37.41139],[-122.35115,37.41296],[-122.35161,37.41326],[-122.35155,37.41337],[-122.35108,37.41355],[-122.35097,37.41405],[-122.35116,37.41448],[-122.35064,37.41481],[-122.35178,37.416],[-122.35277,37.41668],[-122.35282,37.41681],[-122.35273,37.41687],[-122.3515,37.41671],[-122.35074,37.41641],[-122.35058,37.41643],[-122.35049,37.41765],[-122.35071,37.41796],[-122.35121,37.41811],[-122.35167,37.41892],[-122.3515,37.41904],[-122.35115,37.41897],[-122.35092,37.41901],[-122.35077,37.41932],[-122.35084,37.41969],[-122.3506,37.41998],[-122.3502,37.42001],[-122.34987,37.41956],[-122.34946,37.41951],[-122.34903,37.41915],[-122.34882,37.41909],[-122.34829,37.41927],[-122.34822,37.41985],[-122.34811,37.42],[-122.34757,37.42016],[-122.34705,37.41996],[-122.3467,37.42023],[-122.34671,37.42085],[-122.347,37.42164],[-122.34735,37.42178],[-122.34835,37.42167],[-122.34891,37.42193],[-122.34846,37.42245],[-122.34806,37.42342],[-122.34785,37.42351],[-122.34685,37.42358],[-122.34639,37.42382],[-122.34614,37.42377],[-122.34511,37.42329],[-122.34448,37.42323],[-122.34384,37.42224],[-122.34357,37.42206],[-122.34334,37.42217],[-122.343,37.42276],[-122.34234,37.42306],[-122.34182,37.42304],[-122.34132,37.42268],[-122.34109,37.42262],[-122.34065,37.42281],[-122.33996,37.4227],[-122.33925,37.42286],[-122.33875,37.42283],[-122.3385,37.42273],[-122.33769,37.42199],[-122.33674,37.42187],[-122.33557,37.42143],[-122.33496,37.42105],[-122.33325,37.42105],[-122.33246,37.42075],[-122.33209,37.42099],[-122.33188,37.42099],[-122.3317,37.42055],[-122.33154,37.42043],[-122.33106,37.42044],[-122.33019,37.42005],[-122.33003,37.42018],[-122.33008,37.42091],[-122.32997,37.42109],[-122.32895,37.42116],[-122.3283,37.42147],[-122.32835,37.42177],[-122.32874,37.42213],[-122.32896,37.42252],[-122.32903,37.42269],[-122.32894,37.42286],[-122.32869,37.4229],[-122.32829,37.42278],[-122.32761,37.42237],[-122.32724,37.42198],[-122.32682,37.42171],[-122.32636,37.42151],[-122.32596,37.42149],[-122.32567,37.42191],[-122.32559,37.42254],[-122.32535,37.42306],[-122.32534,37.42352],[-122.32521,37.42359],[-122.32459,37.42321],[-122.32409,37.4226],[-122.32349,37.42223],[-122.32321,37.4215],[-122.32223,37.42149],[-122.32183,37.42126],[-122.32157,37.42027],[-122.32103,37.41995],[-122.32038,37.42005],[-122.32026,37.42018],[-122.32043,37.42074],[-122.32009,37.4212],[-122.3201,37.42142],[-122.32034,37.42197],[-122.32039,37.42257],[-122.32072,37.42303],[-122.32079,37.42381],[-122.3206,37.42415],[-122.32014,37.42437]]]}},{"type":"Feature","properties":{"id":"old-la-honda","name":"Old La Honda Road","difficulty":3,"character":"Technical"},"geometry":{"type":"MultiLineString","coordinates":[[[-122.24896,37.38996],[-122.24939,37.38916],[-122.24911,37.38882],[-122.24899,37.38833],[-122.24867,37.3881],[-122.24864,37.38772],[-122.24868,37.38761],[-122.24908,37.38738],[-122.24914,37.38723],[-122.24895,37.38709],[-122.24808,37.38683],[-122.24805,37.38664],[-122.24868,37.38601],[-122.24862,37.38536],[-122.24818,37.38494],[-122.24841,37.38424],[-122.248,37.38386],[-122.24813,37.3836],[-122.24842,37.38343],[-122.2492,37.38335],[-122.24943,37.38324],[-122.2495,37.3831],[-122.24941,37.38262],[-122.24969,37.38212],[-122.25002,37.3818],[-122.25046,37.38164],[-122.25111,37.38162],[-122.25204,37.38115],[-122.25282,37.38122],[-122.25324,37.3816],[-122.25384,37.3818],[-122.25405,37.38204],[-122.25398,37.3827],[-122.2542,37.38293],[-122.25445,37.38289],[-122.25491,37.38262],[-122.25567,37.38242],[-122.25578,37.3823],[-122.25563,37.38192],[-122.2551,37.38169],[-122.2548,37.38141],[-122.25458,37.38087],[-122.25428,37.38063],[-122.25417,37.38008],[-122.25386,37.37967],[-122.25349,37.37949],[-122.2527,37.37931],[-122.25186,37.37888],[-122.25186,37.37826],[-122.25156,37.37681],[-122.25343,37.37542],[-122.25384,37.37439],[-122.25368,37.37386],[-122.25386,37.3734],[-122.25372,37.37282],[-122.25356,37.37264],[-122.25279,37.37226],[-122.25249,37.37178],[-122.25258,37.37155],[-122.25286,37.37127],[-122.25342,37.37105],[-122.25357,37.37049],[-122.25414,37.37047],[-122.25445,37.37024],[-122.2546,37.36974],[-122.25536,37.36959],[-122.25633,37.36887],[-122.25643,37.36867],[-122.25611,37.36805],[-122.25613,37.36784],[-122.25656,37.36746],[-122.25725,37.36722],[-122.25744,37.367],[-122.25757,37.36663],[-122.25745,37.36559],[-122.25731,37.36519],[-122.25666,37.36513],[-122.25646,37.36502],[-122.25655,37.36463],[-122.25697,37.36404],[-122.2567,37.36381],[-122.25673,37.36343],[-122.25649,37.36299],[-122.25567,37.36292],[-122.2548,37.36303],[-122.25465,37.36313],[-122.25452,37.36352],[-122.25433,37.3636],[-122.2542,37.36332],[-122.25386,37.36307],[-122.25343,37.36298],[-122.25285,37.36315],[-122.25203,37.36303],[-122.25205,37.36291],[-122.25268,37.36256],[-122.25307,37.36246],[-122.25305,37.36211],[-122.25318,37.36189],[-122.25437,37.36099],[-122.25432,37.36082],[-122.25376,37.36031],[-122.2531,37.3601],[-122.25304,37.35999],[-122.2535,37.35968],[-122.25445,37.35952],[-122.25658,37.36057],[-122.25705,37.36066],[-122.25831,37.36134],[-122.25878,37.36147],[-122.25898,37.36143],[-122.25934,37.3612],[-122.25948,37.36086],[-122.25917,37.36019],[-122.25996,37.35997],[-122.26012,37.35906],[-122.26048,37.35846],[-122.26071,37.35841],[-122.26114,37.35857],[-122.26185,37.35861],[-122.26259,37.35914],[-122.26309,37.35932],[-122.26364,37.35907],[-122.26393,37.35882],[-122.26419,37.35837],[-122.26421,37.35782],[-122.26431,37.35767],[-122.2645,37.3576],[-122.26531,37.35764],[-122.26588,37.35722],[-122.26613,37.35718]],[[-122.24464,37.38991],[-122.2447,37.38923],[-122.24454,37.38884],[-122.24481,37.38865],[-122.24486,37.38849],[-122.24446,37.3883],[-122.24435,37.38814],[-122.24441,37.38806],[-122.24518,37.38819],[-122.24592,37.38913],[-122.24652,37.38958]]]}},{"type":"Feature","properties":{"id":"stage","name":"Stage Road","difficulty":2,"character":"Low speed"},"geometry":{"type":"MultiLineString","coordinates":[[[-122.39418,37.33762],[-122.39239,37.33794],[-122.39185,37.33841],[-122.39165,37.33842],[-122.39149,37.33831],[-122.39152,37.33684],[-122.39135,37.33606],[-122.38998,37.3344],[-122.38983,37.33411],[-122.39009,37.33331],[-122.39041,37.33332],[-122.3907,37.33363],[-122.39094,37.33354],[-122.39077,37.33272],[-122.39041,37.33216],[-122.38945,37.33105],[-122.38854,37.33046],[-122.38731,37.32943],[-122.38683,37.32845],[-122.38645,37.32661],[-122.38643,37.32577],[-122.38656,37.32544],[-122.38855,37.32379],[-122.38836,37.32315],[-122.3878,37.32214],[-122.38731,37.32152],[-122.38728,37.32125],[-122.38766,37.32079],[-122.38771,37.32029],[-122.38881,37.31977],[-122.38916,37.3192],[-122.38996,37.31913],[-122.3904,37.3187],[-122.39095,37.31842],[-122.39103,37.31812],[-122.39069,37.31751],[-122.39114,37.31718],[-122.39112,37.31702],[-122.39068,37.31662],[-122.39038,37.31612],[-122.38961,37.31522],[-122.38827,37.31436],[-122.38733,37.3141],[-122.38687,37.31387],[-122.38547,37.31374],[-122.3852,37.31361],[-122.3854,37.31291],[-122.38508,37.31231],[-122.38511,37.3122],[-122.38537,37.31213],[-122.38587,37.31232],[-122.38614,37.31231],[-122.38683,37.31186],[-122.38696,37.31162],[-122.38675,37.31075],[-122.3865,37.3102],[-122.3862,37.31004],[-122.38557,37.30992],[-122.38507,37.30963],[-122.38521,37.30918],[-122.3858,37.30908],[-122.38598,37.30891],[-122.38624,37.30845],[-122.38643,37.30758],[-122.38638,37.30737],[-122.38621,37.30721],[-122.38519,37.3069],[-122.38489,37.3064],[-122.38523,37.30592],[-122.38539,37.30548],[-122.38604,37.3052],[-122.38598,37.30472],[-122.38443,37.3035],[-122.38428,37.30347],[-122.38394,37.30365],[-122.3839,37.30416],[-122.38362,37.30459],[-122.38332,37.30462],[-122.38325,37.30396],[-122.38248,37.30294],[-122.38208,37.30286],[-122.38102,37.30319],[-122.38055,37.30305],[-122.3803,37.30278],[-122.38027,37.30246],[-122.3804,37.30224],[-122.38174,37.30127],[-122.38284,37.30002],[-122.38331,37.29982],[-122.38384,37.30012],[-122.38438,37.29993],[-122.38442,37.29961],[-122.3843,37.2992],[-122.38444,37.2985],[-122.38393,37.29726],[-122.38416,37.29705],[-122.38487,37.29709],[-122.38516,37.29695],[-122.38551,37.29616],[-122.38603,37.29559],[-122.38636,37.29538],[-122.38642,37.29522],[-122.38618,37.29514],[-122.38462,37.29631],[-122.38362,37.29619],[-122.38274,37.29576],[-122.38262,37.29557],[-122.38267,37.29507],[-122.38258,37.29486],[-122.38208,37.29418],[-122.38159,37.29382],[-122.38129,37.29316],[-122.38139,37.29254],[-122.38106,37.29155],[-122.38063,37.29115],[-122.38014,37.29092],[-122.37983,37.29024],[-122.37986,37.29006],[-122.38033,37.28976],[-122.3805,37.28943],[-122.38016,37.28872],[-122.37978,37.28838],[-122.37948,37.2883],[-122.37868,37.28865],[-122.37788,37.28856],[-122.37743,37.28819],[-122.37737,37.28794],[-122.37752,37.2874],[-122.37776,37.28707],[-122.37774,37.28689],[-122.37662,37.28622],[-122.37602,37.28619],[-122.37577,37.28609],[-122.37557,37.28576],[-122.37561,37.28558],[-122.37599,37.28534],[-122.37626,37.285],[-122.37651,37.28404],[-122.37691,37.28337],[-122.37673,37.28224],[-122.37605,37.28116],[-122.37611,37.28088],[-122.38149,37.2782],[-122.38235,37.27756],[-122.38429,37.27443],[-122.38513,37.27356],[-122.38555,37.27264],[-122.38562,37.27188],[-122.38553,37.27102],[-122.38591,37.26891],[-122.38549,37.26766],[-122.38533,37.26677],[-122.38469,37.26148],[-122.38394,37.25957],[-122.38379,37.25859],[-122.3833,37.25734],[-122.38312,37.25292],[-122.38248,37.24929]]]}},{"type":"Feature","properties":{"id":"highway-1-coast","name":"Highway 1 \u00b7 Coastside","difficulty":1,"character":"High speed"},"geometry":{"type":"MultiLineString","coordinates":[[[-122.51536,37.56954],[-122.51569,37.56995],[-122.51593,37.57059],[-122.51593,37.57128],[-122.51573,37.57187],[-122.5092,37.58382],[-122.50878,37.58429],[-122.50831,37.58463],[-122.50766,37.58491],[-122.50698,37.58505],[-122.50811,37.58458],[-122.50886,37.58385],[-122.51556,37.57163],[-122.51578,37.57105],[-122.51578,37.57048],[-122.51562,37.56997],[-122.51389,37.56768],[-122.5126,37.56455],[-122.51266,37.56363],[-122.51342,37.56258],[-122.51363,37.56204],[-122.51355,37.56163],[-122.51311,37.5607],[-122.51313,37.56018],[-122.51339,37.55977],[-122.51446,37.55898],[-122.51463,37.55846],[-122.51439,37.55785],[-122.51344,37.55709],[-122.51298,37.55636],[-122.51213,37.55184],[-122.51189,37.54999],[-122.51209,37.54876],[-122.51248,37.54784],[-122.51596,37.54259],[-122.51771,37.53657],[-122.51791,37.5353],[-122.5178,37.53371],[-122.51742,37.53241],[-122.51646,37.53068],[-122.51551,37.52961],[-122.50911,37.52314],[-122.50705,37.52141],[-122.5056,37.52048],[-122.49447,37.51449],[-122.48423,37.50697],[-122.48275,37.50601],[-122.48121,37.50522],[-122.47807,37.50389],[-122.45568,37.49524],[-122.45488,37.4948],[-122.45393,37.4941],[-122.453,37.49305],[-122.44535,37.48202],[-122.43629,37.4733],[-122.43425,37.47087],[-122.43376,37.46971],[-122.43359,37.46848],[-122.43437,37.46316],[-122.43457,37.46031],[-122.4345,37.45944],[-122.43408,37.4582],[-122.43127,37.45316],[-122.43046,37.45131],[-122.42934,37.44929],[-122.4288,37.44774],[-122.42895,37.44874],[-122.42925,37.44954],[-122.43127,37.45316]],[[-122.4288,37.44774],[-122.42674,37.43238],[-122.42634,37.42411],[-122.42608,37.4227],[-122.42553,37.42086],[-122.41916,37.40131],[-122.41852,37.39989],[-122.41792,37.399],[-122.41696,37.39796],[-122.40716,37.38925],[-122.40624,37.3882],[-122.40562,37.38709],[-122.40487,37.38457],[-122.40453,37.38298],[-122.40432,37.37965],[-122.40376,37.37434],[-122.40389,37.37346],[-122.40464,37.37173],[-122.40488,37.37071],[-122.40483,37.36739],[-122.40472,37.3664],[-122.40415,37.36505],[-122.40347,37.36416],[-122.39957,37.36034],[-122.39786,37.35905],[-122.39716,37.358],[-122.39697,37.35707],[-122.39713,37.35614],[-122.39836,37.35422],[-122.39867,37.35345],[-122.39873,37.35289],[-122.39862,37.35114],[-122.39835,37.35041],[-122.39748,37.34894],[-122.39696,37.34703],[-122.39669,37.34641],[-122.39617,37.34563],[-122.39508,37.34441],[-122.39475,37.34382],[-122.39457,37.34277],[-122.39494,37.34112],[-122.39488,37.34003],[-122.39283,37.33308],[-122.39243,37.33246],[-122.39143,37.33134],[-122.39121,37.33078],[-122.39126,37.33018],[-122.39149,37.32973],[-122.39186,37.32935],[-122.39236,37.32907],[-122.39329,37.32887],[-122.39494,37.32907],[-122.39558,37.32904],[-122.39661,37.32871],[-122.39732,37.32818],[-122.40007,37.32428],[-122.40091,37.32294],[-122.4018,37.32127],[-122.4028,37.31866],[-122.40332,37.31632],[-122.40457,37.30703],[-122.40471,37.29866],[-122.40507,37.29748],[-122.40609,37.2956],[-122.40639,37.29439],[-122.4064,37.29377],[-122.40622,37.29292],[-122.40477,37.28901],[-122.40465,37.28813],[-122.40472,37.28708],[-122.40518,37.28581],[-122.40731,37.28264],[-122.40797,37.28108],[-122.40823,37.27967],[-122.40813,37.27687],[-122.40822,37.2758],[-122.4097,37.26991],[-122.41021,37.2685],[-122.41119,37.26684],[-122.412,37.26507],[-122.41405,37.25584],[-122.41446,37.25446],[-122.417,37.24903],[-122.41734,37.24808],[-122.41767,37.24649],[-122.41802,37.24216],[-122.41791,37.24119],[-122.41755,37.2402],[-122.41712,37.23947],[-122.41597,37.23798],[-122.41559,37.23725],[-122.41503,37.23441],[-122.41429,37.23277],[-122.40731,37.2244],[-122.40683,37.2237],[-122.40649,37.22297],[-122.40615,37.22137],[-122.4063,37.21574],[-122.40604,37.21382],[-122.40555,37.21244],[-122.40109,37.20282],[-122.40087,37.20184],[-122.40057,37.19811],[-122.40005,37.19638],[-122.39941,37.19525],[-122.39834,37.19378],[-122.39229,37.1859],[-122.39169,37.18532],[-122.39102,37.18486],[-122.38958,37.18431],[-122.38858,37.18415],[-122.38304,37.18361],[-122.38138,37.18325],[-122.37964,37.18268],[-122.37828,37.18205],[-122.37206,37.17867],[-122.36599,37.17533],[-122.36512,37.17477],[-122.36424,37.1739],[-122.36359,37.17289],[-122.36047,37.16504],[-122.3595,37.1632],[-122.35584,37.15785],[-122.35472,37.15642],[-122.34988,37.1512],[-122.34825,37.14986],[-122.34661,37.14901],[-122.34448,37.14823],[-122.32322,37.1412],[-122.32214,37.1407],[-122.32115,37.13999],[-122.31973,37.13855],[-122.3132,37.13146],[-122.31051,37.12831],[-122.30612,37.12138],[-122.30352,37.11639],[-122.3028,37.11539],[-122.30226,37.11487],[-122.30144,37.11427],[-122.29829,37.11253],[-122.29669,37.1115],[-122.29427,37.10899],[-122.29357,37.10838],[-122.29023,37.10588],[-122.28558,37.10273],[-122.28447,37.10157],[-122.28344,37.1],[-122.28206,37.09865],[-122.28065,37.09763],[-122.27844,37.09654],[-122.2776,37.09602],[-122.27523,37.09379],[-122.27466,37.09305],[-122.27424,37.09225],[-122.27362,37.08969],[-122.27289,37.08834],[-122.27207,37.08746],[-122.2696,37.0856],[-122.26839,37.08453],[-122.26376,37.0791],[-122.26316,37.07819],[-122.26143,37.07497],[-122.25861,37.07147],[-122.25598,37.06799],[-122.25238,37.06258],[-122.25168,37.06168],[-122.25061,37.0606],[-122.24689,37.05733],[-122.24246,37.05251],[-122.22807,37.03974],[-122.22754,37.0391],[-122.227,37.0382],[-122.22638,37.0362],[-122.226,37.03536],[-122.22553,37.03468],[-122.22495,37.03405],[-122.22401,37.03334],[-122.21619,37.02846],[-122.21444,37.0272],[-122.21315,37.02601],[-122.20792,37.02067],[-122.20049,37.01414],[-122.1959,37.01157],[-122.18954,37.00858],[-122.18786,37.00763],[-122.18557,37.00587],[-122.17959,37.00019],[-122.17783,36.99869],[-122.1761,36.99758],[-122.168,36.99302],[-122.16393,36.99095],[-122.15032,36.98471],[-122.14916,36.98435],[-122.14669,36.984],[-122.14565,36.98372],[-122.14065,36.98132],[-122.1353,36.97827],[-122.13198,36.97575],[-122.12624,36.97165],[-122.125,36.97095],[-122.12339,36.97051],[-122.12002,36.97031],[-122.11834,36.96996],[-122.11213,36.96733],[-122.10617,36.96525],[-122.10349,36.9637],[-122.10227,36.96316],[-122.10131,36.96288],[-122.09544,36.96157],[-122.09368,36.96135],[-122.09176,36.96139],[-122.08777,36.96193],[-122.08385,36.96219],[-122.07332,36.9621],[-122.07082,36.96199],[-122.05074,36.96041],[-122.04939,36.96065],[-122.04503,36.96211],[-122.04387,36.96259],[-122.04041,36.96656],[-122.03844,36.96792],[-122.03394,36.97484],[-122.0318,36.97682],[-122.03172,36.97856],[-122.0323,36.98085],[-122.03224,36.98188],[-122.03198,36.9825],[-122.03147,36.98315],[-122.03063,36.98384],[-122.02969,36.98436]],[[-122.50698,37.58505],[-122.50479,37.58555],[-122.5044,37.58585],[-122.50422,37.58622],[-122.50432,37.58672],[-122.50521,37.58773],[-122.50537,37.58832],[-122.50515,37.58881],[-122.50408,37.58985],[-122.5039,37.59051],[-122.50413,37.591],[-122.50576,37.59296],[-122.50589,37.59351],[-122.50576,37.59403],[-122.50549,37.59438],[-122.50103,37.5986],[-122.49876,37.60099],[-122.49841,37.60172],[-122.49829,37.60236],[-122.4986,37.60442],[-122.49859,37.60519],[-122.49833,37.60607],[-122.49784,37.60689],[-122.4968,37.60786],[-122.4937,37.60982]],[[-122.43442,37.4619],[-122.43342,37.46797],[-122.43342,37.46916],[-122.43374,37.47029],[-122.43432,37.47131],[-122.43629,37.4733]],[[-122.03228,36.97662],[-122.03268,36.97627],[-122.03316,36.97562]],[[-122.50103,37.5986],[-122.49896,37.60054],[-122.49833,37.60158],[-122.49817,37.60272],[-122.49846,37.60424],[-122.49848,37.60501],[-122.49827,37.60591],[-122.49789,37.60663],[-122.4969,37.60765],[-122.49338,37.60992]],[[-122.05074,36.96041],[-122.05022,36.96037],[-122.04951,36.96049],[-122.04745,36.96126]],[[-122.02972,36.98456],[-122.03069,36.98401],[-122.03139,36.98345],[-122.03203,36.9827],[-122.03238,36.98197],[-122.03245,36.9808],[-122.03186,36.9785],[-122.03194,36.97684]]]}},{"type":"Feature","properties":{"id":"bear-creek","name":"Bear Creek Road","difficulty":3,"character":"Technical"},"geometry":{"type":"MultiLineString","coordinates":[[[-122.12302,37.12848],[-122.12108,37.12853],[-122.12032,37.12877],[-122.11943,37.12881],[-122.11865,37.12862],[-122.11656,37.12839],[-122.11579,37.12867],[-122.11338,37.12925],[-122.1129,37.12946],[-122.109,37.13218],[-122.10777,37.13268],[-122.10688,37.13274],[-122.10541,37.13242],[-122.10455,37.13248],[-122.10367,37.1328],[-122.10248,37.13343],[-122.10207,37.13376],[-122.10164,37.13481],[-122.10084,37.13571],[-122.10049,37.13674],[-122.09997,37.13733],[-122.09921,37.13758],[-122.09654,37.13777],[-122.09592,37.13793],[-122.09555,37.13813],[-122.09492,37.13871],[-122.09439,37.1399],[-122.09369,37.14086],[-122.09299,37.14123],[-122.09132,37.14149],[-122.09104,37.14169],[-122.09069,37.14214],[-122.09071,37.14293],[-122.0905,37.14347],[-122.08955,37.14421],[-122.08814,37.1448],[-122.08782,37.14517],[-122.08771,37.14584],[-122.08816,37.14677],[-122.08816,37.14712],[-122.08767,37.14828],[-122.08695,37.14917],[-122.08661,37.14949],[-122.08513,37.15044],[-122.08445,37.15117],[-122.08295,37.1518],[-122.08257,37.15205],[-122.08233,37.15236],[-122.08223,37.15289],[-122.08268,37.15451],[-122.0823,37.15553],[-122.08157,37.15679],[-122.08152,37.15711],[-122.08178,37.15788],[-122.08162,37.15851],[-122.08169,37.15889],[-122.08269,37.1606],[-122.08269,37.16082],[-122.08245,37.16127],[-122.08201,37.16166],[-122.08146,37.16188],[-122.08079,37.16188],[-122.08026,37.16171],[-122.07976,37.16166],[-122.07916,37.1618],[-122.07867,37.16209],[-122.07835,37.16256],[-122.07747,37.16305],[-122.07707,37.16374],[-122.07666,37.16411],[-122.07542,37.1649],[-122.07452,37.16507],[-122.074,37.16541],[-122.07387,37.16606],[-122.07394,37.16682],[-122.07452,37.16844],[-122.07465,37.16913],[-122.07435,37.16954],[-122.07367,37.16981],[-122.0727,37.17],[-122.07072,37.16994],[-122.07036,37.16989],[-122.06951,37.16959],[-122.06926,37.1696],[-122.06904,37.16972],[-122.06897,37.17],[-122.06906,37.17021],[-122.07001,37.17088],[-122.07254,37.1715],[-122.07269,37.17189],[-122.07249,37.17224],[-122.07237,37.17275],[-122.07221,37.1729],[-122.07175,37.17297],[-122.07111,37.17333],[-122.07056,37.1734],[-122.07022,37.17356],[-122.06991,37.17396],[-122.06988,37.17454],[-122.06976,37.1747],[-122.06954,37.17478],[-122.06859,37.17463],[-122.06749,37.17425],[-122.06691,37.17439],[-122.06562,37.17434],[-122.06526,37.17444],[-122.06513,37.17454],[-122.06511,37.17477],[-122.06562,37.17531],[-122.06583,37.17584],[-122.06614,37.17617],[-122.06606,37.17648],[-122.06543,37.17692],[-122.06487,37.17698],[-122.06409,37.17659],[-122.0635,37.17642],[-122.06322,37.17651],[-122.06295,37.17709],[-122.0626,37.17743],[-122.06232,37.17754],[-122.062,37.17749],[-122.06178,37.17717],[-122.06177,37.17652],[-122.06194,37.17603],[-122.06188,37.17584],[-122.06047,37.175],[-122.05993,37.17433],[-122.05973,37.17385],[-122.05914,37.17343],[-122.05894,37.17312],[-122.05856,37.17307],[-122.05776,37.17335],[-122.05749,37.17368],[-122.05734,37.17373],[-122.05708,37.17368],[-122.05679,37.17347],[-122.0564,37.17245],[-122.05642,37.17204],[-122.05663,37.17136],[-122.05659,37.17121],[-122.05636,37.17104],[-122.05552,37.17089],[-122.05391,37.17092],[-122.05294,37.17067],[-122.0525,37.17065],[-122.05199,37.17082],[-122.05154,37.17133],[-122.05116,37.17134],[-122.05102,37.17121],[-122.05104,37.17096],[-122.05212,37.17037],[-122.05269,37.17022],[-122.05288,37.17001],[-122.05288,37.16979],[-122.05276,37.1696],[-122.05219,37.16935],[-122.05208,37.16923],[-122.05202,37.16886],[-122.05173,37.16862],[-122.05134,37.16862],[-122.05077,37.16886],[-122.0504,37.16872],[-122.05028,37.16847],[-122.05044,37.16763],[-122.05012,37.16732],[-122.04923,37.16731],[-122.04869,37.16777],[-122.04789,37.1679],[-122.04731,37.16823],[-122.04702,37.16828],[-122.04681,37.16816],[-122.04657,37.16771],[-122.04625,37.16743],[-122.04548,37.16706],[-122.04517,37.16703],[-122.04434,37.16741],[-122.0438,37.16754],[-122.04255,37.16734],[-122.04211,37.16756],[-122.04161,37.16811],[-122.0411,37.16829],[-122.04035,37.16797],[-122.03954,37.16792],[-122.03821,37.16757],[-122.0374,37.16761],[-122.03626,37.16732],[-122.0352,37.16731],[-122.03458,37.16749],[-122.03396,37.16739],[-122.0332,37.16748],[-122.03198,37.16715],[-122.0308,37.16623],[-122.03026,37.16603],[-122.02984,37.16607],[-122.02884,37.16639],[-122.02706,37.16646],[-122.02628,37.1668],[-122.02536,37.16684],[-122.02498,37.16678],[-122.02411,37.16636],[-122.02361,37.16641],[-122.02329,37.16618],[-122.02295,37.16617],[-122.02275,37.16625],[-122.02203,37.16694],[-122.02139,37.1668],[-122.02118,37.16642],[-122.02046,37.16642],[-122.01976,37.16589],[-122.01809,37.16587],[-122.01738,37.16556],[-122.01711,37.1651],[-122.01691,37.16506],[-122.01659,37.16522],[-122.01586,37.16583],[-122.01638,37.16665],[-122.01689,37.16693],[-122.01703,37.16714],[-122.01699,37.16759],[-122.01667,37.16788],[-122.01664,37.16829],[-122.01644,37.1686],[-122.0164,37.16903],[-122.01606,37.16985],[-122.01624,37.17019],[-122.0162,37.17038],[-122.01549,37.17097],[-122.01465,37.17126],[-122.01455,37.17175],[-122.01393,37.17198],[-122.01359,37.17245],[-122.0131,37.17257],[-122.01236,37.17248],[-122.01192,37.17286],[-122.01179,37.17355],[-122.01134,37.17418],[-122.0112,37.1749],[-122.01054,37.17544],[-122.01055,37.1761],[-122.01035,37.17669],[-122.0099,37.17724],[-122.01022,37.17803],[-122.01014,37.17827],[-122.00981,37.17839],[-122.00952,37.17867],[-122.00953,37.17881],[-122.00983,37.17918],[-122.00962,37.17983],[-122.0094,37.17999],[-122.0085,37.18011],[-122.00789,37.17991],[-122.00766,37.17993],[-122.00705,37.18048],[-122.00653,37.18056],[-122.00602,37.18099],[-122.00538,37.18122],[-122.005,37.18115],[-122.0043,37.18042],[-122.00401,37.18027],[-122.00373,37.18026],[-122.00297,37.18052],[-122.00271,37.18089],[-122.00274,37.1812],[-122.00349,37.18211],[-122.00455,37.18282],[-122.00518,37.18379],[-122.00516,37.18405],[-122.00496,37.18413],[-122.00425,37.18411],[-122.00335,37.18441],[-122.00254,37.18422],[-122.00249,37.18433],[-122.00285,37.18499],[-122.00321,37.18521],[-122.00295,37.18561],[-122.00269,37.18573],[-122.00202,37.18576],[-121.9989,37.187],[-121.99786,37.18724],[-121.99714,37.18711],[-121.99618,37.18706],[-121.99546,37.18727],[-121.99522,37.18758],[-121.99544,37.1882],[-121.99523,37.18904],[-121.99471,37.18964],[-121.99342,37.19048]]]}},{"type":"Feature","properties":{"id":"empire","name":"Empire Grade","difficulty":2,"character":"Medium speed"},"geometry":{"type":"MultiLineString","coordinates":[[[-122.05813,36.97896],[-122.05865,36.97934],[-122.05936,36.98012],[-122.06198,36.98223],[-122.06315,36.98289],[-122.06487,36.98371],[-122.06623,36.9846],[-122.06759,36.98592],[-122.06845,36.9872],[-122.06913,36.9888],[-122.06933,36.98982],[-122.0694,36.99144],[-122.06989,36.9922],[-122.06988,36.99278],[-122.07011,36.99337],[-122.07002,36.99368],[-122.0693,36.99458],[-122.06893,36.99574],[-122.06913,36.99718],[-122.0688,36.99796],[-122.0687,36.999],[-122.06981,37.00129],[-122.07045,37.0015],[-122.07172,37.00157],[-122.07259,37.00239],[-122.07299,37.00297],[-122.07394,37.00574],[-122.0747,37.00648],[-122.07502,37.00697],[-122.07581,37.0097],[-122.07576,37.01014],[-122.07512,37.01212],[-122.07525,37.0133],[-122.07578,37.01478],[-122.07709,37.01624],[-122.08029,37.01831],[-122.08431,37.02121],[-122.08673,37.02258],[-122.08818,37.02308],[-122.08933,37.02392],[-122.0898,37.02416],[-122.09281,37.02496],[-122.09377,37.02542],[-122.09461,37.02607],[-122.09516,37.02633],[-122.09599,37.02642],[-122.09771,37.02609],[-122.09857,37.02628],[-122.09916,37.02679],[-122.10142,37.02982],[-122.10193,37.03019],[-122.10359,37.03104],[-122.10406,37.03112],[-122.10455,37.03094],[-122.10478,37.03068],[-122.10495,37.0301],[-122.10554,37.02956],[-122.10634,37.02956],[-122.10708,37.02923],[-122.10759,37.02917],[-122.10796,37.02929],[-122.10873,37.02987],[-122.1089,37.0307],[-122.10953,37.03124],[-122.10995,37.03201],[-122.11008,37.03278],[-122.10885,37.03503],[-122.10847,37.03533],[-122.1074,37.03561],[-122.10701,37.03581],[-122.10602,37.03722],[-122.10599,37.03766],[-122.10624,37.03802],[-122.10743,37.03838],[-122.10768,37.03868],[-122.10762,37.03894],[-122.10665,37.03973],[-122.10656,37.04105],[-122.10643,37.04164],[-122.10649,37.04229],[-122.10818,37.04356],[-122.10869,37.04473],[-122.10898,37.04511],[-122.10993,37.04574],[-122.11163,37.04634],[-122.11303,37.04754],[-122.1149,37.04853],[-122.11551,37.04963],[-122.11554,37.04984],[-122.11557,37.05169],[-122.11511,37.05275],[-122.11532,37.05322],[-122.11577,37.0535],[-122.11812,37.0543],[-122.11975,37.05543],[-122.12132,37.05588],[-122.12282,37.05731],[-122.12329,37.05822],[-122.12416,37.05876],[-122.12437,37.05898],[-122.12446,37.05935],[-122.12424,37.05974],[-122.12389,37.05994],[-122.12306,37.06001],[-122.12263,37.06017],[-122.12158,37.06109],[-122.1214,37.06146],[-122.12144,37.06198],[-122.12161,37.06227],[-122.12293,37.06351],[-122.12319,37.06392],[-122.12315,37.06451],[-122.1226,37.06644],[-122.12269,37.06713],[-122.12391,37.06939],[-122.12483,37.07076],[-122.1258,37.07143],[-122.1271,37.07217],[-122.12953,37.07323],[-122.13149,37.07578],[-122.13169,37.07652],[-122.13153,37.07725],[-122.13165,37.07753],[-122.13214,37.07785],[-122.13309,37.07814],[-122.13332,37.0783],[-122.1336,37.07877],[-122.13577,37.08493],[-122.13615,37.0856],[-122.13607,37.08675],[-122.13627,37.08753],[-122.13658,37.08798],[-122.13798,37.0893],[-122.14103,37.09261],[-122.14111,37.09289],[-122.14114,37.09538],[-122.14151,37.09603],[-122.14234,37.09656],[-122.1426,37.09689],[-122.14271,37.09726],[-122.14277,37.09856],[-122.14293,37.09876],[-122.1436,37.09921],[-122.14375,37.09977],[-122.14368,37.10008],[-122.14332,37.10059],[-122.14253,37.10114],[-122.14104,37.10341],[-122.14089,37.1039],[-122.14107,37.10433],[-122.1425,37.10576],[-122.14319,37.10722],[-122.14404,37.10799],[-122.14436,37.10818],[-122.14575,37.10844],[-122.14623,37.10862],[-122.14774,37.11047],[-122.14824,37.11068],[-122.14913,37.11087],[-122.14994,37.11124],[-122.15064,37.11177],[-122.15215,37.11329],[-122.15426,37.11465],[-122.15552,37.11643],[-122.15707,37.11891],[-122.1592,37.12176],[-122.15934,37.1221],[-122.15935,37.12316],[-122.15952,37.12352],[-122.1608,37.12464],[-122.16253,37.12562],[-122.16417,37.12804],[-122.16653,37.12949],[-122.16707,37.13001],[-122.16847,37.1318],[-122.16916,37.13299],[-122.17144,37.13514],[-122.172,37.13583],[-122.17244,37.13668],[-122.17266,37.13754],[-122.17316,37.13867],[-122.17345,37.13908],[-122.1741,37.13914],[-122.1755,37.13882],[-122.17628,37.13847],[-122.17813,37.13852],[-122.17854,37.13875],[-122.17886,37.13943],[-122.17919,37.13979],[-122.17956,37.13996],[-122.18156,37.14025],[-122.18292,37.14002],[-122.18341,37.14002],[-122.18369,37.14012],[-122.18401,37.14041],[-122.18438,37.14113],[-122.18463,37.14138],[-122.18712,37.14189],[-122.18829,37.14194],[-122.18932,37.14256],[-122.19132,37.14281],[-122.19186,37.14277],[-122.19279,37.14254],[-122.19505,37.1426],[-122.19589,37.14264],[-122.19723,37.14306],[-122.19946,37.14253],[-122.20046,37.14267],[-122.20094,37.14261],[-122.20157,37.14211],[-122.20181,37.14153],[-122.20206,37.14034]]]}},{"type":"Feature","properties":{"id":"bonny-doon","name":"Bonny Doon Road","difficulty":2,"character":"Medium speed"},"geometry":{"type":"MultiLineString","coordinates":[[[-122.1453,37.06417],[-122.14604,37.0652],[-122.14693,37.06546],[-122.14741,37.06576],[-122.15752,37.06584],[-122.15808,37.06568],[-122.15851,37.06515],[-122.1587,37.06438],[-122.15857,37.06243],[-122.15862,37.06177],[-122.1608,37.05485],[-122.16081,37.04779],[-122.16056,37.04746],[-122.1604,37.0474],[-122.15522,37.04753],[-122.15514,37.04742],[-122.15515,37.04389],[-122.1522,37.04395],[-122.15188,37.04388],[-122.15134,37.04357],[-122.1512,37.04254],[-122.15074,37.0421],[-122.15053,37.04206],[-122.15052,37.04185],[-122.15071,37.04142],[-122.15151,37.04072],[-122.1519,37.04015],[-122.15194,37.03645],[-122.15257,37.03493],[-122.15357,37.03388],[-122.15833,37.0312],[-122.15956,37.03064],[-122.15989,37.02996],[-122.16034,37.02967],[-122.16111,37.02948],[-122.16167,37.02952],[-122.16214,37.02943],[-122.16269,37.029],[-122.16319,37.02685],[-122.16354,37.02642],[-122.16512,37.02546],[-122.16576,37.02437],[-122.16624,37.0224],[-122.16697,37.02063],[-122.16726,37.01822],[-122.16759,37.01774],[-122.16807,37.01729],[-122.16932,37.01664],[-122.16998,37.01645],[-122.17148,37.01621],[-122.17275,37.01551],[-122.17385,37.0155],[-122.17454,37.0151],[-122.17494,37.01424],[-122.1754,37.0138],[-122.17642,37.01246],[-122.17645,37.01227],[-122.17592,37.01107],[-122.1751,37.00973],[-122.17536,37.00836],[-122.17557,37.00791],[-122.1757,37.00683],[-122.17558,37.00635],[-122.17583,37.00563],[-122.17582,37.00512],[-122.17627,37.00452],[-122.17731,37.00386],[-122.17772,37.00333],[-122.17786,37.00296],[-122.17826,37.00264],[-122.17868,37.00202],[-122.18045,37.00101]],[[-122.15065,37.04155],[-122.15154,37.04083],[-122.15182,37.04046],[-122.15188,37.0402]]]}},{"type":"Feature","properties":{"id":"jamison","name":"Jamison Creek Road","difficulty":3,"character":"Technical"},"geometry":{"type":"MultiLineString","coordinates":[[[-122.15785,37.1462],[-122.15852,37.14628],[-122.15979,37.14671],[-122.16145,37.14766],[-122.16252,37.14809],[-122.16308,37.14849],[-122.16414,37.14958],[-122.16455,37.14979],[-122.16562,37.1498],[-122.1667,37.15014],[-122.16767,37.15016],[-122.16809,37.15007],[-122.16962,37.14929],[-122.17047,37.14922],[-122.17179,37.14946],[-122.17257,37.14991],[-122.17336,37.15004],[-122.1737,37.15024],[-122.17396,37.15054],[-122.17487,37.1505],[-122.17609,37.15074],[-122.17686,37.15077],[-122.17767,37.1512],[-122.178,37.15124],[-122.17811,37.15111],[-122.17807,37.15095],[-122.17689,37.15028],[-122.17733,37.14967],[-122.17751,37.14909],[-122.17739,37.14888],[-122.17711,37.14887],[-122.17667,37.14914],[-122.17594,37.14912],[-122.17528,37.14923],[-122.1749,37.14862],[-122.17436,37.14832],[-122.17423,37.14803],[-122.17454,37.14795],[-122.17576,37.14823],[-122.17607,37.14814],[-122.17647,37.14766],[-122.17731,37.1477],[-122.17767,37.14742],[-122.17779,37.14701],[-122.17802,37.14689],[-122.17842,37.14644],[-122.17858,37.14652],[-122.17897,37.14718],[-122.17964,37.14701],[-122.17995,37.14684],[-122.18066,37.14582],[-122.1807,37.14543],[-122.18054,37.14513],[-122.18054,37.14484],[-122.18007,37.14398],[-122.18047,37.14311],[-122.18075,37.14304],[-122.18119,37.14319],[-122.18176,37.1432],[-122.18229,37.14342],[-122.18257,37.14331],[-122.18253,37.14309],[-122.18201,37.14284],[-122.18157,37.14244],[-122.18151,37.14221],[-122.18168,37.14199],[-122.182,37.14198],[-122.18244,37.1424],[-122.18306,37.14257],[-122.18325,37.14255],[-122.18368,37.14229],[-122.18403,37.14231],[-122.1846,37.14282],[-122.18489,37.14291],[-122.18567,37.14279],[-122.18702,37.14205],[-122.18712,37.14189]]]}},{"type":"Feature","properties":{"id":"big-basin","name":"Big Basin Highway \u00b7 Hwy 236","difficulty":3,"character":"Technical"},"geometry":{"type":"MultiLineString","coordinates":[[[-122.1223,37.12537],[-122.12461,37.12489],[-122.1265,37.12491],[-122.12826,37.12545],[-122.12995,37.12614],[-122.13141,37.12703],[-122.13209,37.12791],[-122.13352,37.12895],[-122.13389,37.1299],[-122.13425,37.13029],[-122.13681,37.13174],[-122.13715,37.13195],[-122.13746,37.13232],[-122.13825,37.1327],[-122.13853,37.13296],[-122.13911,37.13381],[-122.14034,37.13457],[-122.14179,37.13653],[-122.14231,37.13774],[-122.14289,37.13832],[-122.14318,37.13845],[-122.14445,37.13817],[-122.1455,37.13835],[-122.14708,37.13835],[-122.1479,37.13892],[-122.15048,37.13992],[-122.15184,37.13982],[-122.15239,37.14003],[-122.15255,37.14029],[-122.15267,37.14136],[-122.15298,37.14182],[-122.15509,37.14335],[-122.15604,37.14378],[-122.15785,37.1462],[-122.15794,37.14696],[-122.15755,37.14827],[-122.15722,37.14867],[-122.15721,37.14894],[-122.15746,37.14916],[-122.15819,37.14954],[-122.15919,37.1504],[-122.16005,37.15177],[-122.1608,37.15245],[-122.16181,37.15457],[-122.16189,37.15501],[-122.16184,37.15757],[-122.16268,37.15945],[-122.16285,37.1604],[-122.16284,37.16109],[-122.16245,37.16215],[-122.16212,37.16386],[-122.16219,37.16437],[-122.16285,37.16491],[-122.16508,37.16645],[-122.16668,37.16812],[-122.17096,37.17034],[-122.17093,37.17065],[-122.17063,37.17071],[-122.16907,37.17012],[-122.16763,37.1697],[-122.16741,37.16974],[-122.16727,37.16991],[-122.16727,37.17014],[-122.1674,37.1703],[-122.16757,37.17036],[-122.16811,37.17027],[-122.16868,37.1704],[-122.17067,37.1717],[-122.17228,37.17221],[-122.17333,37.17272],[-122.17439,37.17291],[-122.1755,37.17327],[-122.176,37.17328],[-122.17703,37.17273],[-122.17792,37.17245],[-122.17841,37.17162],[-122.17904,37.17097],[-122.17959,37.17084],[-122.18204,37.17124],[-122.18251,37.17123],[-122.18306,37.17109],[-122.18409,37.17048],[-122.18469,37.17023],[-122.18556,37.1696],[-122.18583,37.16898],[-122.18585,37.16813],[-122.18625,37.16752],[-122.18763,37.16641],[-122.18924,37.1654],[-122.1909,37.16525],[-122.19316,37.16534],[-122.19364,37.16508],[-122.19448,37.1649],[-122.19492,37.16444],[-122.19521,37.16432],[-122.19629,37.16423],[-122.19695,37.16363],[-122.19743,37.16347],[-122.198,37.16361],[-122.19895,37.16457],[-122.1991,37.165],[-122.19889,37.16578],[-122.19869,37.16615],[-122.19782,37.16658],[-122.19663,37.16694],[-122.19651,37.16709],[-122.19661,37.16756],[-122.19704,37.16781],[-122.19889,37.16778],[-122.19987,37.16765],[-122.20064,37.1672],[-122.20166,37.16592],[-122.20193,37.16571],[-122.20281,37.16556],[-122.20356,37.16558],[-122.20559,37.1665],[-122.20615,37.16669],[-122.20736,37.16689],[-122.20834,37.16733],[-122.20963,37.16752],[-122.21183,37.16842],[-122.21441,37.16839],[-122.21559,37.16878],[-122.2177,37.16855],[-122.22108,37.16845],[-122.22161,37.16866],[-122.22236,37.1702],[-122.22241,37.17041],[-122.22201,37.17221],[-122.22166,37.1729],[-122.22128,37.1731],[-122.22101,37.17283],[-122.22084,37.17284],[-122.22063,37.17338],[-122.22043,37.17344],[-122.22019,37.17336],[-122.22007,37.1732],[-122.21993,37.17277],[-122.21971,37.17276],[-122.21937,37.17304],[-122.21974,37.17397],[-122.22061,37.17398],[-122.22093,37.17446],[-122.2209,37.17477],[-122.22046,37.17498],[-122.22038,37.1752],[-122.21979,37.17543],[-122.21907,37.1759],[-122.21891,37.17588],[-122.21874,37.17545],[-122.21822,37.17518],[-122.21717,37.175],[-122.21696,37.17503],[-122.21702,37.17552],[-122.21577,37.17663],[-122.21572,37.17729],[-122.21591,37.17789],[-122.21552,37.17821],[-122.21502,37.1783],[-122.21508,37.17872],[-122.21463,37.17921],[-122.2145,37.17952],[-122.21453,37.17992],[-122.21486,37.18047],[-122.21428,37.18092],[-122.21394,37.18142],[-122.21385,37.18176],[-122.21319,37.18252],[-122.2132,37.1838],[-122.21283,37.18446],[-122.21241,37.18492],[-122.21241,37.1852],[-122.21209,37.18561],[-122.21241,37.18634],[-122.2126,37.18637],[-122.21318,37.18616],[-122.21341,37.18632],[-122.21396,37.18711],[-122.21425,37.18825],[-122.21407,37.18864],[-122.21351,37.18903],[-122.21301,37.18916],[-122.21288,37.18977],[-122.2132,37.19051],[-122.21281,37.19172],[-122.21231,37.19231],[-122.21235,37.19264],[-122.21259,37.19288],[-122.21257,37.1931],[-122.21212,37.19366],[-122.21209,37.19427],[-122.21187,37.19438],[-122.21176,37.19458],[-122.21139,37.19457],[-122.21112,37.19471],[-122.21007,37.19646],[-122.20964,37.19671],[-122.20955,37.19696],[-122.20883,37.19679],[-122.20858,37.19686],[-122.20829,37.19709],[-122.20704,37.19725],[-122.20616,37.19701],[-122.20536,37.19714],[-122.20354,37.19721],[-122.20328,37.19705],[-122.20316,37.19642],[-122.20231,37.19616],[-122.20192,37.19638],[-122.20157,37.19677],[-122.201,37.19705],[-122.20054,37.19714],[-122.19864,37.19678],[-122.19558,37.19642],[-122.19465,37.196],[-122.19435,37.19598],[-122.19371,37.19649],[-122.19364,37.19674],[-122.19399,37.19692],[-122.19435,37.19691],[-122.19511,37.19748],[-122.1955,37.1975],[-122.19579,37.19788],[-122.19601,37.19871],[-122.19689,37.19941],[-122.19754,37.19955],[-122.19754,37.19966],[-122.19728,37.19989],[-122.19736,37.2006],[-122.19717,37.20069],[-122.19665,37.20028],[-122.19578,37.20009],[-122.19546,37.19989],[-122.19517,37.19991],[-122.19498,37.20006],[-122.19497,37.20111],[-122.19489,37.2015],[-122.19472,37.20168],[-122.19436,37.2018],[-122.19229,37.20189],[-122.19158,37.2017],[-122.19052,37.2011],[-122.18971,37.2005],[-122.18936,37.2004],[-122.18891,37.20051],[-122.18862,37.20034],[-122.18829,37.19994],[-122.18746,37.19982],[-122.18688,37.19964],[-122.18625,37.19904],[-122.18594,37.19832],[-122.18503,37.19795],[-122.18449,37.19806],[-122.18424,37.19803],[-122.18349,37.19713],[-122.1829,37.19698],[-122.18234,37.19735],[-122.182,37.1973],[-122.18187,37.19717],[-122.18174,37.19661],[-122.18072,37.19585],[-122.18023,37.19566],[-122.17969,37.19561],[-122.1795,37.19537],[-122.17937,37.1949],[-122.1792,37.19479],[-122.17898,37.19478],[-122.17868,37.19495],[-122.17825,37.19468],[-122.17802,37.19479],[-122.17786,37.19503],[-122.17736,37.19495],[-122.17693,37.19504],[-122.17685,37.19462],[-122.17551,37.19409],[-122.17495,37.19353],[-122.17486,37.19311],[-122.175,37.19286],[-122.17488,37.19272],[-122.17458,37.19275],[-122.174,37.19317],[-122.17353,37.19337],[-122.17283,37.19342],[-122.17181,37.19368],[-122.17112,37.1936],[-122.17057,37.19326],[-122.17014,37.19324],[-122.16957,37.19305],[-122.16923,37.19307],[-122.16885,37.19342],[-122.16911,37.19378],[-122.16909,37.1941],[-122.1683,37.19468],[-122.16676,37.19511],[-122.16628,37.1951],[-122.16593,37.19532],[-122.16503,37.19527],[-122.16438,37.19541],[-122.1637,37.19534],[-122.16285,37.19563],[-122.16285,37.19665],[-122.16313,37.1972],[-122.16373,37.19756],[-122.16416,37.19753],[-122.16438,37.19768],[-122.16436,37.19789],[-122.16402,37.19836],[-122.164,37.19863],[-122.16416,37.19882],[-122.1645,37.19896],[-122.16457,37.19914],[-122.16428,37.1994],[-122.16399,37.19996],[-122.16362,37.20019],[-122.16316,37.20103],[-122.16273,37.20145],[-122.16246,37.20152],[-122.16182,37.20124],[-122.16141,37.20127],[-122.16128,37.20141],[-122.16122,37.20176],[-122.16077,37.20212],[-122.16032,37.20238],[-122.15986,37.20245],[-122.1585,37.20217],[-122.15724,37.20157],[-122.15705,37.2016],[-122.1571,37.20182],[-122.15753,37.20207],[-122.15769,37.20236],[-122.15812,37.20269],[-122.15822,37.20299],[-122.15802,37.20346],[-122.15797,37.20472],[-122.15724,37.2054],[-122.15725,37.20584],[-122.15761,37.20625],[-122.15764,37.20661],[-122.15693,37.2073],[-122.15603,37.20771],[-122.15611,37.20791],[-122.15652,37.20821],[-122.15676,37.20857],[-122.15678,37.20891],[-122.15652,37.2094],[-122.15696,37.20978],[-122.15717,37.21011],[-122.15708,37.21086],[-122.15668,37.21157]]]}},{"type":"Feature","properties":{"id":"old-santa-cruz","name":"Old Santa Cruz Highway","difficulty":2,"character":"Low speed"},"geometry":{"type":"MultiLineString","coordinates":[[[-121.99272,37.19104],[-121.99243,37.19066],[-121.99235,37.1898],[-121.99115,37.18785],[-121.99096,37.18718],[-121.99092,37.1865],[-121.99103,37.18581],[-121.99134,37.18504],[-121.99346,37.18133],[-121.99353,37.18088],[-121.99329,37.18055],[-121.99292,37.18041],[-121.99216,37.18053],[-121.98967,37.18063],[-121.98934,37.18054],[-121.98923,37.18039],[-121.98915,37.17958],[-121.98953,37.17822],[-121.98955,37.17748],[-121.98843,37.17571],[-121.98829,37.17467],[-121.98718,37.17345],[-121.9872,37.1733],[-121.98756,37.17285],[-121.98736,37.17242],[-121.98731,37.1719],[-121.9876,37.1715],[-121.98758,37.17125],[-121.98667,37.17101],[-121.98654,37.17094],[-121.98631,37.17044],[-121.98562,37.17023],[-121.98537,37.17005],[-121.9851,37.16971],[-121.98508,37.16902],[-121.98489,37.16888],[-121.98413,37.16864],[-121.98372,37.16837],[-121.9831,37.16678],[-121.98234,37.16608],[-121.9824,37.16574],[-121.98256,37.1656],[-121.98339,37.16538],[-121.98403,37.1648],[-121.98573,37.1643],[-121.98656,37.16434],[-121.98703,37.16401],[-121.98777,37.16392],[-121.98789,37.16368],[-121.98774,37.16357],[-121.98747,37.16354],[-121.98611,37.16369],[-121.98586,37.1636],[-121.98513,37.16307],[-121.98442,37.16313],[-121.98405,37.163],[-121.9839,37.1628],[-121.98375,37.16196],[-121.98275,37.16165],[-121.98217,37.1611],[-121.98195,37.16044],[-121.98008,37.15964],[-121.97998,37.15918],[-121.97914,37.1588],[-121.979,37.15854],[-121.97896,37.15806],[-121.97847,37.15764],[-121.97868,37.1572],[-121.9797,37.1569],[-121.97991,37.15676],[-121.97996,37.15663],[-121.97979,37.15608],[-121.9799,37.15579],[-121.98011,37.15558],[-121.98085,37.15516],[-121.98229,37.15358],[-121.98237,37.15327],[-121.98223,37.15255],[-121.98257,37.15193],[-121.98259,37.15143],[-121.98241,37.15128],[-121.98222,37.15127],[-121.98134,37.15149],[-121.98069,37.1513],[-121.98003,37.15131],[-121.97923,37.15113],[-121.97827,37.15156],[-121.97736,37.15128],[-121.97695,37.15137],[-121.97646,37.15165],[-121.97603,37.15205],[-121.97535,37.15187],[-121.97473,37.15183],[-121.97418,37.15124],[-121.97371,37.15091],[-121.97346,37.15014],[-121.97481,37.14759],[-121.97479,37.14727],[-121.97466,37.14715],[-121.97385,37.1469],[-121.97267,37.1467],[-121.97218,37.14645],[-121.97138,37.14576],[-121.97066,37.14477],[-121.97018,37.14429],[-121.9698,37.1435],[-121.96913,37.14312],[-121.96806,37.14285],[-121.96786,37.14249],[-121.968,37.14186],[-121.96846,37.14108],[-121.96856,37.14073],[-121.96825,37.13947],[-121.9673,37.13816],[-121.96718,37.13767],[-121.96811,37.13666],[-121.96856,37.13645],[-121.96954,37.13653],[-121.97002,37.13644],[-121.97053,37.13664],[-121.97071,37.13656],[-121.97113,37.13598],[-121.97154,37.13598],[-121.9726,37.13664],[-121.97424,37.13803],[-121.97465,37.13893],[-121.97482,37.139],[-121.97504,37.139],[-121.97557,37.1386],[-121.9762,37.1385],[-121.9772,37.13871],[-121.97728,37.13924],[-121.97739,37.1394],[-121.97786,37.13945],[-121.97837,37.13974],[-121.97964,37.1394],[-121.9798,37.13946],[-121.98004,37.13976],[-121.98022,37.13982],[-121.98088,37.13955],[-121.98143,37.13976],[-121.98176,37.13962],[-121.98244,37.13957],[-121.98253,37.13948],[-121.9825,37.13921],[-121.98171,37.13821],[-121.98174,37.13802],[-121.98214,37.13765],[-121.98212,37.1374],[-121.9818,37.13727],[-121.98072,37.13727],[-121.97994,37.13717],[-121.97958,37.13695],[-121.97946,37.13583],[-121.97871,37.13481],[-121.97865,37.13379],[-121.97826,37.13341],[-121.97828,37.13325],[-121.97859,37.13288],[-121.9786,37.13272],[-121.9784,37.13251],[-121.97776,37.13227],[-121.97773,37.13206],[-121.97797,37.1317],[-121.97799,37.13147],[-121.97766,37.1312],[-121.97746,37.13059],[-121.97648,37.12985],[-121.97613,37.12948],[-121.97567,37.12811],[-121.97579,37.1278]]]}},{"type":"Feature","properties":{"id":"soquel","name":"Soquel\u2013San Jose Road","difficulty":2,"character":"Medium speed"},"geometry":{"type":"MultiLineString","coordinates":[[[-121.92538,37.11869],[-121.9261,37.11821],[-121.92834,37.11828],[-121.93005,37.11792],[-121.93054,37.11774],[-121.93075,37.11756],[-121.93117,37.11681],[-121.93138,37.11662],[-121.9325,37.11626],[-121.9341,37.11595],[-121.93509,37.11623],[-121.93569,37.11617],[-121.93599,37.11603],[-121.93759,37.11483],[-121.93955,37.11427],[-121.94061,37.1134],[-121.94296,37.11254],[-121.94417,37.11235],[-121.94501,37.11252],[-121.94656,37.11302],[-121.94733,37.11292],[-121.9476,37.11282],[-121.94832,37.11215],[-121.94869,37.11151],[-121.94869,37.11105],[-121.94782,37.10979],[-121.94747,37.10947],[-121.94639,37.10918],[-121.94598,37.10897],[-121.94512,37.10732],[-121.94507,37.10685],[-121.94533,37.10636],[-121.94811,37.10439],[-121.94828,37.10399],[-121.94824,37.10368],[-121.94751,37.10277],[-121.94753,37.10239],[-121.94782,37.10167],[-121.94741,37.09974],[-121.9475,37.09912],[-121.94776,37.09795],[-121.94844,37.09694],[-121.94856,37.09569],[-121.94874,37.09541],[-121.94915,37.09513],[-121.94996,37.0948],[-121.95034,37.09426],[-121.95033,37.09376],[-121.94954,37.09253],[-121.94953,37.09091],[-121.94995,37.09045],[-121.95113,37.09002],[-121.95159,37.08955],[-121.95163,37.08924],[-121.95145,37.08882],[-121.95092,37.08818],[-121.95094,37.08746],[-121.95121,37.08628],[-121.95107,37.08525],[-121.95027,37.08396],[-121.94962,37.08326],[-121.94931,37.08303],[-121.9486,37.08284],[-121.94812,37.08261],[-121.94711,37.08161],[-121.94589,37.08116],[-121.94536,37.08029],[-121.9449,37.07978],[-121.94246,37.07774],[-121.93999,37.07652],[-121.93874,37.07482],[-121.93824,37.07361],[-121.93822,37.07328],[-121.93845,37.07261],[-121.9385,37.07208],[-121.93824,37.0709],[-121.93858,37.07006],[-121.93859,37.06928],[-121.93869,37.06907],[-121.9399,37.06793],[-121.94009,37.06732],[-121.94091,37.06583],[-121.94091,37.06544],[-121.94058,37.06449],[-121.94066,37.06358],[-121.94133,37.0619],[-121.94104,37.06113],[-121.94103,37.06043],[-121.94128,37.05903],[-121.94192,37.05701],[-121.942,37.05648],[-121.94173,37.05604],[-121.9402,37.05535],[-121.93982,37.05494],[-121.93926,37.05277],[-121.9382,37.05091],[-121.93806,37.05023],[-121.93815,37.04659],[-121.93827,37.04625],[-121.93861,37.04592],[-121.94069,37.04512],[-121.94079,37.045],[-121.94224,37.04217],[-121.94256,37.04057],[-121.9431,37.0393],[-121.94433,37.03835],[-121.94458,37.03803],[-121.94459,37.03726],[-121.94447,37.03687],[-121.94396,37.03591],[-121.94403,37.03532],[-121.94531,37.03372],[-121.94569,37.0331],[-121.94615,37.03273],[-121.94688,37.03237],[-121.94784,37.03124],[-121.94819,37.03057],[-121.94808,37.02874],[-121.94826,37.02816],[-121.94874,37.02767],[-121.94918,37.02744],[-121.95057,37.02708],[-121.95111,37.02664],[-121.95129,37.02619],[-121.95134,37.02588],[-121.95113,37.0252],[-121.95113,37.02439],[-121.95167,37.02188],[-121.95173,37.02109],[-121.95153,37.01978],[-121.95184,37.0188],[-121.95234,37.01815],[-121.95252,37.01749],[-121.95189,37.01631],[-121.95187,37.01572],[-121.95312,37.01149],[-121.95328,37.01013],[-121.95359,37.00916],[-121.95344,37.00839],[-121.95265,37.00705],[-121.95263,37.00658],[-121.95331,37.00532],[-121.95474,37.0032],[-121.95502,37.00183],[-121.9557,37.00062],[-121.95592,36.99999],[-121.95606,36.99929],[-121.95606,36.9979],[-121.95718,36.99341],[-121.9573,36.99073]]]}},{"type":"Feature","properties":{"id":"calaveras","name":"Calaveras Road","difficulty":3,"character":"Technical"},"geometry":{"type":"MultiLineString","coordinates":[[[-121.86666,37.44043],[-121.86603,37.44081],[-121.8657,37.44118],[-121.86533,37.44221],[-121.865,37.44267],[-121.86405,37.44353],[-121.86256,37.4443],[-121.86067,37.44476],[-121.85867,37.44498],[-121.8585,37.44509],[-121.85802,37.44578],[-121.85771,37.44595],[-121.85674,37.44581],[-121.85546,37.44598],[-121.85308,37.44676],[-121.85164,37.44694],[-121.84718,37.44868],[-121.84663,37.44859],[-121.84577,37.44802],[-121.84489,37.44766],[-121.84413,37.44707],[-121.8438,37.44664],[-121.84356,37.44563],[-121.8428,37.44498],[-121.84208,37.44466],[-121.84101,37.44454],[-121.8379,37.44335],[-121.8369,37.44278],[-121.83519,37.44334],[-121.83505,37.44348],[-121.835,37.44403],[-121.83482,37.44432],[-121.83404,37.44462],[-121.83374,37.44483],[-121.83247,37.44616],[-121.83208,37.44629],[-121.83107,37.4464],[-121.83048,37.44634],[-121.82944,37.44608],[-121.82895,37.44629],[-121.82884,37.44651],[-121.829,37.44718],[-121.82995,37.44757],[-121.83041,37.44792],[-121.83222,37.44809],[-121.83211,37.44837],[-121.8315,37.44879],[-121.83138,37.44909],[-121.83203,37.44949],[-121.83211,37.45004],[-121.83254,37.45067],[-121.83245,37.45122],[-121.83277,37.45164],[-121.83209,37.45222],[-121.83209,37.45276],[-121.83194,37.45297],[-121.83114,37.45335],[-121.83028,37.45356],[-121.83005,37.45375],[-121.83011,37.45389],[-121.83049,37.4541],[-121.83204,37.45416],[-121.83305,37.45403],[-121.83325,37.45418],[-121.83333,37.45443],[-121.83254,37.45507],[-121.83118,37.4558],[-121.83083,37.4561],[-121.83082,37.45622],[-121.83094,37.45632],[-121.83193,37.45658],[-121.83211,37.45671],[-121.83199,37.45687],[-121.83109,37.45735],[-121.83096,37.45813],[-121.83139,37.45884],[-121.83155,37.45886],[-121.8321,37.45862],[-121.8325,37.45894],[-121.83282,37.45904],[-121.83356,37.4588],[-121.83482,37.45932],[-121.83472,37.45951],[-121.83377,37.45967],[-121.83334,37.46003],[-121.83254,37.46017],[-121.83227,37.46046],[-121.83178,37.46059],[-121.83169,37.46079],[-121.83179,37.46155],[-121.8321,37.462],[-121.83221,37.46268],[-121.833,37.46348],[-121.8332,37.46381],[-121.83294,37.46474],[-121.83326,37.46545],[-121.83322,37.4667],[-121.83332,37.46696],[-121.83379,37.46745],[-121.83433,37.46825],[-121.83502,37.46822],[-121.83571,37.46846],[-121.83602,37.46867],[-121.83655,37.46861],[-121.83665,37.46868],[-121.83645,37.46904],[-121.83612,37.46922],[-121.8349,37.4693],[-121.8347,37.47012],[-121.83362,37.47004],[-121.83342,37.47012],[-121.83319,37.47053],[-121.83314,37.47099],[-121.83267,37.47132],[-121.83259,37.47161],[-121.83273,37.47192],[-121.83306,37.4723],[-121.83313,37.47283],[-121.83362,37.47316],[-121.83391,37.47358],[-121.83378,37.4737],[-121.833,37.47391],[-121.83234,37.47427],[-121.83254,37.47506],[-121.83287,37.47547],[-121.83214,37.47598],[-121.8317,37.47675],[-121.83205,37.47722],[-121.8322,37.47778],[-121.83239,37.47798],[-121.83299,37.47808],[-121.83348,37.47792],[-121.83358,37.47806],[-121.83343,37.47831],[-121.83286,37.47879],[-121.83194,37.47895],[-121.83095,37.47897],[-121.83057,37.47913],[-121.83047,37.4793],[-121.83064,37.48086],[-121.83109,37.48159],[-121.83125,37.48165],[-121.83171,37.48156],[-121.83278,37.48159],[-121.83294,37.48168],[-121.83291,37.48186],[-121.83226,37.48277],[-121.83218,37.48322],[-121.83244,37.4837],[-121.83312,37.48373],[-121.8333,37.48383],[-121.83289,37.48491],[-121.83297,37.48522],[-121.83321,37.48542],[-121.83396,37.48566],[-121.8345,37.48598],[-121.83509,37.48592],[-121.8353,37.48624],[-121.83615,37.48637],[-121.83635,37.48651],[-121.8363,37.48664],[-121.83529,37.48733],[-121.83512,37.48793],[-121.83457,37.48766],[-121.83413,37.48769],[-121.83356,37.4883],[-121.83338,37.48827],[-121.83324,37.48799],[-121.83304,37.48792],[-121.8327,37.48834],[-121.83245,37.48846],[-121.83196,37.48815],[-121.83167,37.48769],[-121.8312,37.48758],[-121.83056,37.48781],[-121.82992,37.4884],[-121.82998,37.48861],[-121.83051,37.48909],[-121.83038,37.48939],[-121.8304,37.48993],[-121.83092,37.49016],[-121.831,37.4903],[-121.83101,37.49064],[-121.83056,37.49067],[-121.83041,37.49077],[-121.8303,37.49165],[-121.83041,37.49195],[-121.83108,37.49257],[-121.83093,37.49265],[-121.83009,37.49254],[-121.82989,37.49265],[-121.82982,37.4929],[-121.82993,37.49304],[-121.83078,37.49335],[-121.83105,37.49367],[-121.83116,37.49407],[-121.83106,37.4945],[-121.83133,37.49524],[-121.83164,37.49576],[-121.83211,37.49599],[-121.83209,37.49634],[-121.83229,37.4966],[-121.83322,37.49699],[-121.8339,37.49704],[-121.83433,37.49696],[-121.83456,37.49708],[-121.83412,37.49749],[-121.83328,37.49768],[-121.83271,37.49794],[-121.83235,37.49823],[-121.83218,37.49864],[-121.83218,37.49955],[-121.83199,37.50059],[-121.83287,37.50375],[-121.83278,37.50481],[-121.83304,37.506],[-121.83395,37.50765],[-121.83429,37.50797],[-121.83485,37.50819],[-121.83521,37.50897],[-121.83577,37.50917],[-121.83647,37.50924],[-121.83654,37.50985],[-121.83747,37.51066],[-121.83889,37.5112],[-121.83908,37.51138],[-121.83906,37.51154],[-121.83887,37.51169],[-121.83786,37.51177],[-121.83688,37.51166],[-121.83621,37.51187],[-121.83525,37.51239],[-121.83511,37.51258],[-121.83513,37.51273],[-121.8358,37.51312],[-121.83755,37.51364],[-121.83871,37.51427],[-121.84009,37.51423],[-121.84043,37.51431],[-121.84088,37.51474],[-121.84112,37.51533],[-121.84248,37.51599],[-121.84299,37.51644],[-121.84344,37.51709],[-121.84457,37.51745],[-121.84486,37.5179],[-121.84535,37.51833],[-121.84644,37.52002],[-121.84677,37.5202],[-121.84762,37.52031],[-121.84798,37.52052],[-121.8481,37.52084],[-121.84764,37.52142],[-121.84789,37.52211],[-121.84787,37.52352],[-121.8484,37.52485],[-121.84889,37.52555],[-121.84948,37.52603],[-121.8504,37.5273],[-121.85219,37.52911],[-121.85292,37.5301],[-121.85377,37.53362],[-121.85382,37.53418],[-121.85379,37.53443],[-121.85243,37.53686],[-121.85238,37.53728],[-121.85264,37.53785],[-121.85452,37.54057],[-121.85523,37.54121],[-121.85676,37.54295],[-121.85734,37.54383],[-121.85774,37.54914],[-121.85728,37.55076],[-121.85745,37.55122],[-121.85887,37.55359],[-121.85905,37.55411],[-121.85927,37.55583],[-121.85948,37.55654],[-121.86069,37.56049],[-121.86148,37.56234],[-121.86163,37.56392],[-121.86289,37.56821],[-121.86307,37.56953],[-121.86415,37.57218],[-121.8648,37.57579],[-121.86538,37.57807],[-121.86889,37.58696],[-121.86936,37.58781]]]}},{"type":"Feature","properties":{"id":"palomares","name":"Palomares Road","difficulty":3,"character":"Technical"},"geometry":{"type":"MultiLineString","coordinates":[[[-122.02412,37.69551],[-122.02356,37.69389],[-122.02244,37.69246],[-122.02213,37.6916],[-122.01993,37.68854],[-122.01981,37.68819],[-122.02022,37.6873],[-122.01936,37.68628],[-122.01887,37.68513],[-122.01841,37.68441],[-122.0182,37.68342],[-122.01724,37.68214],[-122.01708,37.68143],[-122.01616,37.68067],[-122.01572,37.67992],[-122.01426,37.67842],[-122.01389,37.67679],[-122.01229,37.67518],[-122.01154,37.67486],[-122.00929,37.67464],[-122.00789,37.67421],[-122.00755,37.67426],[-122.00714,37.67453],[-122.00683,37.67455],[-122.00533,37.67362],[-122.0033,37.67201],[-122.00306,37.67162],[-122.00301,37.67098],[-122.00287,37.67071],[-122.00205,37.67003],[-122.00073,37.66856],[-121.99818,37.66761],[-121.99739,37.66741],[-121.99654,37.66693],[-121.99633,37.66616],[-121.99602,37.66564],[-121.99336,37.66343],[-121.99125,37.66084],[-121.98963,37.65867],[-121.98694,37.65434],[-121.98604,37.6534],[-121.98562,37.65322],[-121.98443,37.65295],[-121.98321,37.65228],[-121.98165,37.65166],[-121.98038,37.65129],[-121.97738,37.64981],[-121.97542,37.64906],[-121.97349,37.64778],[-121.97051,37.6461],[-121.97012,37.64601],[-121.96856,37.64599],[-121.96749,37.64575],[-121.96706,37.64555],[-121.96682,37.64531],[-121.96672,37.64498],[-121.96699,37.64441],[-121.96754,37.64417],[-121.96905,37.64413],[-121.96936,37.64388],[-121.96938,37.64351],[-121.96919,37.64323],[-121.96881,37.64312],[-121.96703,37.64323],[-121.96636,37.64305],[-121.96576,37.64236],[-121.96328,37.64068],[-121.96281,37.6401],[-121.96183,37.63828],[-121.9609,37.63771],[-121.96016,37.63698],[-121.95959,37.63662],[-121.95857,37.63622],[-121.95521,37.63604],[-121.9547,37.6359],[-121.95449,37.63567],[-121.95434,37.63522],[-121.95374,37.63478],[-121.95327,37.63397],[-121.95282,37.63347],[-121.95249,37.63329],[-121.95172,37.63316],[-121.95134,37.63242],[-121.95106,37.63214],[-121.94976,37.63147],[-121.94867,37.63047],[-121.94722,37.62986],[-121.9461,37.62906],[-121.94589,37.62855],[-121.94459,37.6273],[-121.94403,37.62664],[-121.94385,37.62631],[-121.94394,37.6256],[-121.9434,37.6246],[-121.94325,37.62403],[-121.94326,37.62381],[-121.94353,37.62327],[-121.94357,37.62207],[-121.94373,37.62151],[-121.94354,37.62096],[-121.94379,37.62046],[-121.94385,37.61974],[-121.94379,37.61913],[-121.94354,37.61833],[-121.94389,37.61779],[-121.94505,37.61695],[-121.94509,37.61655],[-121.94439,37.61537],[-121.94406,37.615],[-121.94358,37.61481],[-121.94252,37.61485],[-121.94194,37.61468],[-121.94101,37.61379],[-121.94091,37.61345],[-121.94122,37.6121],[-121.94149,37.61164],[-121.94138,37.61119],[-121.94148,37.61107],[-121.94212,37.6108],[-121.94261,37.6103],[-121.94407,37.61003],[-121.94527,37.60939],[-121.9454,37.60908],[-121.94523,37.60849],[-121.94559,37.60752],[-121.94564,37.60663],[-121.94774,37.6045],[-121.94818,37.60379],[-121.94829,37.60315],[-121.94804,37.60231],[-121.94792,37.60137],[-121.94624,37.59886],[-121.94589,37.59813],[-121.94609,37.5979],[-121.9467,37.59793],[-121.94687,37.59784]],[[-121.97651,37.64048],[-121.97531,37.64042],[-121.97499,37.64048],[-121.97422,37.641],[-121.97387,37.64139],[-121.97341,37.64155],[-121.97322,37.64184],[-121.97254,37.6423],[-121.9722,37.64266],[-121.97174,37.64292],[-121.971,37.64298],[-121.96982,37.64341],[-121.96957,37.64384],[-121.9694,37.64398],[-121.96927,37.64397]],[[-121.94695,37.63168],[-121.94723,37.63112],[-121.94646,37.6302],[-121.94699,37.62989],[-121.94705,37.62975]]]}},{"type":"Feature","properties":{"id":"mines","name":"Mines Road","difficulty":3,"character":"Technical"},"geometry":{"type":"MultiLineString","coordinates":[[[-121.49039,37.39175],[-121.49022,37.39349],[-121.49042,37.39499],[-121.49092,37.39679],[-121.49135,37.3989],[-121.49196,37.39995],[-121.49197,37.40038],[-121.49142,37.40105],[-121.49103,37.40116],[-121.48994,37.40125],[-121.48896,37.40157],[-121.4877,37.40243],[-121.48738,37.4028],[-121.48713,37.40337],[-121.4868,37.40379],[-121.48677,37.40399],[-121.48692,37.40415],[-121.48762,37.40441],[-121.48887,37.40605],[-121.48979,37.40664],[-121.49052,37.40755],[-121.49106,37.40789],[-121.49148,37.40861],[-121.49222,37.40925],[-121.49272,37.41],[-121.49281,37.41045],[-121.49271,37.41105],[-121.49311,37.41191],[-121.49321,37.41241],[-121.49372,37.41263],[-121.49425,37.4131],[-121.49493,37.41348],[-121.49549,37.4141],[-121.49588,37.4142],[-121.49686,37.41417],[-121.49816,37.41483],[-121.49953,37.4164],[-121.50051,37.41661],[-121.50136,37.41749],[-121.50206,37.41771],[-121.50239,37.41792],[-121.50341,37.4194],[-121.50403,37.41975],[-121.50475,37.42053],[-121.50483,37.42149],[-121.50611,37.42314],[-121.50618,37.42375],[-121.50605,37.42401],[-121.50563,37.42414],[-121.50526,37.42414],[-121.50432,37.42391],[-121.50415,37.42406],[-121.5042,37.42426],[-121.5054,37.42529],[-121.50579,37.42578],[-121.50659,37.42604],[-121.50667,37.42621],[-121.50657,37.42668],[-121.50669,37.42682],[-121.50707,37.42695],[-121.50775,37.42698],[-121.50806,37.42718],[-121.50837,37.42804],[-121.50899,37.42866],[-121.50936,37.42924],[-121.51031,37.43134],[-121.51103,37.43214],[-121.51108,37.43251],[-121.51065,37.43307],[-121.51066,37.43333],[-121.51131,37.43425],[-121.51276,37.43534],[-121.5127,37.43564],[-121.51231,37.43611],[-121.51219,37.43648],[-121.51247,37.43779],[-121.51301,37.43907],[-121.51303,37.43968],[-121.51283,37.44053],[-121.51295,37.4411],[-121.51316,37.44124],[-121.5134,37.44124],[-121.51455,37.44073],[-121.51498,37.44014],[-121.51536,37.44011],[-121.51561,37.4403],[-121.51559,37.44133],[-121.51656,37.4427],[-121.51671,37.44371],[-121.51787,37.44541],[-121.51843,37.44707],[-121.51822,37.44736],[-121.51732,37.4476],[-121.51581,37.44726],[-121.5154,37.44734],[-121.51475,37.44813],[-121.51442,37.44936],[-121.51449,37.45115],[-121.51594,37.45301],[-121.51637,37.45398],[-121.51602,37.45524],[-121.5161,37.45583],[-121.51593,37.45713],[-121.51672,37.45925],[-121.51743,37.46037],[-121.51774,37.46128],[-121.51847,37.46229],[-121.51895,37.46335],[-121.51909,37.46411],[-121.51954,37.46517],[-121.51944,37.4662],[-121.52033,37.46717],[-121.52062,37.46856],[-121.5212,37.46913],[-121.52201,37.46946],[-121.52282,37.47048],[-121.52386,37.47115],[-121.524,37.47145],[-121.52412,37.4724],[-121.525,37.47339],[-121.5255,37.47492],[-121.52602,37.47565],[-121.52602,37.47613],[-121.52633,37.4771],[-121.52654,37.4773],[-121.52721,37.47743],[-121.52739,37.47795],[-121.52801,37.47821],[-121.52862,37.47868],[-121.52879,37.47935],[-121.53003,37.4802],[-121.53048,37.48077],[-121.53119,37.48106],[-121.53191,37.4817],[-121.53257,37.48316],[-121.53257,37.48383],[-121.53282,37.48458],[-121.5332,37.48509],[-121.53365,37.48537],[-121.53413,37.48611],[-121.53475,37.48665],[-121.53524,37.48736],[-121.53577,37.48785],[-121.53578,37.48803],[-121.53543,37.48844],[-121.53528,37.4889],[-121.53491,37.48935],[-121.53495,37.48994],[-121.53455,37.49028],[-121.53385,37.49063],[-121.53382,37.49075],[-121.53449,37.49127],[-121.53448,37.49185],[-121.5342,37.49239],[-121.53426,37.4929],[-121.5357,37.49563],[-121.53582,37.49689],[-121.53643,37.49761],[-121.53718,37.49968],[-121.53781,37.50035],[-121.53885,37.50113],[-121.53889,37.50241],[-121.53942,37.50292],[-121.53934,37.50392],[-121.53948,37.50436],[-121.53938,37.50552],[-121.53978,37.50624],[-121.53982,37.50657],[-121.53931,37.50785],[-121.53978,37.50863],[-121.5405,37.50947],[-121.54079,37.51011],[-121.54045,37.51128],[-121.54061,37.51197],[-121.54046,37.51266],[-121.54054,37.51304],[-121.54076,37.51334],[-121.54122,37.51372],[-121.54201,37.51473],[-121.54356,37.51593],[-121.54447,37.51711],[-121.54479,37.5178],[-121.54515,37.5181],[-121.54609,37.51848],[-121.54615,37.51928],[-121.54581,37.52039],[-121.54584,37.52061],[-121.54623,37.52107],[-121.54694,37.5215],[-121.54761,37.52175],[-121.54816,37.52252],[-121.54895,37.52293],[-121.54964,37.52316],[-121.55028,37.52416],[-121.55094,37.52475],[-121.55152,37.52504],[-121.5523,37.52524],[-121.55301,37.52567],[-121.55325,37.52589],[-121.55361,37.52652],[-121.55399,37.52683],[-121.55547,37.52714],[-121.55594,37.52765],[-121.55728,37.52867],[-121.55754,37.52896],[-121.55818,37.53015],[-121.55851,37.53032],[-121.559,37.53034],[-121.55919,37.53045],[-121.5596,37.53124],[-121.55985,37.53203],[-121.56038,37.53274],[-121.56108,37.53331],[-121.56153,37.53403],[-121.56218,37.53475],[-121.5631,37.53547],[-121.56367,37.53634],[-121.56452,37.537],[-121.56565,37.53858],[-121.56594,37.53956],[-121.56634,37.5403],[-121.56646,37.54132],[-121.56675,37.54175],[-121.56725,37.54295],[-121.56781,37.54476],[-121.5685,37.54531],[-121.5691,37.54558],[-121.56927,37.5458],[-121.56971,37.54694],[-121.56952,37.54759],[-121.57062,37.54812],[-121.57132,37.54826],[-121.57148,37.54841],[-121.57168,37.54933],[-121.5713,37.55],[-121.57127,37.55035],[-121.57254,37.55186],[-121.57302,37.55343],[-121.5733,37.55388],[-121.57385,37.55428],[-121.57577,37.55498],[-121.57603,37.55587],[-121.57648,37.55618],[-121.57734,37.55642],[-121.57832,37.55713],[-121.57954,37.5573],[-121.57994,37.55747],[-121.58022,37.55775],[-121.58034,37.55802],[-121.58042,37.55917],[-121.5813,37.55981],[-121.58149,37.56023],[-121.58151,37.56048],[-121.58134,37.5609],[-121.58149,37.56208],[-121.58174,37.56254],[-121.58222,37.56302],[-121.58194,37.56399],[-121.58212,37.56503],[-121.58172,37.56541],[-121.58164,37.5658],[-121.58189,37.56633],[-121.58116,37.5672],[-121.58123,37.56795],[-121.58149,37.56848],[-121.58129,37.56898],[-121.58164,37.56923],[-121.58311,37.56978],[-121.5834,37.56974],[-121.58393,37.56936],[-121.58423,37.56941],[-121.58467,37.57015],[-121.58467,37.57046],[-121.58447,37.57081],[-121.58464,37.57129],[-121.58573,37.57138],[-121.58634,37.57187],[-121.58704,37.57183],[-121.58736,37.57194],[-121.58747,37.57235],[-121.58788,37.5729],[-121.58788,37.57356],[-121.58761,37.57396],[-121.58761,37.57437],[-121.58742,37.57472],[-121.58747,37.57511],[-121.58728,37.57558],[-121.5876,37.5765],[-121.58722,37.57711],[-121.5876,37.57824],[-121.58774,37.57907],[-121.58801,37.57927],[-121.58848,37.57934],[-121.5888,37.57967],[-121.58938,37.57978],[-121.59024,37.58035],[-121.5911,37.58065],[-121.59135,37.58089],[-121.59153,37.58148],[-121.59197,37.5816],[-121.59265,37.58158],[-121.59307,37.5817],[-121.59445,37.58286],[-121.59534,37.583],[-121.59581,37.58332],[-121.59667,37.58363],[-121.59714,37.58429],[-121.5974,37.58451],[-121.59837,37.58459],[-121.59946,37.58495],[-121.60075,37.5859],[-121.60229,37.58647],[-121.60267,37.58718],[-121.60372,37.58732],[-121.60447,37.58783],[-121.60531,37.58796],[-121.60624,37.58787],[-121.60676,37.58806],[-121.60742,37.58797],[-121.6086,37.58854],[-121.60894,37.58861],[-121.60932,37.58857],[-121.61024,37.58807],[-121.61064,37.58797],[-121.61185,37.588],[-121.6126,37.58835],[-121.61283,37.58822],[-121.61368,37.5872],[-121.61428,37.58715],[-121.61482,37.58689],[-121.61543,37.5868],[-121.61612,37.58621],[-121.61667,37.58618],[-121.6189,37.58742],[-121.62022,37.58883],[-121.62092,37.58901],[-121.6212,37.58935],[-121.62138,37.58941],[-121.62157,37.58938],[-121.622,37.58908],[-121.6223,37.58911],[-121.624,37.58998],[-121.62446,37.59039],[-121.62557,37.59057],[-121.62614,37.59123],[-121.62755,37.59196],[-121.62859,37.59293],[-121.6298,37.59342],[-121.63023,37.59411],[-121.63048,37.59419],[-121.63106,37.59418],[-121.63135,37.59428],[-121.63161,37.59463],[-121.63185,37.596],[-121.63204,37.59627],[-121.63236,37.59647],[-121.63268,37.59653],[-121.63311,37.59646],[-121.63404,37.59593],[-121.63458,37.59583],[-121.63849,37.59669],[-121.63982,37.59665],[-121.64117,37.59745],[-121.64303,37.59817],[-121.64321,37.59841],[-121.64323,37.59893],[-121.64342,37.59914],[-121.64373,37.59921],[-121.6446,37.59917],[-121.64487,37.59925],[-121.64552,37.60008],[-121.6464,37.60063],[-121.64862,37.60118],[-121.64925,37.60098],[-121.64988,37.60042],[-121.65038,37.60041],[-121.65113,37.60124],[-121.6513,37.60194],[-121.65144,37.60214],[-121.65235,37.60264],[-121.6526,37.60312],[-121.65338,37.60314],[-121.65399,37.6037],[-121.65427,37.60368],[-121.65617,37.60295],[-121.65665,37.60299],[-121.65746,37.60338],[-121.65916,37.60306],[-121.66144,37.60379],[-121.66405,37.60476],[-121.66515,37.60494],[-121.66646,37.60549],[-121.66725,37.60534],[-121.66828,37.6056],[-121.6699,37.60525],[-121.67102,37.6053],[-121.67144,37.60559],[-121.67157,37.60586],[-121.67126,37.60662],[-121.67128,37.60695],[-121.67181,37.60727],[-121.67283,37.60735],[-121.67302,37.60743],[-121.67338,37.60781],[-121.6733,37.60851],[-121.67353,37.60884],[-121.6743,37.6089],[-121.6749,37.6091],[-121.67565,37.60887],[-121.67609,37.60885],[-121.67692,37.60939],[-121.67771,37.60955],[-121.67852,37.60944],[-121.67871,37.60954],[-121.67934,37.61035],[-121.68028,37.61084],[-121.68246,37.61132],[-121.68383,37.61185],[-121.68478,37.61213],[-121.68541,37.61215],[-121.68685,37.61189],[-121.68757,37.61201],[-121.69345,37.61559],[-121.69607,37.61668],[-121.69667,37.61711],[-121.69748,37.6179],[-121.69891,37.61894],[-121.70059,37.62041],[-121.70108,37.62089],[-121.70205,37.62212],[-121.70226,37.62219],[-121.70283,37.62212],[-121.70416,37.62558],[-121.70429,37.62693],[-121.70559,37.62896],[-121.70619,37.62969],[-121.70754,37.63085],[-121.70928,37.63324],[-121.71044,37.6341],[-121.71097,37.63469],[-121.71175,37.63577],[-121.71229,37.63689],[-121.71398,37.63889],[-121.71504,37.64066],[-121.71617,37.64202],[-121.7169,37.64268],[-121.71888,37.64546],[-121.71985,37.64753],[-121.721,37.64885],[-121.72158,37.65023],[-121.72373,37.65287],[-121.72484,37.65482],[-121.72533,37.65543],[-121.73164,37.65946],[-121.73228,37.66004],[-121.73263,37.66055],[-121.73286,37.66132],[-121.73291,37.66513]]]}},{"type":"Feature","properties":{"id":"san-antonio","name":"San Antonio Valley Road","difficulty":3,"character":"Technical"},"geometry":{"type":"MultiLineString","coordinates":[[[-121.49039,37.39175],[-121.49145,37.38716],[-121.49149,37.38613],[-121.49139,37.38552],[-121.49103,37.38493],[-121.48863,37.38238],[-121.48767,37.38114],[-121.48476,37.3769],[-121.48447,37.37631],[-121.48437,37.37583],[-121.4842,37.36989],[-121.48428,37.36943],[-121.4845,37.3691],[-121.48478,37.36892],[-121.48639,37.36834],[-121.48722,37.36787],[-121.48775,37.36723],[-121.48791,37.36692],[-121.48791,37.36666],[-121.48682,37.36535],[-121.48494,37.36381],[-121.48429,37.3631],[-121.47833,37.35302],[-121.47822,37.34816],[-121.47768,37.34712],[-121.47772,37.34656],[-121.47812,37.34512],[-121.47769,37.34132],[-121.47773,37.34079],[-121.47655,37.3386],[-121.47615,37.33699],[-121.47615,37.33661],[-121.47645,37.33549],[-121.47625,37.33365],[-121.47626,37.33265],[-121.47508,37.33019],[-121.47476,37.32932],[-121.47475,37.32782],[-121.47526,37.32704],[-121.47558,37.32683],[-121.47665,37.32672],[-121.4771,37.32678],[-121.47904,37.32769],[-121.48034,37.32812],[-121.48112,37.32859],[-121.4822,37.32878],[-121.48363,37.32867],[-121.48451,37.32893],[-121.48539,37.32865],[-121.48561,37.32831],[-121.48578,37.32827],[-121.48622,37.32852],[-121.4867,37.32859],[-121.48692,37.32885],[-121.48742,37.32897],[-121.48819,37.32949],[-121.48871,37.32956],[-121.48913,37.32952],[-121.49032,37.32975],[-121.49095,37.33013],[-121.49113,37.33058],[-121.49205,37.33095],[-121.49234,37.33154],[-121.49286,37.33173],[-121.4933,37.33209],[-121.49522,37.33262],[-121.49559,37.33282],[-121.49628,37.33282],[-121.4973,37.33316],[-121.49868,37.33319],[-121.50057,37.33347],[-121.50147,37.33382],[-121.50194,37.33428],[-121.50315,37.33516],[-121.50438,37.33556],[-121.50651,37.33582],[-121.50747,37.33632],[-121.50863,37.33654],[-121.51001,37.3371],[-121.51167,37.33753],[-121.51293,37.33805],[-121.51503,37.33944],[-121.51571,37.34009],[-121.51663,37.34029],[-121.51716,37.3405],[-121.51852,37.34137],[-121.51991,37.34165],[-121.52113,37.34206],[-121.52154,37.34201],[-121.52274,37.34155],[-121.52307,37.3415],[-121.52552,37.34245],[-121.52593,37.34246],[-121.52683,37.34226],[-121.52708,37.34229],[-121.52753,37.34257],[-121.52775,37.34285],[-121.52812,37.34395],[-121.52911,37.34475],[-121.52994,37.34501],[-121.53051,37.34538],[-121.5319,37.34668],[-121.53245,37.34758],[-121.53397,37.34872],[-121.53472,37.35017],[-121.53502,37.3504],[-121.53591,37.35059],[-121.53888,37.35088],[-121.53931,37.35114],[-121.53964,37.35173],[-121.54005,37.35178],[-121.54082,37.3517],[-121.54155,37.35185],[-121.54203,37.35212],[-121.54264,37.35276],[-121.54282,37.35279],[-121.54312,37.35259],[-121.5434,37.35207],[-121.54356,37.35148],[-121.54375,37.35146],[-121.54413,37.35172],[-121.54495,37.35157],[-121.54505,37.35117],[-121.54485,37.35058],[-121.54494,37.35043],[-121.54521,37.35041],[-121.54574,37.351],[-121.54623,37.35134],[-121.54781,37.35193],[-121.5482,37.35252],[-121.54849,37.35273],[-121.54961,37.35326],[-121.55211,37.35414],[-121.55246,37.35417],[-121.55336,37.35395],[-121.55533,37.35372],[-121.55634,37.35368],[-121.55774,37.35399],[-121.55865,37.35446],[-121.55977,37.35438],[-121.56023,37.35448],[-121.56104,37.35489],[-121.56215,37.35503],[-121.56283,37.35547],[-121.56337,37.35618],[-121.56363,37.35634],[-121.56455,37.35644],[-121.56639,37.35607],[-121.56713,37.35605],[-121.56748,37.35619],[-121.56807,37.3566],[-121.5695,37.35706],[-121.57036,37.35768],[-121.57115,37.358],[-121.5715,37.35807],[-121.57252,37.35803],[-121.57318,37.35778],[-121.57435,37.35905],[-121.57437,37.35926],[-121.57408,37.35962],[-121.5742,37.35981],[-121.57447,37.35974],[-121.57466,37.3594],[-121.57465,37.35836],[-121.57493,37.35707],[-121.575,37.35689],[-121.57523,37.35679],[-121.57599,37.35706],[-121.57681,37.35686],[-121.57801,37.35706],[-121.57877,37.35695],[-121.57936,37.35732],[-121.57986,37.35745],[-121.58037,37.35776],[-121.58189,37.35787],[-121.58222,37.35815],[-121.58225,37.35858],[-121.58246,37.35884],[-121.58368,37.35957],[-121.58408,37.35952],[-121.58421,37.35935],[-121.58424,37.35885],[-121.58444,37.35821],[-121.5841,37.3578],[-121.58414,37.35735],[-121.58384,37.35681],[-121.58388,37.35663],[-121.58414,37.35647],[-121.58439,37.35648],[-121.58498,37.35688],[-121.58643,37.35738],[-121.58674,37.35731],[-121.58776,37.35679],[-121.58918,37.35657],[-121.58963,37.35636],[-121.58993,37.35603],[-121.59044,37.35475],[-121.59045,37.35335],[-121.5903,37.35315],[-121.58986,37.35306],[-121.58892,37.35262],[-121.58884,37.35244],[-121.58903,37.35205],[-121.58931,37.35193],[-121.59063,37.35195],[-121.59113,37.35113],[-121.59234,37.35073],[-121.59284,37.35018],[-121.59365,37.35023],[-121.59454,37.34955],[-121.59507,37.34939],[-121.59539,37.34875],[-121.59561,37.34879],[-121.59563,37.34894],[-121.59508,37.35009],[-121.59469,37.35061],[-121.59486,37.35086],[-121.59542,37.35107],[-121.59555,37.35098],[-121.59518,37.35066],[-121.59548,37.35033],[-121.59636,37.34985],[-121.59762,37.34891],[-121.59839,37.3488],[-121.59891,37.34836],[-121.5991,37.34831],[-121.59923,37.34844],[-121.59905,37.34891],[-121.59833,37.3497],[-121.59837,37.35],[-121.59861,37.35004],[-121.59909,37.34992],[-121.59983,37.35],[-121.60016,37.34977],[-121.60039,37.34975],[-121.60066,37.35021],[-121.60104,37.35048],[-121.6021,37.35085],[-121.60372,37.35105],[-121.60436,37.35135],[-121.60501,37.35193],[-121.60533,37.35209],[-121.60589,37.35199],[-121.60655,37.35114],[-121.60712,37.35133],[-121.60798,37.35114],[-121.60813,37.35088],[-121.60819,37.35024],[-121.60839,37.35002],[-121.60904,37.35025],[-121.60996,37.3501],[-121.61024,37.35091],[-121.61052,37.35113],[-121.61074,37.35114],[-121.6109,37.35094],[-121.61083,37.35013],[-121.61093,37.34983],[-121.61136,37.34951],[-121.61203,37.3494],[-121.61216,37.3495],[-121.61217,37.34989],[-121.61249,37.35017],[-121.61356,37.3503],[-121.61375,37.35041],[-121.61371,37.35082],[-121.61342,37.35135],[-121.61385,37.35191],[-121.61382,37.35218],[-121.61392,37.35227],[-121.61406,37.35215],[-121.61409,37.35193],[-121.61388,37.35139],[-121.61425,37.35088],[-121.61448,37.35023],[-121.61496,37.34985],[-121.61485,37.34895]]]}},{"type":"Feature","properties":{"id":"hamilton","name":"Mount Hamilton Road","difficulty":3,"character":"Technical"},"geometry":{"type":"MultiLineString","coordinates":[[[-121.61485,37.34895],[-121.61509,37.34887],[-121.61554,37.34917],[-121.61604,37.34898],[-121.61615,37.34914],[-121.61616,37.34966],[-121.61635,37.34975],[-121.6172,37.34883],[-121.61743,37.34877],[-121.61862,37.34922],[-121.61907,37.34973],[-121.61953,37.34993],[-121.6198,37.34994],[-121.62009,37.34974],[-121.62029,37.34975],[-121.62054,37.35023],[-121.62068,37.35029],[-121.62076,37.35021],[-121.62062,37.34994],[-121.62062,37.34962],[-121.62041,37.34929],[-121.62051,37.34899],[-121.62066,37.34887],[-121.62081,37.3489],[-121.62094,37.34946],[-121.62136,37.34957],[-121.62181,37.34916],[-121.62197,37.34855],[-121.62335,37.34839],[-121.62355,37.34791],[-121.62335,37.34725],[-121.62376,37.34659],[-121.62436,37.34669],[-121.62503,37.34654],[-121.62571,37.34665],[-121.62591,37.34648],[-121.62599,37.34595],[-121.62684,37.34559],[-121.6272,37.34563],[-121.62767,37.3455],[-121.62852,37.346],[-121.62908,37.34596],[-121.63018,37.34604],[-121.63081,37.34583],[-121.63145,37.34524],[-121.63193,37.34545],[-121.63221,37.34547],[-121.63277,37.34497],[-121.63401,37.34445],[-121.63461,37.3439],[-121.63568,37.34335],[-121.63636,37.34323],[-121.63692,37.34279],[-121.63758,37.34253],[-121.63802,37.34221],[-121.6393,37.34244],[-121.63984,37.34235],[-121.64038,37.34211],[-121.64111,37.34194],[-121.64344,37.34233],[-121.6438,37.34195],[-121.64382,37.34159],[-121.64414,37.34082],[-121.64383,37.33896],[-121.64364,37.33846],[-121.64373,37.33781],[-121.64402,37.33726],[-121.64417,37.33728],[-121.64546,37.33851],[-121.64526,37.33957],[-121.64503,37.34019],[-121.64534,37.3417],[-121.64531,37.3423],[-121.64549,37.3424],[-121.64604,37.34238],[-121.6464,37.34205],[-121.6469,37.34177],[-121.64702,37.34185],[-121.64713,37.34228],[-121.64755,37.34249],[-121.64756,37.34241],[-121.64722,37.34215],[-121.64723,37.34194],[-121.64748,37.34148],[-121.64805,37.34096],[-121.64805,37.34053],[-121.64817,37.34046],[-121.64828,37.34054],[-121.64833,37.34101],[-121.64795,37.34141],[-121.64787,37.34164],[-121.64901,37.34163],[-121.64983,37.34225],[-121.65023,37.34225],[-121.65044,37.34193],[-121.65037,37.34101],[-121.6505,37.34093],[-121.65094,37.34095],[-121.65105,37.34064],[-121.65117,37.34058],[-121.65172,37.34091],[-121.65187,37.34084],[-121.65157,37.33987],[-121.65191,37.33927],[-121.65227,37.33918],[-121.65268,37.33935],[-121.65287,37.33935],[-121.65331,37.33889],[-121.65372,37.33893],[-121.65387,37.33912],[-121.65384,37.3395],[-121.65457,37.33978],[-121.65478,37.34007],[-121.65494,37.34011],[-121.65502,37.33999],[-121.65494,37.33976],[-121.65451,37.33952],[-121.65437,37.33931],[-121.65437,37.33839],[-121.65422,37.33833],[-121.6538,37.3384],[-121.65307,37.3381],[-121.65331,37.33749],[-121.65325,37.33688],[-121.65337,37.3368],[-121.6535,37.33684],[-121.65372,37.33745],[-121.65359,37.33782],[-121.65389,37.33791],[-121.65424,37.33775],[-121.65462,37.33714],[-121.65488,37.33698],[-121.65518,37.33706],[-121.65548,37.3374],[-121.6565,37.33734],[-121.65666,37.33716],[-121.65678,37.33658],[-121.65717,37.33628],[-121.65738,37.3364],[-121.65765,37.33694],[-121.65813,37.33714],[-121.65829,37.33814],[-121.65812,37.33848],[-121.65733,37.33858],[-121.65664,37.33899],[-121.65664,37.3391],[-121.6571,37.3393],[-121.65717,37.33944],[-121.65694,37.34037],[-121.657,37.34087],[-121.6572,37.34083],[-121.65748,37.34035],[-121.65811,37.34014],[-121.65873,37.3402],[-121.65913,37.3405],[-121.65978,37.34064],[-121.6603,37.34045],[-121.66104,37.34053],[-121.66158,37.34036],[-121.66198,37.34007],[-121.66298,37.33992],[-121.66356,37.33944],[-121.66401,37.33889],[-121.66432,37.33872],[-121.66477,37.3389],[-121.66482,37.33916],[-121.66448,37.33936],[-121.66403,37.33948],[-121.66332,37.34042],[-121.66322,37.34093],[-121.66246,37.34121],[-121.66249,37.34136],[-121.66299,37.34187],[-121.66318,37.34184],[-121.66295,37.34148],[-121.66304,37.34127],[-121.66389,37.34101],[-121.66442,37.34058],[-121.66516,37.34069],[-121.66562,37.34056],[-121.6663,37.34082],[-121.66657,37.34103],[-121.66682,37.34105],[-121.66705,37.34058],[-121.66762,37.34027],[-121.66781,37.33969],[-121.66757,37.3395],[-121.6666,37.33922],[-121.66673,37.33863],[-121.66614,37.3383],[-121.6659,37.3377],[-121.66655,37.33707],[-121.66718,37.3369],[-121.6671,37.33644],[-121.66726,37.33613],[-121.66695,37.33563],[-121.66762,37.33503],[-121.66754,37.33494],[-121.66703,37.33509],[-121.66692,37.33503],[-121.66725,37.33456],[-121.66754,37.33362],[-121.66803,37.33308],[-121.66797,37.33294],[-121.6675,37.33265],[-121.66726,37.33264],[-121.6669,37.33282],[-121.66674,37.33272],[-121.66667,37.33255],[-121.66692,37.33214],[-121.66704,37.33098],[-121.66674,37.33055],[-121.66655,37.33047],[-121.66612,37.33056],[-121.66579,37.33084],[-121.66546,37.33077],[-121.66489,37.32944],[-121.66505,37.32927],[-121.66556,37.32901],[-121.66619,37.32892],[-121.66636,37.32878],[-121.66633,37.32858],[-121.66603,37.32836],[-121.66594,37.32754],[-121.66658,37.32726],[-121.66744,37.32735],[-121.66778,37.3272],[-121.66789,37.32702],[-121.66786,37.3263],[-121.66796,37.3262],[-121.669,37.3263],[-121.6693,37.32688],[-121.66973,37.32728],[-121.67066,37.32766],[-121.67091,37.32767],[-121.6711,37.32759],[-121.67111,37.32735],[-121.66987,37.32599],[-121.66874,37.32441],[-121.6687,37.32413],[-121.66897,37.32361],[-121.66939,37.32343],[-121.66959,37.32351],[-121.67104,37.32478],[-121.67314,37.32555],[-121.67343,37.32588],[-121.67374,37.32665],[-121.6744,37.32784],[-121.67608,37.32897],[-121.67687,37.32903],[-121.67714,37.32947],[-121.67756,37.32946],[-121.67896,37.32913],[-121.68243,37.32864],[-121.68275,37.32867],[-121.68302,37.32881],[-121.68322,37.32946],[-121.68416,37.32958],[-121.68426,37.33001],[-121.68455,37.33027],[-121.68493,37.33039],[-121.68559,37.33029],[-121.68587,37.33042],[-121.68604,37.33077],[-121.68597,37.33094],[-121.68522,37.3311],[-121.68512,37.3312],[-121.68519,37.33133],[-121.68574,37.3317],[-121.68676,37.33185],[-121.68725,37.33203],[-121.68811,37.33178],[-121.68812,37.33129],[-121.68823,37.33112],[-121.68845,37.33103],[-121.689,37.33105],[-121.68951,37.33075],[-121.6896,37.33053],[-121.68926,37.32984],[-121.68943,37.32957],[-121.6899,37.32943],[-121.69044,37.32964],[-121.69063,37.32963],[-121.69109,37.32939],[-121.69117,37.32904],[-121.69129,37.32892],[-121.69215,37.32907],[-121.6924,37.3288],[-121.69284,37.32881],[-121.69309,37.329],[-121.69309,37.32918],[-121.69278,37.32945],[-121.69221,37.3297],[-121.69206,37.32992],[-121.69211,37.33002],[-121.69276,37.33022],[-121.69308,37.33068],[-121.69391,37.33062],[-121.69429,37.33073],[-121.69517,37.33078],[-121.69532,37.33104],[-121.6952,37.33152],[-121.69531,37.3316],[-121.69563,37.33157],[-121.69627,37.33132],[-121.69644,37.33135],[-121.69651,37.33155],[-121.6964,37.33197],[-121.69721,37.33234],[-121.69754,37.33305],[-121.69723,37.33329],[-121.6965,37.33346],[-121.69656,37.33385],[-121.6964,37.33416],[-121.69649,37.33424],[-121.69721,37.3341],[-121.6984,37.33466],[-121.69887,37.33445],[-121.69905,37.33445],[-121.69963,37.3356],[-121.69979,37.33569],[-121.7005,37.33544],[-121.70087,37.33497],[-121.70164,37.33447],[-121.70272,37.33515],[-121.70464,37.33568],[-121.70568,37.33636],[-121.70647,37.33652],[-121.70674,37.33667],[-121.70721,37.33722],[-121.70716,37.3378],[-121.70818,37.33801],[-121.70914,37.33856],[-121.70953,37.33929],[-121.70993,37.33967],[-121.71057,37.33998],[-121.71138,37.34012],[-121.7124,37.34065],[-121.71369,37.34099],[-121.71484,37.34195],[-121.71536,37.3422],[-121.71623,37.34229],[-121.72049,37.34141],[-121.72096,37.34145],[-121.72144,37.34163],[-121.72177,37.34188],[-121.72223,37.34255],[-121.72371,37.34348],[-121.72606,37.34621],[-121.72689,37.34667],[-121.72789,37.34803],[-121.72878,37.34844],[-121.72978,37.34906],[-121.73118,37.34952],[-121.73172,37.34983],[-121.7331,37.35108],[-121.73389,37.35166],[-121.73427,37.3521],[-121.73491,37.35222],[-121.73539,37.35264],[-121.73643,37.35296],[-121.73672,37.35287],[-121.73712,37.35251],[-121.73732,37.35249],[-121.73785,37.35277],[-121.73812,37.35348],[-121.73865,37.35376],[-121.73892,37.35378],[-121.73958,37.35363],[-121.74102,37.35377],[-121.74105,37.35393],[-121.74077,37.3542],[-121.74074,37.35438],[-121.7415,37.35509],[-121.74239,37.3555],[-121.74355,37.3555],[-121.744,37.35586],[-121.74495,37.35573],[-121.74521,37.35614],[-121.74501,37.35657],[-121.74503,37.3568],[-121.74551,37.35704],[-121.74569,37.35737],[-121.74657,37.3574],[-121.74727,37.35779],[-121.74786,37.3578],[-121.74791,37.35789],[-121.74773,37.35819],[-121.74796,37.35845],[-121.74829,37.35849],[-121.74886,37.35834],[-121.74943,37.35841],[-121.74993,37.35879],[-121.75065,37.35877],[-121.75126,37.35911],[-121.75216,37.35915],[-121.75257,37.35937],[-121.75321,37.35936],[-121.75407,37.35965],[-121.75423,37.35996],[-121.75417,37.36047],[-121.75494,37.36056],[-121.75521,37.36072],[-121.75517,37.36089],[-121.7546,37.36124],[-121.75439,37.36167],[-121.75481,37.36211],[-121.75496,37.36263],[-121.75551,37.36295],[-121.75688,37.36326],[-121.75796,37.36311],[-121.76029,37.3632],[-121.76094,37.36348],[-121.7612,37.36395],[-121.76271,37.36406],[-121.76292,37.36414],[-121.76309,37.36433],[-121.76329,37.36498],[-121.76468,37.36565],[-121.76524,37.36628],[-121.76543,37.36684],[-121.76648,37.36763],[-121.76752,37.36821],[-121.76756,37.36837],[-121.7674,37.36883],[-121.76752,37.36929],[-121.76816,37.36952],[-121.76834,37.3699],[-121.76895,37.37021],[-121.769,37.37037],[-121.76878,37.37081],[-121.76964,37.37129],[-121.76959,37.37183],[-121.77001,37.37205],[-121.77128,37.37214],[-121.77152,37.37231],[-121.77213,37.37321],[-121.77203,37.3736],[-121.77164,37.37399],[-121.77166,37.37427],[-121.77208,37.37481],[-121.77332,37.3752],[-121.77349,37.37537],[-121.77345,37.3757],[-121.77313,37.37629],[-121.77317,37.37645],[-121.77459,37.37692],[-121.7754,37.37742],[-121.77569,37.37785],[-121.77613,37.37792],[-121.77661,37.37776],[-121.77741,37.37816],[-121.77842,37.37817],[-121.77901,37.3784],[-121.77955,37.37821],[-121.78007,37.37838],[-121.78086,37.37848],[-121.78298,37.37771],[-121.78336,37.37768],[-121.78392,37.3779],[-121.78514,37.37735],[-121.78586,37.37737],[-121.78665,37.37716],[-121.78714,37.37689],[-121.78851,37.37576],[-121.78902,37.37593],[-121.7893,37.37653],[-121.78962,37.37674],[-121.78976,37.3767],[-121.78997,37.37639],[-121.79038,37.37623],[-121.7908,37.37624],[-121.79139,37.37644],[-121.7918,37.37643],[-121.79231,37.3759],[-121.79327,37.3757],[-121.79612,37.37589],[-121.7971,37.37634],[-121.79736,37.37638],[-121.79853,37.3761],[-121.79888,37.3759],[-121.79891,37.37564],[-121.7987,37.37514],[-121.7982,37.37445],[-121.79827,37.37428],[-121.79848,37.37424],[-121.79907,37.37489],[-121.80035,37.3758],[-121.80183,37.37717],[-121.80232,37.37727],[-121.80319,37.37702],[-121.80411,37.37707],[-121.80612,37.37787],[-121.80745,37.37804],[-121.80889,37.37859],[-121.80982,37.37873],[-121.81036,37.37891],[-121.81091,37.37936],[-121.81174,37.38082],[-121.81282,37.38195],[-121.81318,37.38218],[-121.81397,37.38243],[-121.81435,37.38312],[-121.8146,37.38337],[-121.81568,37.38394],[-121.81606,37.38403]],[[-121.76313,37.36449],[-121.76308,37.36414],[-121.76271,37.36406]]]}},{"type":"Feature","properties":{"id":"patterson","name":"Patterson Pass Road","difficulty":3,"character":"Technical"},"geometry":{"type":"MultiLineString","coordinates":[[[-121.69694,37.69582],[-121.71519,37.6958],[-121.716,37.69557],[-121.71722,37.69462],[-121.71813,37.69444],[-121.72041,37.69448],[-121.72395,37.69527],[-121.72665,37.69523],[-121.73225,37.69407],[-121.73405,37.69351],[-121.73727,37.6922],[-121.7381,37.69174],[-121.73861,37.69128],[-121.74061,37.68867],[-121.74063,37.68882],[-121.7387,37.6914],[-121.73761,37.69217],[-121.73303,37.69404],[-121.72676,37.69534],[-121.72591,37.69541],[-121.72394,37.69539],[-121.72038,37.69459],[-121.71802,37.69455],[-121.7172,37.69477],[-121.71597,37.69573],[-121.71518,37.69592],[-121.6971,37.69589],[-121.69527,37.69558],[-121.69352,37.69464],[-121.69251,37.69436],[-121.67827,37.69434],[-121.67657,37.69429],[-121.67507,37.69401],[-121.67433,37.69378],[-121.67306,37.69316],[-121.67145,37.6928],[-121.67028,37.69224],[-121.66956,37.6916],[-121.66638,37.69018],[-121.66599,37.68986],[-121.66369,37.68707],[-121.66223,37.68644],[-121.65973,37.68591],[-121.65688,37.68599],[-121.6555,37.68617],[-121.65403,37.68624],[-121.65227,37.68655],[-121.65006,37.68722],[-121.64925,37.68731],[-121.64671,37.68686],[-121.64435,37.68692],[-121.63971,37.6866],[-121.63918,37.68644],[-121.63755,37.68561],[-121.63692,37.68542],[-121.63598,37.6853],[-121.63202,37.68554],[-121.63021,37.68581],[-121.63005,37.68602],[-121.63001,37.68659],[-121.62964,37.68682],[-121.62755,37.68662],[-121.62677,37.68664],[-121.62502,37.6864],[-121.62058,37.68677],[-121.61769,37.68671],[-121.61576,37.68679],[-121.61444,37.68668],[-121.61364,37.68675],[-121.61221,37.68702],[-121.6105,37.68697],[-121.6076,37.68751],[-121.60657,37.68735],[-121.60497,37.68732],[-121.60397,37.68702],[-121.60299,37.68652],[-121.6024,37.68637],[-121.60025,37.68634],[-121.59748,37.68692],[-121.59613,37.68781],[-121.59583,37.68822],[-121.59546,37.68926],[-121.59435,37.69044],[-121.59364,37.69092],[-121.59233,37.69133],[-121.59233,37.69214],[-121.59205,37.69311],[-121.59119,37.69412],[-121.59064,37.69455],[-121.59039,37.69523],[-121.58944,37.69595],[-121.58939,37.69615],[-121.58951,37.69662],[-121.5891,37.69735],[-121.58853,37.69744],[-121.58766,37.69727],[-121.58743,37.69729],[-121.58504,37.69864],[-121.58451,37.69926],[-121.58418,37.70047],[-121.58364,37.70134],[-121.58176,37.70301],[-121.58042,37.70379],[-121.57872,37.70498],[-121.57616,37.70618],[-121.57432,37.70823],[-121.57352,37.70951],[-121.57315,37.70971],[-121.57205,37.71007],[-121.57097,37.71059],[-121.56989,37.71159],[-121.56925,37.71243],[-121.56827,37.713],[-121.56808,37.71336],[-121.56811,37.71459],[-121.56802,37.71485],[-121.56772,37.71493],[-121.55886,37.7149]]]}},{"type":"Feature","properties":{"id":"redwood","name":"Redwood Road","difficulty":2,"character":"Medium speed"},"geometry":{"type":"MultiLineString","coordinates":[[[-122.18998,37.7989],[-122.18679,37.79877],[-122.18463,37.79828],[-122.18367,37.79791],[-122.18338,37.79771],[-122.18291,37.79687],[-122.18243,37.79646],[-122.18197,37.7963],[-122.18021,37.79605],[-122.17961,37.79578],[-122.17776,37.79437],[-122.1772,37.79424],[-122.17659,37.79431],[-122.1762,37.79449],[-122.17585,37.79481],[-122.1749,37.79672],[-122.17439,37.79712],[-122.17399,37.79721],[-122.17354,37.79715],[-122.17231,37.7964],[-122.17176,37.79623],[-122.17114,37.79631],[-122.17061,37.79667],[-122.17046,37.79697],[-122.17044,37.79739],[-122.17087,37.79946],[-122.17063,37.8002],[-122.17017,37.80104],[-122.17009,37.80145],[-122.17036,37.80228],[-122.17113,37.80335],[-122.17146,37.80434],[-122.17138,37.8047],[-122.171,37.80511],[-122.17035,37.80548],[-122.16797,37.80642],[-122.16735,37.80656],[-122.16619,37.80631],[-122.1652,37.806],[-122.16408,37.8054],[-122.1636,37.80498],[-122.1625,37.8045],[-122.16196,37.80409],[-122.16065,37.80385],[-122.1598,37.80324],[-122.15766,37.80201],[-122.15602,37.80036],[-122.15465,37.79928],[-122.15284,37.79852],[-122.15235,37.79841],[-122.15159,37.79842],[-122.15052,37.79825],[-122.14987,37.79852],[-122.14925,37.79919],[-122.14802,37.79985],[-122.14671,37.79992],[-122.14598,37.80021],[-122.14554,37.80029],[-122.14409,37.80028],[-122.1433,37.79981],[-122.14191,37.79869],[-122.14097,37.79846],[-122.1405,37.79802],[-122.13959,37.79772],[-122.13926,37.79718],[-122.13904,37.797],[-122.13832,37.79693],[-122.13777,37.7967],[-122.13658,37.79664],[-122.13624,37.79651],[-122.13476,37.7948],[-122.13338,37.79366],[-122.13283,37.79253],[-122.13216,37.79182],[-122.13223,37.79136],[-122.13182,37.79072],[-122.13115,37.79039],[-122.13085,37.78998],[-122.13051,37.78922],[-122.12944,37.7882],[-122.129,37.78762],[-122.12893,37.7874],[-122.12901,37.78708],[-122.12872,37.78646],[-122.1286,37.78582],[-122.12817,37.78532],[-122.12798,37.7848],[-122.1275,37.78414],[-122.12739,37.78384],[-122.12742,37.78336],[-122.12718,37.78268],[-122.12696,37.78256],[-122.12639,37.78253],[-122.12601,37.78224],[-122.12605,37.78175],[-122.12572,37.78132],[-122.12571,37.7809],[-122.12523,37.78017],[-122.12469,37.77999],[-122.12445,37.77981],[-122.12444,37.77941],[-122.12398,37.77867],[-122.12404,37.77827],[-122.12472,37.77745],[-122.12477,37.77725],[-122.12467,37.77699],[-122.12355,37.77576],[-122.12208,37.77464],[-122.12168,37.77401],[-122.12078,37.77379],[-122.12042,37.77357],[-122.11924,37.77219],[-122.11922,37.77138],[-122.11867,37.7709],[-122.11836,37.77041],[-122.11794,37.77021],[-122.11754,37.77026],[-122.11698,37.77063],[-122.11588,37.77169],[-122.11553,37.77179],[-122.11518,37.77172],[-122.115,37.7716],[-122.11487,37.77133],[-122.11483,37.77047],[-122.11407,37.76975],[-122.11396,37.76955],[-122.11412,37.76934],[-122.11463,37.76917],[-122.11489,37.76892],[-122.11483,37.76864],[-122.11445,37.76824],[-122.11334,37.76773],[-122.11289,37.76707],[-122.11262,37.76694],[-122.11104,37.76664],[-122.11079,37.76674],[-122.11053,37.76712],[-122.1103,37.76727],[-122.10987,37.76728],[-122.10958,37.76712],[-122.10948,37.76681],[-122.10969,37.7662],[-122.10966,37.76588],[-122.10943,37.76564],[-122.10874,37.76526],[-122.10835,37.76461],[-122.1083,37.76378],[-122.1084,37.76309],[-122.10827,37.76275],[-122.10619,37.76068],[-122.10585,37.76019],[-122.10478,37.7591],[-122.10262,37.75796],[-122.10247,37.75762],[-122.10255,37.75686],[-122.10195,37.75626],[-122.10188,37.75529],[-122.10145,37.75485],[-122.10116,37.75436],[-122.09986,37.75396],[-122.09896,37.7534],[-122.09814,37.75312],[-122.09789,37.75268],[-122.09789,37.75213],[-122.09756,37.75168],[-122.09711,37.75145],[-122.09624,37.75149],[-122.09603,37.75143],[-122.09582,37.75117],[-122.09589,37.75056],[-122.09569,37.75028],[-122.09524,37.75004],[-122.09421,37.74978],[-122.09366,37.74889],[-122.09237,37.74839],[-122.09055,37.74729],[-122.0892,37.74612],[-122.08855,37.74578],[-122.08801,37.74438],[-122.08758,37.74392],[-122.08702,37.74353],[-122.08679,37.74269],[-122.08602,37.74198],[-122.08609,37.74138],[-122.0858,37.74071],[-122.0855,37.74039],[-122.08496,37.74003],[-122.08489,37.73962],[-122.08452,37.73915],[-122.08437,37.73855],[-122.08337,37.73776],[-122.08294,37.73755],[-122.08212,37.73735],[-122.08144,37.73685],[-122.08046,37.73659],[-122.07977,37.73677],[-122.07666,37.73821],[-122.07614,37.73818],[-122.07571,37.73785],[-122.07565,37.73768],[-122.07574,37.73735],[-122.07691,37.73618],[-122.07735,37.73593],[-122.07842,37.73573],[-122.07978,37.73497],[-122.08094,37.73374],[-122.08109,37.73317],[-122.08023,37.72916],[-122.07965,37.72728],[-122.07983,37.72507],[-122.07966,37.72452],[-122.07849,37.72324],[-122.0754,37.72091],[-122.07392,37.71886],[-122.07379,37.71845],[-122.07373,37.71696],[-122.07394,37.71182],[-122.07399,37.70417],[-122.07404,37.70412],[-122.07411,37.70417],[-122.07412,37.70538],[-122.07403,37.70547]],[[-122.07404,37.70412],[-122.07395,37.70099],[-122.07402,37.70076],[-122.07408,37.70099],[-122.07403,37.70269]],[[-122.17086,37.79914],[-122.17055,37.79712],[-122.17082,37.79659],[-122.17136,37.79633],[-122.17193,37.79634],[-122.17351,37.79724],[-122.174,37.7973],[-122.17446,37.79721],[-122.17478,37.79704],[-122.17502,37.79677],[-122.17603,37.79479],[-122.17645,37.79448],[-122.177,37.79435],[-122.17755,37.79441],[-122.17786,37.79456],[-122.17915,37.79561],[-122.17993,37.79606],[-122.18062,37.79626],[-122.18193,37.7964],[-122.18236,37.79655],[-122.18274,37.79686],[-122.18326,37.79777],[-122.18368,37.79803],[-122.18453,37.79837],[-122.18555,37.79866],[-122.18688,37.7989],[-122.18994,37.79901]],[[-122.07402,37.70076],[-122.07397,37.69274],[-122.0738,37.69009]],[[-122.07358,37.69005],[-122.07395,37.69811]],[[-122.07398,37.71005],[-122.07406,37.70896],[-122.07399,37.70889]]]}},{"type":"Feature","properties":{"id":"grizzly","name":"Grizzly Peak Boulevard","difficulty":2,"character":"Low speed"},"geometry":{"type":"MultiLineString","coordinates":[[[-122.26952,37.90433],[-122.26959,37.90444],[-122.26953,37.90488],[-122.26947,37.90463],[-122.26956,37.90352],[-122.26728,37.9022],[-122.26712,37.9019],[-122.26671,37.90157],[-122.26642,37.90093],[-122.26542,37.89951],[-122.26511,37.89926],[-122.26401,37.89899],[-122.26331,37.89853],[-122.26256,37.89832],[-122.26217,37.8981],[-122.26193,37.89771],[-122.26182,37.89715],[-122.26148,37.89686],[-122.26095,37.89672],[-122.26065,37.89652],[-122.26032,37.89575],[-122.25963,37.89482],[-122.25918,37.89448],[-122.258,37.89392],[-122.25756,37.89279],[-122.25723,37.89262],[-122.25665,37.89259],[-122.25594,37.89241],[-122.25538,37.89187],[-122.25454,37.89127],[-122.25381,37.89093],[-122.25281,37.89068],[-122.2524,37.89041],[-122.25185,37.88916],[-122.25175,37.88791],[-122.2515,37.88728],[-122.25047,37.88626],[-122.24899,37.88565],[-122.24863,37.88501],[-122.24785,37.8844],[-122.24787,37.88408],[-122.24859,37.88366],[-122.24886,37.88309],[-122.2488,37.8827],[-122.24841,37.88238],[-122.24796,37.88223],[-122.24738,37.88237],[-122.24728,37.88252],[-122.2473,37.88298],[-122.24698,37.88322],[-122.24571,37.88298],[-122.24519,37.88283],[-122.244,37.8822],[-122.24373,37.88186],[-122.24384,37.88136],[-122.24379,37.88116],[-122.24359,37.88105],[-122.24313,37.88103],[-122.24288,37.88117],[-122.24256,37.88158],[-122.24195,37.88188],[-122.24154,37.8826],[-122.24041,37.88304],[-122.24025,37.88327],[-122.24017,37.8837],[-122.24023,37.88431],[-122.23993,37.88442],[-122.2394,37.88426],[-122.23913,37.88406],[-122.2391,37.8838],[-122.2394,37.8835],[-122.23945,37.88325],[-122.23915,37.88289],[-122.23865,37.88259],[-122.23821,37.88257],[-122.23794,37.88264],[-122.23705,37.88355],[-122.23652,37.88373],[-122.23628,37.88362],[-122.23612,37.88333],[-122.23602,37.88216],[-122.23573,37.88202],[-122.235,37.88207],[-122.23432,37.88148],[-122.23356,37.88144],[-122.23294,37.88125],[-122.23222,37.88148],[-122.23183,37.8815],[-122.23057,37.88096],[-122.23019,37.88067],[-122.2296,37.8804],[-122.22645,37.87962],[-122.2258,37.87964],[-122.22441,37.88032],[-122.22393,37.88041],[-122.22349,37.88031],[-122.22178,37.87958],[-122.22154,37.87921],[-122.22133,37.87849],[-122.22053,37.87782],[-122.22043,37.87709],[-122.22023,37.87668],[-122.22036,37.87633],[-122.22156,37.87555],[-122.22178,37.8753],[-122.22181,37.87505],[-122.2216,37.8744],[-122.22085,37.87384],[-122.22069,37.87267],[-122.22052,37.8724],[-122.22028,37.87228],[-122.21947,37.87241],[-122.21927,37.87233],[-122.21856,37.87156],[-122.21886,37.8709],[-122.21883,37.87069],[-122.21723,37.86927],[-122.21683,37.86861],[-122.21621,37.86828],[-122.21612,37.86809],[-122.21629,37.86786],[-122.21652,37.86784],[-122.21716,37.86828],[-122.21761,37.86839],[-122.21941,37.86808],[-122.21991,37.8678],[-122.2203,37.86703],[-122.22132,37.8663],[-122.22182,37.86627],[-122.22225,37.86649],[-122.22264,37.86649],[-122.22279,37.86628],[-122.22274,37.86573],[-122.22264,37.86553],[-122.22198,37.86522],[-122.22207,37.8645],[-122.222,37.86424],[-122.22183,37.86416],[-122.22157,37.86417],[-122.22128,37.8646],[-122.22112,37.86467],[-122.22085,37.86462],[-122.22034,37.86433],[-122.2196,37.8637],[-122.21934,37.86335],[-122.21868,37.86298],[-122.21746,37.86194],[-122.21714,37.86127],[-122.21639,37.86051],[-122.2163,37.8599],[-122.21613,37.8596],[-122.21448,37.85862],[-122.21392,37.85802],[-122.2131,37.85784],[-122.21263,37.85739],[-122.21196,37.85695],[-122.21172,37.85643],[-122.2117,37.85588],[-122.21115,37.85533],[-122.21107,37.85513],[-122.21104,37.85463],[-122.21122,37.85422],[-122.21119,37.85404],[-122.21091,37.85345],[-122.21038,37.85296],[-122.21034,37.85248],[-122.2102,37.85228],[-122.20893,37.8516],[-122.20792,37.85175],[-122.20711,37.85152],[-122.20545,37.85157],[-122.20447,37.85171],[-122.20268,37.85123],[-122.2023,37.85084],[-122.20228,37.8501],[-122.20162,37.84958],[-122.20137,37.84884],[-122.20073,37.84821],[-122.20064,37.84759]],[[-122.27114,37.90905],[-122.27097,37.90889],[-122.26971,37.90658],[-122.26953,37.90488]]]}},{"type":"Feature","properties":{"id":"diablo","name":"Mount Diablo roads","difficulty":3,"character":"Technical"},"geometry":{"type":"MultiLineString","coordinates":[[[-121.98997,37.89925],[-121.98835,37.89837],[-121.98821,37.89822],[-121.9882,37.89795],[-121.98877,37.89732],[-121.98885,37.89696],[-121.98872,37.89643],[-121.9881,37.89575],[-121.98814,37.89502],[-121.98797,37.89463],[-121.98686,37.89362],[-121.98591,37.89301],[-121.98571,37.8928],[-121.98565,37.89244],[-121.98547,37.89214],[-121.98419,37.89177],[-121.98172,37.88981],[-121.98061,37.88858],[-121.9801,37.88754],[-121.97909,37.88666],[-121.97848,37.88579],[-121.97653,37.88458],[-121.97545,37.8836],[-121.9746,37.88312],[-121.97375,37.88305],[-121.97306,37.88339],[-121.97258,37.88345],[-121.97247,37.88335],[-121.97265,37.88295],[-121.97258,37.88279],[-121.97238,37.88271],[-121.97146,37.88272],[-121.97087,37.88188],[-121.97024,37.88195],[-121.9687,37.88189],[-121.96852,37.88174],[-121.96846,37.88126],[-121.96822,37.88113],[-121.96715,37.88102],[-121.96622,37.8812],[-121.96609,37.88105],[-121.96616,37.88049],[-121.96604,37.88028],[-121.96575,37.88018],[-121.96525,37.88029],[-121.96503,37.88024],[-121.96488,37.87947],[-121.96434,37.87927],[-121.96368,37.87929],[-121.96346,37.87886],[-121.96303,37.87845],[-121.96153,37.87776],[-121.96125,37.87681],[-121.9615,37.87673],[-121.96179,37.87691],[-121.96205,37.87695],[-121.96233,37.87688],[-121.96252,37.87669],[-121.96258,37.8761],[-121.96296,37.87541],[-121.96293,37.87513],[-121.96264,37.87481],[-121.96119,37.87434],[-121.96027,37.8738],[-121.96013,37.87344],[-121.95982,37.87322],[-121.95932,37.87313],[-121.95868,37.87321],[-121.95807,37.87297],[-121.95778,37.87262],[-121.95659,37.87268],[-121.95601,37.87243],[-121.9555,37.87251],[-121.9548,37.87244],[-121.95427,37.87265],[-121.95373,37.87311],[-121.95351,37.87318],[-121.95323,37.87315],[-121.95304,37.87284],[-121.9528,37.87276],[-121.9515,37.87292],[-121.95073,37.87339],[-121.95043,37.87331],[-121.95028,37.87305],[-121.95005,37.87293],[-121.94915,37.87304],[-121.9491,37.8729],[-121.94929,37.87255],[-121.9498,37.87231],[-121.95005,37.87192],[-121.95054,37.87166],[-121.95064,37.87125],[-121.9504,37.87089],[-121.94969,37.87032],[-121.94914,37.8702],[-121.94904,37.86966],[-121.94892,37.86951],[-121.94854,37.8696],[-121.9481,37.86996],[-121.94785,37.87],[-121.94766,37.86994],[-121.94738,37.86964],[-121.94665,37.86946],[-121.9465,37.8693],[-121.94648,37.86891],[-121.94633,37.86862],[-121.94593,37.86833],[-121.94519,37.8674],[-121.94478,37.86725],[-121.94461,37.86663],[-121.94405,37.86619],[-121.94379,37.86579],[-121.94292,37.86621],[-121.94334,37.86704],[-121.94271,37.86751],[-121.94266,37.86765],[-121.94282,37.8678],[-121.94337,37.86795],[-121.94389,37.86847],[-121.94402,37.8687],[-121.94405,37.86951],[-121.94377,37.86949],[-121.94302,37.86877],[-121.94224,37.86873],[-121.94091,37.86839],[-121.94071,37.86845],[-121.94065,37.86868],[-121.94107,37.86899],[-121.94109,37.86949],[-121.94092,37.86957],[-121.93995,37.86948],[-121.93973,37.86958],[-121.93978,37.86971],[-121.94009,37.86991],[-121.94019,37.87013],[-121.94067,37.87013],[-121.94083,37.87022],[-121.94122,37.8707],[-121.94248,37.87154],[-121.94276,37.87185],[-121.94275,37.87204],[-121.94254,37.87207],[-121.94216,37.8717],[-121.94154,37.87148],[-121.94071,37.87134],[-121.9401,37.87141],[-121.93915,37.87112],[-121.93791,37.87097],[-121.93691,37.87042],[-121.93629,37.87033],[-121.93536,37.86978],[-121.93545,37.86898],[-121.93529,37.86776],[-121.93514,37.86757],[-121.93379,37.86726],[-121.93288,37.86735],[-121.93253,37.86699],[-121.93179,37.86667],[-121.93151,37.86619],[-121.9311,37.86596],[-121.93119,37.86527],[-121.93036,37.86499],[-121.93007,37.86459],[-121.93007,37.86425],[-121.93067,37.86374],[-121.93086,37.86332],[-121.93079,37.86278],[-121.93057,37.86254],[-121.93026,37.86259],[-121.92965,37.86291],[-121.92926,37.86319],[-121.92904,37.8635],[-121.92879,37.8636],[-121.9284,37.86356],[-121.92786,37.86306],[-121.9277,37.86302],[-121.92747,37.86326],[-121.92741,37.86354],[-121.92726,37.86364],[-121.92618,37.86357],[-121.9256,37.86335],[-121.92517,37.86338],[-121.92505,37.8635],[-121.92512,37.86372],[-121.92578,37.86417],[-121.9261,37.86468],[-121.92665,37.86516],[-121.92665,37.86532],[-121.92613,37.8658],[-121.92601,37.86609],[-121.92583,37.86617],[-121.92536,37.86608],[-121.92495,37.86572],[-121.92466,37.86563],[-121.92353,37.86557],[-121.92325,37.86564],[-121.92314,37.86586],[-121.92334,37.86623],[-121.92449,37.86731],[-121.92464,37.86791],[-121.92485,37.86827],[-121.92484,37.86861],[-121.92523,37.86923],[-121.9251,37.86974],[-121.92515,37.86997],[-121.92568,37.87067],[-121.92561,37.87131],[-121.92579,37.87145],[-121.92628,37.87152],[-121.92696,37.87137],[-121.92711,37.87145],[-121.92689,37.87183],[-121.92605,37.87226],[-121.92566,37.87258],[-121.92539,37.87294],[-121.92541,37.87313],[-121.92602,37.87326],[-121.92706,37.87367],[-121.92776,37.87365],[-121.92851,37.87452],[-121.92917,37.87437],[-121.92979,37.87496],[-121.9299,37.87542],[-121.92986,37.87614],[-121.93073,37.87641],[-121.93084,37.87668],[-121.93067,37.8768],[-121.93042,37.87679],[-121.92938,37.87627],[-121.92926,37.87611],[-121.92914,37.87529],[-121.92893,37.87518],[-121.92832,37.87528],[-121.92739,37.87517],[-121.92653,37.87551],[-121.92609,37.87508],[-121.92557,37.87501],[-121.92522,37.8752],[-121.92473,37.87593],[-121.92453,37.876],[-121.92362,37.87559],[-121.9227,37.87582],[-121.92131,37.87572],[-121.92103,37.87588],[-121.92055,37.87658],[-121.91976,37.87694],[-121.91948,37.87745],[-121.91927,37.87762],[-121.91871,37.87773],[-121.91792,37.87809],[-121.91785,37.87877],[-121.91771,37.87895],[-121.9169,37.87912],[-121.91607,37.87906],[-121.91506,37.87955],[-121.91428,37.87949],[-121.9141,37.87965],[-121.91427,37.87975],[-121.9148,37.8798],[-121.91616,37.87964],[-121.91704,37.87976],[-121.91751,37.87967],[-121.9181,37.87982],[-121.91864,37.87959],[-121.91911,37.87882],[-121.9194,37.87876],[-121.92003,37.87882],[-121.92033,37.87935],[-121.92054,37.88014],[-121.92115,37.88057],[-121.92109,37.88084],[-121.92036,37.88093],[-121.91953,37.88088],[-121.91934,37.88096],[-121.91908,37.88127],[-121.91879,37.88131],[-121.91816,37.88122],[-121.91766,37.88091],[-121.91724,37.88082],[-121.91639,37.88141],[-121.9156,37.88163],[-121.91475,37.88174]],[[-121.93241,37.86693],[-121.93226,37.86672],[-121.93222,37.86687]],[[-121.95197,37.83194],[-121.95198,37.83274],[-121.95156,37.83515],[-121.95083,37.83562],[-121.95013,37.83638],[-121.94947,37.83736],[-121.94871,37.8379],[-121.94827,37.83835],[-121.94801,37.83883],[-121.94749,37.84042],[-121.94751,37.84074],[-121.9477,37.84104],[-121.94901,37.84089],[-121.94956,37.84118],[-121.94967,37.84156],[-121.94956,37.84271],[-121.94976,37.84272],[-121.95,37.84252],[-121.95015,37.84264],[-121.95025,37.84397],[-121.95005,37.84424],[-121.94973,37.84423],[-121.94881,37.84387],[-121.94787,37.84334],[-121.94784,37.84321],[-121.9483,37.8429],[-121.94835,37.84273],[-121.94816,37.8424],[-121.94789,37.8423],[-121.94739,37.84245],[-121.94676,37.84297],[-121.94597,37.84345],[-121.94571,37.84312],[-121.9449,37.84259],[-121.94368,37.84199],[-121.94339,37.84207],[-121.94147,37.84347],[-121.94137,37.84345],[-121.94129,37.84306],[-121.9409,37.84291],[-121.94053,37.84294],[-121.94026,37.8432],[-121.94013,37.84322],[-121.94012,37.84292],[-121.94057,37.84224],[-121.94057,37.84202],[-121.94033,37.84166],[-121.94013,37.84147],[-121.9398,37.84134],[-121.93835,37.84104],[-121.93773,37.84126],[-121.93717,37.84198],[-121.93689,37.84302],[-121.93706,37.84374],[-121.93698,37.8443],[-121.93688,37.84439],[-121.93672,37.84436],[-121.93602,37.84376],[-121.93569,37.84362],[-121.93419,37.84356],[-121.93363,37.84401],[-121.93335,37.84399],[-121.93306,37.84367],[-121.93308,37.84335],[-121.93275,37.84257],[-121.93224,37.84225],[-121.93211,37.84164],[-121.9319,37.8414],[-121.9316,37.84146],[-121.93134,37.84196],[-121.93108,37.84208],[-121.92954,37.84219],[-121.92892,37.84179],[-121.9287,37.84176],[-121.92788,37.84199],[-121.92752,37.84237],[-121.92683,37.8424],[-121.92646,37.84274],[-121.9259,37.84251],[-121.92576,37.84207],[-121.92473,37.84099],[-121.92389,37.84091],[-121.92299,37.84063],[-121.92213,37.8407],[-121.92133,37.8413],[-121.92134,37.84154],[-121.92173,37.84233],[-121.92172,37.84247],[-121.92144,37.84257],[-121.92079,37.84259],[-121.92044,37.84281],[-121.9206,37.8432],[-121.92183,37.84366],[-121.92264,37.84423],[-121.92401,37.84452],[-121.92492,37.84497],[-121.9258,37.845],[-121.92688,37.84534],[-121.92706,37.84557],[-121.92681,37.8458],[-121.92677,37.84598],[-121.92684,37.84643],[-121.92704,37.84666],[-121.92791,37.84712],[-121.92884,37.84724],[-121.92938,37.84766],[-121.92996,37.8478],[-121.93171,37.84849],[-121.93252,37.84908],[-121.93283,37.84951],[-121.93285,37.84977],[-121.93269,37.85024],[-121.93278,37.85059],[-121.93274,37.85091],[-121.93253,37.85107],[-121.93203,37.85104],[-121.93171,37.85056],[-121.93144,37.85048],[-121.93106,37.85065],[-121.93063,37.8511],[-121.93038,37.85114],[-121.93019,37.85079],[-121.93023,37.85036],[-121.93,37.85025],[-121.92977,37.85041],[-121.92962,37.85095],[-121.92934,37.85129],[-121.92855,37.85176],[-121.92825,37.85182],[-121.9279,37.85146],[-121.92772,37.8514],[-121.92689,37.85161],[-121.92642,37.85131],[-121.92581,37.85179],[-121.92569,37.85198],[-121.92587,37.85222],[-121.92738,37.85269],[-121.92808,37.85283],[-121.92921,37.85289],[-121.92983,37.85325],[-121.93047,37.85341],[-121.93124,37.85436],[-121.93211,37.85509],[-121.93266,37.85543],[-121.93346,37.8555],[-121.9343,37.856],[-121.9345,37.85621],[-121.93473,37.85683],[-121.93567,37.85736],[-121.93545,37.85894],[-121.93451,37.85985],[-121.93395,37.86097],[-121.93271,37.86268],[-121.93283,37.86324],[-121.93327,37.86387],[-121.93257,37.86416],[-121.93255,37.8643],[-121.933,37.86446],[-121.93335,37.86491],[-121.93327,37.86502],[-121.9318,37.86577],[-121.932,37.86637],[-121.93226,37.86672]],[[-121.91724,37.88082],[-121.9163,37.88094],[-121.91544,37.88123],[-121.91471,37.88163]],[[-121.92079,37.84259],[-121.92037,37.84273],[-121.92033,37.84295],[-121.92055,37.84314]]]}},{"type":"Feature","properties":{"id":"hicks","name":"Hicks Road","difficulty":3,"character":"Technical"},"geometry":{"type":"MultiLineString","coordinates":[[[-121.90385,37.22656],[-121.90545,37.22593],[-121.90629,37.22544],[-121.90633,37.22516],[-121.90598,37.2247],[-121.90596,37.22408],[-121.907,37.22217],[-121.90723,37.22194],[-121.90825,37.22171],[-121.90845,37.22159],[-121.90863,37.22137],[-121.90882,37.22078],[-121.9095,37.22024],[-121.9097,37.21994],[-121.90958,37.21936],[-121.90901,37.21853],[-121.90917,37.2182],[-121.90955,37.21791],[-121.90998,37.21775],[-121.91235,37.21723],[-121.91268,37.2171],[-121.91301,37.21674],[-121.91347,37.21592],[-121.9135,37.21545],[-121.91303,37.2149],[-121.91278,37.21417],[-121.91241,37.21356],[-121.91152,37.21319],[-121.91015,37.21316],[-121.90968,37.21306],[-121.9095,37.21289],[-121.90936,37.21212],[-121.90828,37.21162],[-121.90691,37.21066],[-121.90658,37.21064],[-121.90586,37.21099],[-121.9051,37.21103],[-121.90468,37.21091],[-121.90408,37.21047],[-121.90368,37.20972],[-121.90253,37.20911],[-121.90215,37.20882],[-121.90188,37.20794],[-121.90156,37.2076],[-121.90047,37.20723],[-121.89939,37.20642],[-121.89849,37.20629],[-121.89759,37.20638],[-121.89715,37.20624],[-121.89688,37.20593],[-121.89676,37.20506],[-121.89628,37.20449],[-121.89359,37.2037],[-121.89226,37.20358],[-121.89081,37.20299],[-121.88966,37.20292],[-121.88812,37.20214],[-121.88742,37.20224],[-121.88672,37.20215],[-121.88553,37.20146],[-121.88444,37.20141],[-121.8832,37.20095],[-121.88234,37.19929],[-121.88154,37.1984],[-121.88131,37.1983],[-121.88057,37.19834],[-121.87993,37.19805],[-121.87968,37.19778],[-121.87962,37.19733],[-121.87878,37.19706],[-121.87839,37.19683],[-121.8781,37.19625],[-121.87771,37.19586],[-121.87678,37.19573],[-121.87562,37.19524],[-121.87513,37.19481],[-121.87438,37.19455],[-121.8743,37.19429],[-121.87474,37.19352],[-121.87462,37.19286],[-121.87497,37.19242],[-121.87508,37.19199],[-121.87498,37.19182],[-121.87457,37.19156],[-121.87438,37.19125],[-121.87394,37.19109],[-121.87373,37.1909],[-121.87351,37.19019],[-121.8735,37.18962],[-121.87321,37.18905],[-121.87323,37.18877],[-121.87288,37.1883],[-121.87295,37.1874],[-121.87262,37.18671],[-121.87197,37.18606],[-121.87172,37.18554],[-121.87212,37.18385],[-121.87268,37.18323],[-121.87357,37.18244],[-121.87371,37.1812],[-121.87354,37.18112],[-121.87328,37.18122],[-121.87282,37.18196],[-121.87168,37.18201],[-121.87096,37.18214],[-121.87006,37.18264],[-121.86962,37.18272],[-121.86872,37.18222],[-121.86736,37.18211],[-121.86647,37.18175],[-121.86596,37.1814],[-121.86533,37.18019],[-121.86501,37.17996],[-121.86455,37.17983],[-121.86374,37.17996],[-121.86347,37.17986],[-121.86337,37.17963],[-121.86343,37.17951],[-121.86496,37.17901],[-121.86541,37.17865],[-121.86606,37.17844],[-121.86623,37.17815],[-121.86597,37.17795],[-121.8649,37.17799],[-121.86464,37.17786],[-121.86431,37.17755],[-121.8641,37.17702],[-121.86342,37.17627],[-121.86333,37.17596],[-121.8636,37.17535],[-121.86355,37.17516],[-121.8627,37.17414],[-121.86242,37.17302],[-121.86203,37.17211],[-121.86142,37.17156],[-121.86097,37.17093],[-121.86097,37.17032],[-121.86081,37.16966],[-121.86058,37.16936],[-121.86023,37.1691],[-121.85964,37.16888],[-121.85899,37.16843],[-121.85823,37.16732],[-121.8576,37.16702],[-121.85692,37.1664],[-121.85634,37.16629],[-121.85567,37.16575],[-121.85433,37.16533],[-121.85389,37.1653],[-121.85315,37.16551],[-121.85245,37.16554],[-121.85076,37.16502],[-121.85018,37.1647],[-121.84968,37.1642],[-121.84708,37.16309],[-121.84661,37.16273],[-121.8449,37.1622],[-121.84454,37.16167],[-121.84355,37.16144],[-121.84307,37.16102],[-121.84277,37.16089]]]}},{"type":"Feature","properties":{"id":"umunhum","name":"Mount Umunhum Road","difficulty":3,"character":"Low speed"},"geometry":{"type":"MultiLineString","coordinates":[[[-121.89814,37.16041],[-121.89815,37.16051],[-121.89802,37.16043],[-121.89851,37.16012],[-121.89895,37.16001],[-121.89946,37.1595],[-121.90007,37.1597],[-121.9003,37.15969],[-121.90097,37.15926],[-121.90381,37.15881],[-121.904,37.15865],[-121.90402,37.15847],[-121.90349,37.15811],[-121.90264,37.15823],[-121.90171,37.15805],[-121.90167,37.1579],[-121.9019,37.15752],[-121.90113,37.15714],[-121.90093,37.15605],[-121.90039,37.15578],[-121.89954,37.15509],[-121.89925,37.15465],[-121.89888,37.15311],[-121.89896,37.15222],[-121.89915,37.1519],[-121.89916,37.15149],[-121.89786,37.15088],[-121.89719,37.15095],[-121.89655,37.15083],[-121.89607,37.15039],[-121.89589,37.14923],[-121.89638,37.14833],[-121.89672,37.148],[-121.89685,37.14738],[-121.89671,37.14728],[-121.89602,37.14716],[-121.89576,37.14678],[-121.89524,37.14633],[-121.89506,37.14623],[-121.89472,37.14625],[-121.89422,37.14666],[-121.89411,37.14694],[-121.89485,37.14763],[-121.895,37.14815],[-121.89499,37.14858],[-121.89517,37.14893],[-121.89516,37.14953],[-121.89481,37.14985],[-121.89441,37.15048],[-121.89463,37.15107],[-121.89356,37.15178],[-121.89378,37.15276],[-121.8936,37.15341],[-121.89323,37.15407],[-121.8932,37.15464],[-121.89287,37.15465],[-121.89267,37.15431],[-121.89265,37.15378],[-121.89296,37.15318],[-121.89285,37.15303],[-121.89258,37.15303],[-121.89242,37.15311],[-121.89208,37.15368],[-121.89207,37.15462],[-121.89186,37.15515],[-121.89147,37.1557],[-121.89109,37.15578],[-121.89089,37.15571],[-121.88982,37.15513],[-121.88954,37.15515],[-121.88933,37.15545],[-121.88904,37.15561],[-121.88878,37.15563],[-121.88845,37.1554],[-121.88805,37.15487],[-121.88732,37.15458],[-121.88663,37.1549],[-121.88592,37.15493],[-121.885,37.1558],[-121.88403,37.15609],[-121.88227,37.15633],[-121.88103,37.15717],[-121.87978,37.15741],[-121.87951,37.15769],[-121.87871,37.15805],[-121.87823,37.15846],[-121.87743,37.1587],[-121.87716,37.15894],[-121.87657,37.15893],[-121.8764,37.159],[-121.87557,37.15979],[-121.87509,37.1601],[-121.875,37.16028],[-121.87504,37.16059],[-121.87537,37.16082],[-121.87562,37.16116],[-121.87547,37.16154],[-121.87555,37.16194],[-121.87546,37.16216],[-121.8751,37.16235],[-121.87432,37.16227],[-121.87391,37.16235],[-121.87378,37.16246],[-121.87378,37.16267],[-121.87404,37.16317],[-121.87454,37.16358],[-121.87488,37.16412],[-121.87453,37.1649],[-121.87476,37.16536],[-121.87469,37.16581],[-121.8751,37.16618],[-121.87513,37.16643],[-121.87493,37.16649],[-121.87451,37.16644],[-121.87382,37.16675],[-121.87321,37.16683],[-121.87293,37.16716],[-121.87259,37.16731],[-121.87095,37.16748],[-121.87035,37.16735],[-121.86988,37.16752],[-121.86948,37.16801],[-121.86952,37.16857],[-121.86942,37.16875],[-121.86889,37.16944],[-121.86848,37.16976],[-121.86816,37.17036],[-121.86761,37.17063],[-121.86721,37.17115],[-121.86632,37.17137],[-121.86605,37.17168],[-121.86601,37.1719],[-121.86637,37.17219],[-121.86647,37.17241],[-121.86613,37.17298],[-121.86537,37.17359],[-121.86455,37.17385],[-121.86453,37.1741],[-121.86498,37.17456],[-121.8649,37.17486],[-121.86423,37.17534],[-121.8636,37.17535]]]}},{"type":"Feature","properties":{"id":"uvas","name":"Uvas Road","difficulty":2,"character":"Medium speed"},"geometry":{"type":"MultiLineString","coordinates":[[[-121.748,37.15116],[-121.74727,37.15079],[-121.74672,37.15062],[-121.74429,37.15006],[-121.74227,37.14911],[-121.7406,37.14815],[-121.73936,37.14691],[-121.73815,37.14516],[-121.73744,37.14307],[-121.73568,37.13997],[-121.73569,37.13968],[-121.73609,37.13864],[-121.7364,37.13738],[-121.73656,37.13661],[-121.73655,37.13589],[-121.73607,37.13463],[-121.73575,37.13297],[-121.73525,37.13129],[-121.73406,37.12899],[-121.73331,37.12653],[-121.73325,37.12592],[-121.73359,37.12524],[-121.73434,37.1248],[-121.73672,37.12459],[-121.73727,37.12443],[-121.73834,37.12389],[-121.74033,37.12221],[-121.74064,37.12192],[-121.74091,37.12147],[-121.7413,37.11988],[-121.74127,37.11944],[-121.74092,37.11859],[-121.74043,37.11794],[-121.73928,37.11583],[-121.73894,37.11416],[-121.73841,37.11325],[-121.7349,37.11012],[-121.73182,37.10823],[-121.72858,37.1051],[-121.72695,37.10416],[-121.72568,37.10388],[-121.7254,37.1037],[-121.72466,37.10266],[-121.72441,37.10203],[-121.7237,37.10123],[-121.72353,37.10113],[-121.72279,37.10104],[-121.72191,37.10028],[-121.72171,37.09996],[-121.72138,37.09869],[-121.72048,37.09735],[-121.72045,37.09694],[-121.72066,37.0954],[-121.7199,37.09381],[-121.71938,37.09048],[-121.71686,37.08823],[-121.71546,37.08608],[-121.71467,37.08551],[-121.71373,37.08501],[-121.71178,37.08296],[-121.71126,37.08221],[-121.71071,37.08044],[-121.71032,37.08001],[-121.70983,37.07973],[-121.70771,37.07907],[-121.70738,37.0789],[-121.70698,37.07851],[-121.7067,37.07792],[-121.70654,37.07645],[-121.70621,37.07581],[-121.70603,37.07563],[-121.70346,37.07417],[-121.70295,37.07376],[-121.70265,37.07328],[-121.70256,37.07291],[-121.70306,37.07014],[-121.70293,37.06954],[-121.70267,37.06913],[-121.69963,37.0667],[-121.69864,37.06643],[-121.6971,37.06629],[-121.69486,37.06523],[-121.69181,37.06397],[-121.68918,37.06269],[-121.68861,37.0626],[-121.68683,37.06283],[-121.6863,37.06279],[-121.68539,37.06244],[-121.68467,37.062],[-121.68241,37.06146],[-121.68059,37.0609]]]}},{"type":"Feature","properties":{"id":"mckean","name":"McKean Road","difficulty":1,"character":"Medium speed"},"geometry":{"type":"MultiLineString","coordinates":[[[-121.82864,37.20163],[-121.82923,37.20123],[-121.82937,37.20122],[-121.82864,37.20163],[-121.82678,37.20049],[-121.82599,37.2001],[-121.82412,37.19977],[-121.81951,37.19856],[-121.81734,37.19788],[-121.81271,37.19673],[-121.80619,37.19423],[-121.80241,37.19264],[-121.79971,37.19139],[-121.798,37.18989],[-121.7969,37.18818],[-121.7963,37.18757],[-121.79601,37.18743],[-121.79543,37.18744],[-121.79318,37.18794],[-121.78937,37.18794],[-121.7751,37.1884],[-121.77439,37.18828],[-121.7736,37.188],[-121.77144,37.18644],[-121.77015,37.18586]],[[-121.82937,37.20122],[-121.83054,37.20047],[-121.83318,37.19806]]]}},{"type":"Feature","properties":{"id":"panoramic","name":"Panoramic Highway","difficulty":2,"character":"Medium speed"},"geometry":{"type":"MultiLineString","coordinates":[[[-122.55373,37.88415],[-122.55428,37.8839],[-122.55436,37.88331],[-122.5545,37.88326],[-122.55464,37.88336],[-122.5546,37.88367],[-122.55478,37.88456],[-122.55475,37.88549],[-122.55447,37.88687],[-122.55468,37.88841],[-122.55516,37.88948],[-122.55625,37.89048],[-122.55633,37.8917],[-122.55658,37.89266],[-122.55708,37.89343],[-122.55775,37.8937],[-122.55843,37.89444],[-122.5587,37.89535],[-122.55902,37.89595],[-122.55981,37.89657],[-122.56096,37.89717],[-122.56127,37.89755],[-122.5617,37.89785],[-122.56247,37.89813],[-122.56258,37.89843],[-122.5624,37.89891],[-122.56243,37.8992],[-122.56261,37.8996],[-122.56303,37.89991],[-122.56386,37.90004],[-122.56439,37.90033],[-122.56463,37.90028],[-122.56507,37.90003],[-122.56529,37.90001],[-122.56665,37.90044],[-122.56714,37.90093],[-122.56839,37.90128],[-122.56951,37.90248],[-122.56966,37.90292],[-122.56969,37.9039],[-122.57015,37.90425],[-122.57036,37.90464],[-122.57119,37.90501],[-122.57274,37.90537],[-122.57312,37.90556],[-122.57333,37.90593],[-122.5743,37.90666],[-122.57607,37.90854],[-122.57697,37.90979],[-122.57713,37.91063],[-122.57895,37.91134],[-122.57926,37.91191],[-122.57986,37.91231],[-122.58037,37.91243],[-122.58076,37.91275],[-122.58126,37.91295],[-122.58161,37.91342],[-122.58232,37.91392],[-122.58255,37.91428],[-122.58262,37.91539],[-122.58292,37.91587],[-122.58308,37.91597],[-122.58341,37.91582],[-122.58371,37.91544],[-122.58384,37.91505],[-122.58451,37.91455],[-122.58509,37.91338],[-122.58499,37.9128],[-122.58505,37.91256],[-122.5856,37.91234],[-122.58625,37.91248],[-122.58648,37.91242],[-122.58686,37.91149],[-122.58683,37.91093],[-122.58692,37.91073],[-122.58717,37.91067],[-122.58773,37.91087],[-122.58792,37.91083],[-122.58828,37.9101],[-122.58873,37.90987],[-122.5896,37.90917],[-122.59053,37.90926],[-122.59157,37.90964],[-122.59241,37.90974],[-122.59328,37.91049],[-122.594,37.91081],[-122.5942,37.91075],[-122.59426,37.91038],[-122.59471,37.91041],[-122.59483,37.91052],[-122.59493,37.91105],[-122.59563,37.91179],[-122.5962,37.91224],[-122.59669,37.91287],[-122.59704,37.91305],[-122.59728,37.91305],[-122.59737,37.91274],[-122.59686,37.91126],[-122.59692,37.91083],[-122.59725,37.9108],[-122.59764,37.9112],[-122.59786,37.91128],[-122.59799,37.91119],[-122.59803,37.91085],[-122.59819,37.91073],[-122.59945,37.91046],[-122.6012,37.90995],[-122.60131,37.90935],[-122.60205,37.90817],[-122.60208,37.90764],[-122.60267,37.90715],[-122.60286,37.90684],[-122.60285,37.90613],[-122.60314,37.90572],[-122.60323,37.90535],[-122.60398,37.90451],[-122.60462,37.90335],[-122.60497,37.90328],[-122.60578,37.90355],[-122.60643,37.90361],[-122.607,37.90407],[-122.60728,37.90414],[-122.6076,37.90412],[-122.60807,37.90385],[-122.60832,37.90385],[-122.60856,37.904],[-122.60877,37.90436],[-122.60927,37.90479],[-122.60987,37.90473],[-122.61032,37.90494],[-122.61052,37.90492],[-122.61054,37.90478],[-122.60999,37.90392],[-122.60987,37.90355],[-122.6094,37.90308],[-122.60933,37.90173],[-122.60965,37.90138],[-122.60959,37.90099],[-122.60971,37.90076],[-122.61046,37.90031],[-122.61079,37.90038],[-122.61116,37.90061],[-122.61139,37.90061],[-122.61148,37.90044],[-122.61114,37.89991],[-122.61115,37.89971],[-122.61211,37.89892],[-122.61281,37.89888],[-122.61276,37.89831],[-122.61299,37.89773],[-122.613,37.89722],[-122.61328,37.89684],[-122.61395,37.89671],[-122.61429,37.89694],[-122.61447,37.89693],[-122.61501,37.89611],[-122.61567,37.89572],[-122.61614,37.89576],[-122.61726,37.89551],[-122.61762,37.89561],[-122.61815,37.89596],[-122.6187,37.89591],[-122.61882,37.89567],[-122.61842,37.8946],[-122.61862,37.89432],[-122.61978,37.89426],[-122.62023,37.89446],[-122.6205,37.89447],[-122.62073,37.89435],[-122.62109,37.89388],[-122.62212,37.89348],[-122.62334,37.89366],[-122.62363,37.89383],[-122.62389,37.89413],[-122.62404,37.89415],[-122.62412,37.894],[-122.62378,37.8931],[-122.62344,37.89262],[-122.62275,37.89221],[-122.62269,37.8921],[-122.62277,37.892],[-122.6251,37.89228],[-122.62572,37.89307],[-122.62601,37.89325],[-122.62736,37.89374],[-122.62843,37.89515],[-122.62965,37.89577],[-122.62988,37.8958],[-122.62996,37.89565],[-122.62921,37.89485],[-122.62919,37.8947],[-122.62934,37.89463],[-122.63045,37.89533],[-122.63153,37.89578],[-122.63171,37.89605],[-122.6315,37.89647],[-122.63152,37.89667],[-122.6326,37.89771],[-122.63264,37.89789],[-122.63249,37.89826],[-122.63255,37.89843],[-122.63326,37.89899],[-122.63451,37.89963],[-122.63478,37.8996],[-122.63487,37.89939],[-122.6344,37.89814],[-122.63444,37.89788],[-122.63545,37.89689],[-122.63671,37.89625]]]}},{"type":"Feature","properties":{"id":"ridgecrest","name":"Pantoll & East Ridgecrest","difficulty":2,"character":"Low speed"},"geometry":{"type":"MultiLineString","coordinates":[[[-122.58084,37.92735],[-122.58245,37.92759],[-122.58401,37.92885],[-122.58438,37.92889],[-122.58516,37.928],[-122.58542,37.92786],[-122.58608,37.92784],[-122.5863,37.92775],[-122.58655,37.92716],[-122.58658,37.92579],[-122.58674,37.9257],[-122.5874,37.92567],[-122.5876,37.92504],[-122.58773,37.92494],[-122.58869,37.92544],[-122.58914,37.92593],[-122.59006,37.92612],[-122.59035,37.9266],[-122.59207,37.92728],[-122.59286,37.92719],[-122.59316,37.92696],[-122.5934,37.92649],[-122.59422,37.9263],[-122.59446,37.92614],[-122.59458,37.92585],[-122.59534,37.9256],[-122.59523,37.92405],[-122.59546,37.92351],[-122.59545,37.92291],[-122.59557,37.92273],[-122.5963,37.9227],[-122.59699,37.92305],[-122.59755,37.92308],[-122.59778,37.923],[-122.59801,37.92258],[-122.59868,37.92237],[-122.59919,37.92253],[-122.59976,37.92257],[-122.60062,37.92285],[-122.60086,37.92284],[-122.60177,37.92225],[-122.60243,37.92202],[-122.60319,37.92137],[-122.60324,37.92078],[-122.60374,37.92009],[-122.6042,37.91988],[-122.60471,37.91996],[-122.60497,37.91992],[-122.60642,37.91901],[-122.60671,37.91847],[-122.60706,37.91813],[-122.60751,37.91701],[-122.6076,37.91632],[-122.60805,37.91561],[-122.60793,37.91526],[-122.60798,37.91509],[-122.61059,37.91417],[-122.6108,37.91393],[-122.61104,37.91329],[-122.61171,37.91294],[-122.61175,37.91272],[-122.61123,37.91213],[-122.61112,37.91179],[-122.61173,37.91137],[-122.61203,37.91071],[-122.61262,37.91041],[-122.6127,37.91011],[-122.61262,37.90958],[-122.61276,37.90933],[-122.61321,37.90909],[-122.6134,37.90879],[-122.61422,37.90835],[-122.61427,37.90818],[-122.61411,37.90794],[-122.61414,37.90774],[-122.61486,37.9072],[-122.61484,37.90591],[-122.61442,37.90522],[-122.61426,37.90458],[-122.61411,37.90448],[-122.6137,37.90451],[-122.6136,37.90467],[-122.61373,37.90512],[-122.61368,37.90676],[-122.61344,37.90688],[-122.61277,37.9066],[-122.61233,37.90706],[-122.61138,37.90747],[-122.61073,37.90728],[-122.61054,37.90689],[-122.61034,37.9067],[-122.60955,37.90647],[-122.60924,37.90627],[-122.60883,37.90625],[-122.60841,37.90659],[-122.60801,37.90647],[-122.60771,37.90545],[-122.60702,37.90545],[-122.6069,37.90531],[-122.60689,37.905],[-122.60677,37.9049],[-122.60609,37.90488],[-122.60584,37.90446],[-122.60505,37.90382],[-122.60477,37.90383],[-122.6041,37.90432]]]}},{"type":"Feature","properties":{"id":"lucas","name":"Lucas Valley Road","difficulty":2,"character":"Medium speed"},"geometry":{"type":"MultiLineString","coordinates":[[[-122.69312,38.05466],[-122.69349,38.05493]],[[-122.69336,38.05472],[-122.69163,38.05405],[-122.69039,38.05327],[-122.68935,38.05284],[-122.68678,38.05264],[-122.68624,38.0522],[-122.68575,38.05161],[-122.68454,38.05087],[-122.68355,38.05012],[-122.68323,38.05009],[-122.68178,38.05038],[-122.68085,38.0504],[-122.68011,38.05004],[-122.67948,38.04947],[-122.67901,38.04928],[-122.67854,38.04924],[-122.67636,38.04972],[-122.67494,38.0496],[-122.67445,38.04969],[-122.67263,38.05081],[-122.67184,38.05109],[-122.6709,38.05191],[-122.66922,38.05297],[-122.66722,38.05372],[-122.66433,38.05573],[-122.66371,38.05607],[-122.66162,38.05654],[-122.66007,38.05626],[-122.65815,38.05651],[-122.65491,38.05617],[-122.65142,38.055],[-122.65104,38.05478],[-122.65064,38.05428],[-122.65033,38.05408],[-122.64917,38.05382],[-122.64839,38.05347],[-122.6475,38.05291],[-122.64702,38.05233],[-122.64455,38.05078],[-122.6442,38.05048],[-122.64398,38.0502],[-122.64344,38.04851],[-122.64374,38.04738],[-122.64357,38.04645],[-122.64317,38.04549],[-122.64235,38.04419],[-122.64211,38.04395],[-122.64178,38.0438],[-122.63947,38.04364],[-122.63861,38.04329],[-122.63784,38.04319],[-122.63714,38.04294],[-122.6356,38.04296],[-122.63482,38.04359],[-122.63455,38.04411],[-122.63428,38.04411],[-122.63366,38.04389],[-122.63337,38.04391],[-122.63269,38.04433],[-122.6312,38.04462],[-122.63057,38.04487],[-122.62934,38.04587],[-122.62864,38.04728],[-122.62809,38.0477],[-122.62667,38.04788],[-122.62509,38.04792],[-122.6235,38.0482],[-122.62282,38.04814],[-122.62225,38.04798],[-122.62109,38.04733],[-122.62097,38.04692],[-122.62073,38.04654],[-122.62074,38.04613],[-122.62063,38.04589],[-122.62068,38.04532],[-122.62054,38.04517],[-122.61997,38.04495],[-122.6197,38.04461],[-122.61951,38.0446],[-122.61892,38.04489],[-122.61795,38.04492],[-122.61721,38.04425],[-122.61611,38.04447],[-122.61548,38.0442],[-122.61497,38.04377],[-122.61401,38.04393],[-122.61338,38.04378],[-122.61288,38.04381],[-122.61238,38.0437],[-122.61177,38.04337],[-122.61096,38.04322],[-122.61029,38.0427],[-122.60907,38.04227],[-122.60805,38.04133],[-122.60777,38.04078],[-122.60759,38.04064],[-122.60725,38.04062],[-122.60654,38.04074],[-122.60479,38.0403],[-122.60446,38.04009],[-122.60407,38.03939],[-122.60334,38.03861],[-122.60295,38.03851],[-122.60185,38.03854],[-122.60099,38.03798],[-122.59963,38.03748],[-122.59829,38.03685],[-122.59645,38.03663],[-122.59486,38.03625],[-122.59316,38.03651],[-122.59211,38.03644],[-122.59168,38.03633],[-122.59118,38.03605],[-122.59039,38.03527],[-122.58864,38.03421],[-122.58723,38.03366],[-122.58545,38.03326],[-122.58459,38.03286],[-122.58399,38.0324],[-122.58274,38.03096],[-122.58195,38.03043],[-122.57828,38.02924],[-122.5731,38.02652],[-122.57018,38.02541],[-122.56873,38.02521],[-122.56256,38.02562],[-122.55934,38.02547],[-122.55866,38.0255],[-122.55779,38.02568],[-122.55574,38.02669],[-122.5548,38.02695],[-122.55173,38.02708],[-122.55088,38.02705],[-122.54976,38.02681],[-122.5453,38.02512],[-122.5433,38.02398],[-122.54079,38.02202],[-122.54008,38.02164]]]}},{"type":"Feature","properties":{"id":"marshall","name":"Marshall\u2013Petaluma Road","difficulty":2,"character":"Medium speed"},"geometry":{"type":"MultiLineString","coordinates":[[[-122.73144,38.16766],[-122.7318,38.16678],[-122.73266,38.16578],[-122.73318,38.16545],[-122.73395,38.16528],[-122.73476,38.16531],[-122.73588,38.16567],[-122.73678,38.16532],[-122.73816,38.1654],[-122.73857,38.16557],[-122.73913,38.16615],[-122.73956,38.16639],[-122.74037,38.16658],[-122.74091,38.16652],[-122.74185,38.16542],[-122.74271,38.16473],[-122.7431,38.16403],[-122.74311,38.16331],[-122.74326,38.163],[-122.74425,38.16231],[-122.74508,38.16141],[-122.7471,38.16044],[-122.75002,38.15952],[-122.75037,38.1597],[-122.75108,38.16101],[-122.75263,38.16264],[-122.75335,38.16295],[-122.75425,38.16307],[-122.7551,38.16358],[-122.75575,38.16385],[-122.75637,38.16402],[-122.75735,38.16412],[-122.75788,38.16435],[-122.75893,38.16457],[-122.76255,38.1644],[-122.763,38.16425],[-122.76385,38.16377],[-122.76481,38.16361],[-122.76626,38.16367],[-122.76702,38.1639],[-122.76801,38.16397],[-122.7692,38.16452],[-122.76965,38.16455],[-122.77276,38.16414],[-122.77365,38.16414],[-122.77522,38.16351],[-122.77567,38.16342],[-122.77717,38.16381],[-122.77778,38.16383],[-122.77957,38.16307],[-122.78044,38.16299],[-122.78104,38.16316],[-122.78248,38.16392],[-122.78392,38.16434],[-122.78465,38.16444],[-122.78729,38.16595],[-122.79108,38.16792],[-122.79262,38.1689],[-122.79326,38.16915],[-122.79455,38.16931],[-122.79574,38.16932],[-122.79732,38.16891],[-122.79817,38.1685],[-122.7991,38.16876],[-122.7999,38.16869],[-122.8012,38.16872],[-122.80356,38.16788],[-122.80421,38.16712],[-122.80473,38.16682],[-122.80533,38.16666],[-122.80635,38.16655],[-122.80797,38.16658],[-122.80967,38.16554],[-122.81074,38.1635],[-122.81104,38.16327],[-122.81184,38.16303],[-122.81209,38.1628],[-122.81275,38.16084],[-122.81395,38.15878],[-122.81473,38.15644],[-122.8153,38.15529],[-122.81649,38.15346],[-122.81675,38.15262],[-122.82172,38.14961],[-122.82248,38.14937],[-122.82376,38.14948],[-122.82466,38.14981],[-122.82667,38.15023],[-122.82754,38.15013],[-122.82911,38.14957],[-122.83008,38.14958],[-122.83047,38.14968],[-122.83124,38.15017],[-122.8319,38.15024],[-122.8325,38.15002],[-122.83367,38.14928],[-122.83425,38.14879],[-122.83573,38.14832],[-122.83978,38.14868],[-122.84054,38.14892],[-122.84188,38.14948],[-122.8426,38.15021],[-122.84417,38.1514],[-122.84481,38.15168],[-122.84523,38.15177],[-122.84549,38.15174],[-122.84637,38.15136],[-122.84724,38.15136],[-122.84894,38.15097],[-122.85113,38.15101],[-122.85253,38.15016],[-122.85288,38.15003],[-122.85472,38.15026],[-122.8591,38.15255],[-122.86066,38.15295],[-122.86101,38.15311],[-122.86136,38.15359],[-122.8618,38.15516],[-122.86209,38.15569],[-122.86246,38.15583],[-122.86403,38.15587],[-122.86426,38.15595],[-122.86691,38.15922],[-122.86799,38.16002],[-122.86917,38.16042],[-122.86983,38.16106],[-122.87147,38.16206],[-122.87197,38.16228],[-122.87291,38.16214],[-122.87344,38.16231],[-122.87443,38.16224],[-122.87664,38.16255],[-122.87775,38.16223],[-122.87962,38.16239],[-122.88124,38.16199],[-122.88255,38.16197],[-122.88358,38.16174],[-122.88463,38.1617],[-122.88536,38.16184],[-122.88654,38.16253],[-122.89029,38.16327],[-122.89066,38.16338],[-122.89124,38.16373],[-122.89154,38.16372],[-122.89245,38.16318],[-122.89265,38.16316]]]}},{"type":"Feature","properties":{"id":"highway-1-marin","name":"Highway 1 \u00b7 Marin coast","difficulty":2,"character":"Medium speed"},"geometry":{"type":"MultiLineString","coordinates":[[[-123.12991,38.45318],[-123.1288,38.45294],[-123.12742,38.45209],[-123.12613,38.45161],[-123.12512,38.45152],[-123.12497,38.45136],[-123.12475,38.45071],[-123.1243,38.45042],[-123.12302,38.45034],[-123.12149,38.45075],[-123.12038,38.4508],[-123.11591,38.44996],[-123.11517,38.44969],[-123.11487,38.44937],[-123.11446,38.44842],[-123.11308,38.44714],[-123.11224,38.44598],[-123.11104,38.4446],[-123.10673,38.43797],[-123.10625,38.43756],[-123.10565,38.43726],[-123.10496,38.43707],[-123.10424,38.43702],[-123.10385,38.43687],[-123.10239,38.43547],[-123.10103,38.43385],[-123.10057,38.43312],[-123.10041,38.43256],[-123.10059,38.43219],[-123.10116,38.43182],[-123.10367,38.43179],[-123.10399,38.43188],[-123.10453,38.43233],[-123.10495,38.43241],[-123.10566,38.43204],[-123.10644,38.43178],[-123.10722,38.43196],[-123.10837,38.43188],[-123.10867,38.43171],[-123.10873,38.43129],[-123.10817,38.42887],[-123.1075,38.42793],[-123.10638,38.42677],[-123.10604,38.42579],[-123.10452,38.42361],[-123.10421,38.42238],[-123.10112,38.41751],[-123.10074,38.41582],[-123.10055,38.41563],[-123.10016,38.41555],[-123.09892,38.41591],[-123.09859,38.41584],[-123.09842,38.41566],[-123.09845,38.41536],[-123.09897,38.41464],[-123.09912,38.41386],[-123.09817,38.4108],[-123.09793,38.41052],[-123.09712,38.41022],[-123.09685,38.41001],[-123.09652,38.4087],[-123.0955,38.40714],[-123.09548,38.40682],[-123.09567,38.40598],[-123.09511,38.40441],[-123.09492,38.40341],[-123.09498,38.40254],[-123.09489,38.40217],[-123.09457,38.40155],[-123.09426,38.40127],[-123.09293,38.40091],[-123.09267,38.40073],[-123.09271,38.40049],[-123.09316,38.40018],[-123.09332,38.39992],[-123.09349,38.39834],[-123.09343,38.39775],[-123.09286,38.39579],[-123.09228,38.39523],[-123.09069,38.39425],[-123.09015,38.3943],[-123.08892,38.39492],[-123.08863,38.39492],[-123.08846,38.3947],[-123.08849,38.39305],[-123.08824,38.39263],[-123.08592,38.39137],[-123.0841,38.3907],[-123.08367,38.39043],[-123.08317,38.38994],[-123.08289,38.38945],[-123.08274,38.38878],[-123.08311,38.38667],[-123.08308,38.38601],[-123.08202,38.38448],[-123.08195,38.38349],[-123.08182,38.38319],[-123.08049,38.38151],[-123.08019,38.38097],[-123.08,38.38018],[-123.07988,38.37802],[-123.0795,38.37764],[-123.07852,38.37738],[-123.07816,38.37712],[-123.07779,38.37619],[-123.07756,38.37438],[-123.07609,38.3724],[-123.07469,38.37124],[-123.07446,38.3704],[-123.07405,38.37017],[-123.07318,38.37033],[-123.07291,38.37018],[-123.07301,38.36933],[-123.07271,38.36848],[-123.07245,38.36802],[-123.07194,38.36752],[-123.07159,38.36661],[-123.07016,38.36437],[-123.06977,38.36319],[-123.06893,38.36228],[-123.0688,38.36118],[-123.06818,38.36029],[-123.06791,38.3593],[-123.06708,38.35798],[-123.06709,38.35697],[-123.06691,38.3564],[-123.06524,38.35506],[-123.06233,38.35306],[-123.0605,38.3513],[-123.05985,38.3502],[-123.05928,38.34952],[-123.05473,38.34759],[-123.05315,38.34652],[-123.05281,38.34607],[-123.0521,38.34434],[-123.0503,38.34201],[-123.04774,38.34044],[-123.04743,38.34035],[-123.04684,38.34034],[-123.04658,38.34022],[-123.04648,38.34003],[-123.04653,38.33974],[-123.048,38.33763],[-123.04806,38.33734],[-123.04783,38.33705],[-123.04598,38.33606],[-123.04565,38.33578],[-123.0456,38.33555],[-123.04587,38.33539],[-123.0465,38.33541],[-123.04729,38.33519],[-123.04843,38.33513],[-123.04877,38.33493],[-123.04888,38.33471],[-123.0478,38.33264],[-123.04702,38.33181],[-123.04693,38.33111],[-123.04607,38.3301],[-123.04464,38.32942],[-123.04351,38.32872],[-123.04309,38.32839],[-123.0426,38.32776],[-123.04195,38.32715],[-123.04068,38.32653],[-123.04008,38.32612],[-123.03404,38.31986],[-123.03239,38.31872],[-123.03057,38.31771],[-123.0298,38.31749],[-123.02922,38.31744],[-123.0281,38.31761],[-123.02474,38.31876],[-123.02351,38.31899],[-123.02213,38.31897],[-123.01801,38.31832],[-123.01683,38.31837],[-123.0158,38.31862],[-123.01473,38.31913],[-123.01351,38.32012],[-123.01315,38.32083],[-123.0132,38.32194],[-123.01296,38.32263],[-123.01087,38.32451],[-123.00762,38.32652],[-123.00705,38.32677],[-123.00654,38.32685],[-123.00404,38.32666],[-123.00298,38.32672],[-123.00178,38.32702],[-122.99934,38.32785],[-122.99878,38.32825],[-122.99805,38.32897],[-122.99556,38.33068],[-122.99514,38.33127],[-122.99392,38.33387],[-122.99352,38.33432],[-122.99296,38.33472],[-122.99227,38.33502],[-122.99005,38.33563],[-122.9882,38.33656],[-122.98727,38.33685],[-122.98019,38.33739],[-122.97653,38.33704],[-122.97556,38.33679],[-122.97455,38.33618],[-122.97338,38.33472],[-122.97232,38.33406],[-122.96755,38.33266],[-122.95561,38.3282],[-122.95424,38.32754],[-122.95323,38.3272],[-122.94474,38.32565],[-122.94387,38.32563],[-122.94255,38.32587],[-122.94196,38.32589],[-122.92971,38.32494],[-122.92903,38.32479],[-122.92841,38.32444],[-122.92794,38.32382],[-122.92784,38.32336],[-122.92792,38.32081],[-122.92773,38.32038],[-122.92666,38.31894],[-122.92628,38.31861],[-122.92578,38.31836],[-122.92442,38.31802],[-122.92243,38.31728],[-122.92189,38.31728],[-122.92146,38.31743],[-122.91913,38.31889],[-122.91839,38.31949],[-122.91737,38.32059],[-122.91675,38.32096],[-122.91434,38.32136],[-122.91205,38.32145],[-122.91006,38.32126],[-122.90808,38.3209],[-122.89894,38.31761],[-122.89653,38.31643],[-122.89756,38.31212],[-122.8976,38.3061],[-122.89697,38.30445],[-122.89548,38.29751],[-122.89545,38.29703],[-122.89603,38.29548],[-122.8968,38.29446],[-122.89752,38.2938],[-122.89875,38.29169],[-122.8989,38.2912],[-122.89941,38.28644],[-122.90031,38.28029],[-122.89999,38.27674],[-122.90026,38.27495],[-122.90026,38.27416],[-122.90052,38.27337],[-122.90126,38.27232],[-122.90217,38.27056],[-122.90255,38.26913],[-122.90253,38.26818],[-122.90222,38.26646],[-122.90104,38.26345],[-122.901,38.26179],[-122.90136,38.26074],[-122.90267,38.25934],[-122.90301,38.25883],[-122.90398,38.25661],[-122.90423,38.25246],[-122.90488,38.24568],[-122.90525,38.23983],[-122.9054,38.23958],[-122.906,38.23921],[-122.9069,38.23835],[-122.90767,38.23803],[-122.90812,38.23748],[-122.90866,38.2371],[-122.90924,38.23653],[-122.90942,38.23622],[-122.90937,38.23522],[-122.90951,38.23488],[-122.91005,38.23458],[-122.91075,38.23398],[-122.91226,38.23319],[-122.91317,38.23245],[-122.91369,38.23183],[-122.91427,38.2308],[-122.91502,38.23003],[-122.91593,38.22884],[-122.91631,38.22803],[-122.91606,38.22532],[-122.91625,38.22479],[-122.91652,38.22439],[-122.9183,38.22318],[-122.91931,38.2228],[-122.92002,38.2223],[-122.92193,38.22149],[-122.92222,38.22125],[-122.92261,38.22008],[-122.92299,38.21945],[-122.92297,38.21845],[-122.92346,38.21796],[-122.92345,38.21752],[-122.92318,38.21692],[-122.92332,38.21677],[-122.92417,38.21639],[-122.92441,38.21613],[-122.92459,38.21516],[-122.92454,38.21469],[-122.92493,38.21409],[-122.92497,38.21297],[-122.92471,38.21263],[-122.92457,38.21225],[-122.92373,38.21119],[-122.92368,38.21099],[-122.92376,38.21079],[-122.92399,38.21062],[-122.92426,38.21057],[-122.92501,38.21068],[-122.92542,38.21035],[-122.92536,38.20938],[-122.92511,38.20828],[-122.92386,38.20578],[-122.92335,38.20552],[-122.92246,38.20544],[-122.92219,38.20528],[-122.92219,38.20509],[-122.92251,38.20457],[-122.92253,38.20401],[-122.92199,38.20227],[-122.92099,38.20138],[-122.92078,38.2001],[-122.92023,38.1991],[-122.92017,38.19877],[-122.92031,38.1972],[-122.91977,38.19658],[-122.91965,38.19582],[-122.91926,38.19494],[-122.91853,38.19424],[-122.91809,38.19354],[-122.91778,38.19233],[-122.91254,38.18829],[-122.91238,38.18792],[-122.91239,38.18646],[-122.91225,38.18584],[-122.91134,38.18426],[-122.91024,38.18366],[-122.90976,38.18324],[-122.90965,38.18294],[-122.90967,38.18173],[-122.90953,38.18109],[-122.90872,38.17999],[-122.90778,38.17901],[-122.90737,38.17864],[-122.90699,38.17846],[-122.90466,38.17826],[-122.90302,38.17735],[-122.90151,38.17667],[-122.90057,38.17565],[-122.89992,38.17473],[-122.89947,38.17352],[-122.89803,38.17217],[-122.89821,38.17104],[-122.89811,38.17077],[-122.89704,38.16989],[-122.89636,38.16896],[-122.8956,38.1682],[-122.89474,38.16769],[-122.89305,38.16702],[-122.89292,38.16687],[-122.89275,38.16611],[-122.89238,38.16551],[-122.89208,38.16522],[-122.89126,38.16477],[-122.89125,38.1645],[-122.89141,38.16428],[-122.89319,38.16263],[-122.89365,38.16131],[-122.89442,38.15997],[-122.8945,38.15953],[-122.89427,38.15889],[-122.89349,38.15788],[-122.89266,38.15641],[-122.89093,38.15403],[-122.89029,38.15342],[-122.88823,38.15201],[-122.88641,38.14943],[-122.88587,38.14914],[-122.88411,38.14885],[-122.88353,38.14856],[-122.8832,38.14808],[-122.88235,38.14565],[-122.88115,38.14405],[-122.88046,38.14377],[-122.87702,38.14303],[-122.87376,38.14117],[-122.87236,38.14065],[-122.87186,38.14036],[-122.8716,38.14002],[-122.87146,38.13956],[-122.87178,38.13746],[-122.87096,38.13594],[-122.87064,38.13403],[-122.87038,38.13345],[-122.87002,38.13313],[-122.8684,38.13208],[-122.86611,38.13014],[-122.86295,38.1282],[-122.85999,38.12664],[-122.85914,38.12627],[-122.85774,38.12585],[-122.85727,38.12553],[-122.85702,38.12506],[-122.85715,38.12389],[-122.85701,38.12332],[-122.85352,38.11734],[-122.85302,38.11611],[-122.8528,38.11584],[-122.85186,38.11507],[-122.85114,38.11428],[-122.84581,38.10916],[-122.84537,38.10906],[-122.84206,38.10873],[-122.84129,38.10889],[-122.84014,38.10934],[-122.83979,38.10926],[-122.83935,38.10898],[-122.83917,38.10866],[-122.8395,38.10763],[-122.8396,38.10592],[-122.83971,38.10566],[-122.84006,38.10534],[-122.84003,38.10503],[-122.83977,38.10484],[-122.83899,38.10452],[-122.83834,38.10363],[-122.83802,38.10353],[-122.83743,38.10354],[-122.83707,38.10332],[-122.83698,38.10301],[-122.83718,38.102],[-122.83647,38.10108],[-122.83592,38.10069],[-122.83507,38.10059],[-122.83481,38.10049],[-122.83396,38.0992],[-122.83285,38.09847],[-122.83234,38.09791],[-122.83148,38.09761],[-122.8298,38.09735],[-122.82921,38.09713],[-122.82905,38.09692],[-122.82902,38.09651],[-122.8292,38.09623],[-122.82969,38.09583],[-122.82964,38.09528],[-122.82882,38.09399],[-122.82791,38.09335],[-122.82744,38.09275],[-122.8271,38.09248],[-122.82656,38.09234],[-122.82601,38.09255],[-122.82581,38.09253],[-122.82567,38.09243],[-122.82555,38.09209],[-122.82509,38.09178],[-122.82479,38.09138],[-122.8225,38.09041],[-122.82218,38.0905],[-122.82146,38.0911],[-122.82079,38.09145],[-122.81905,38.09164],[-122.81686,38.09251],[-122.81647,38.09246],[-122.81603,38.09208],[-122.81469,38.09172],[-122.81428,38.09138],[-122.81369,38.09048],[-122.81177,38.0851],[-122.8085,38.07993],[-122.80832,38.07979],[-122.80801,38.07972],[-122.80651,38.08],[-122.80598,38.07977],[-122.80585,38.07956],[-122.8057,38.07879],[-122.80449,38.07777],[-122.80144,38.0735],[-122.8015,38.07322],[-122.80228,38.07232],[-122.80679,38.06879],[-122.80536,38.0676],[-122.80422,38.06707],[-122.80509,38.06581],[-122.80514,38.06415],[-122.80489,38.06349],[-122.80185,38.06032],[-122.80087,38.05846],[-122.8004,38.05811],[-122.79935,38.05769],[-122.79891,38.05729],[-122.79871,38.05692],[-122.79823,38.05523],[-122.79778,38.05454],[-122.79689,38.05382],[-122.79475,38.05256],[-122.79444,38.05227],[-122.79392,38.05114],[-122.79266,38.04905],[-122.79242,38.04756],[-122.79226,38.04717],[-122.79148,38.04646],[-122.79015,38.04487],[-122.78903,38.0439],[-122.78888,38.04346],[-122.78887,38.04221],[-122.78816,38.04075],[-122.78786,38.04053],[-122.78498,38.03928],[-122.7843,38.03865],[-122.78407,38.03769],[-122.78316,38.03534],[-122.78099,38.03111],[-122.77846,38.02716],[-122.77808,38.02679],[-122.77687,38.02624],[-122.77614,38.02511],[-122.77589,38.02495],[-122.77518,38.02478],[-122.77497,38.02462],[-122.77453,38.0234],[-122.77316,38.02123],[-122.77186,38.01957],[-122.77134,38.01845],[-122.76993,38.01694],[-122.76936,38.01609],[-122.76821,38.01519],[-122.76727,38.0142],[-122.76712,38.01361],[-122.76728,38.01244],[-122.76707,38.01202],[-122.7659,38.01121],[-122.76477,38.01068],[-122.7635,38.00883],[-122.76173,38.00745],[-122.76126,38.00695],[-122.75968,38.00465],[-122.75916,38.00373],[-122.75887,38.00307],[-122.75869,38.00192],[-122.75851,38.00155],[-122.75801,38.00102],[-122.75611,37.99976],[-122.75586,37.99948],[-122.75573,37.99875],[-122.7548,37.99735],[-122.75431,37.9955],[-122.75278,37.99326],[-122.75084,37.99153],[-122.74872,37.99041],[-122.74638,37.9885],[-122.7451,37.98793],[-122.74423,37.98711],[-122.74272,37.98592],[-122.74211,37.9851],[-122.74122,37.98445],[-122.74078,37.98335],[-122.73913,37.98127],[-122.73682,37.97944],[-122.73506,37.97856],[-122.73394,37.97749],[-122.73242,37.97532],[-122.7304,37.97279],[-122.7293,37.97118],[-122.72641,37.9693],[-122.72612,37.96903],[-122.72298,37.96442],[-122.7225,37.96343],[-122.72187,37.96303],[-122.7208,37.9626],[-122.71969,37.96172],[-122.71958,37.96127],[-122.71991,37.95992],[-122.71979,37.95954],[-122.7187,37.95883],[-122.71782,37.9588],[-122.71649,37.95861],[-122.71621,37.95843],[-122.716,37.958],[-122.71564,37.9577],[-122.71562,37.95726],[-122.71488,37.95701],[-122.71441,37.9564],[-122.71442,37.95612],[-122.71412,37.95543],[-122.71389,37.9539],[-122.7134,37.95286],[-122.71292,37.95141],[-122.71233,37.95019],[-122.71102,37.94799],[-122.71037,37.94744],[-122.7088,37.94683],[-122.70772,37.94608],[-122.70661,37.94579],[-122.70641,37.94561],[-122.70575,37.94357],[-122.70485,37.94131],[-122.70484,37.941],[-122.70515,37.94053],[-122.70523,37.94019],[-122.70516,37.93971],[-122.70497,37.93935],[-122.70371,37.93852],[-122.70288,37.93814],[-122.70201,37.93715],[-122.70084,37.93617],[-122.7,37.93562],[-122.69915,37.93523],[-122.69579,37.93414],[-122.69441,37.93342],[-122.69392,37.93338],[-122.6923,37.93352],[-122.69151,37.93312],[-122.691,37.93261],[-122.68986,37.93265],[-122.68899,37.93239],[-122.68868,37.93221],[-122.68855,37.93201],[-122.68862,37.9313],[-122.68853,37.93093],[-122.68829,37.93067],[-122.68793,37.9305],[-122.68607,37.93033],[-122.68422,37.93054],[-122.68368,37.93041],[-122.6826,37.92988],[-122.68215,37.92932],[-122.68214,37.92784],[-122.68065,37.9265],[-122.6804,37.92593],[-122.67899,37.92519],[-122.67836,37.92513],[-122.67653,37.92524],[-122.67601,37.92511],[-122.67556,37.92486],[-122.67517,37.92443],[-122.67436,37.92296],[-122.67403,37.92257],[-122.67346,37.92228],[-122.6727,37.92155],[-122.67177,37.92128],[-122.67144,37.92105],[-122.67102,37.92048],[-122.66997,37.91847],[-122.66792,37.91769],[-122.66753,37.9172],[-122.66632,37.91626],[-122.66494,37.91426],[-122.66354,37.91302],[-122.66304,37.9128],[-122.66224,37.91281],[-122.66182,37.91271],[-122.65994,37.91111],[-122.65686,37.90992],[-122.65585,37.90926],[-122.65485,37.90899],[-122.65444,37.90861],[-122.65381,37.90761],[-122.65348,37.90732],[-122.65176,37.9071],[-122.65131,37.90694],[-122.6509,37.90648],[-122.65015,37.9059],[-122.64972,37.90481],[-122.64888,37.90423],[-122.64812,37.90396],[-122.64759,37.90364],[-122.64678,37.90268],[-122.64545,37.90177],[-122.64434,37.90039],[-122.6431,37.89971],[-122.64249,37.89914],[-122.63989,37.89852],[-122.63789,37.89848],[-122.63752,37.89838],[-122.63707,37.89748],[-122.63692,37.89651],[-122.63632,37.89585],[-122.63611,37.89519],[-122.63568,37.89476],[-122.635,37.8932],[-122.63478,37.8931],[-122.63411,37.89315],[-122.63376,37.89298],[-122.63351,37.89273],[-122.63362,37.89137],[-122.63342,37.89093],[-122.63267,37.8903],[-122.63212,37.8901],[-122.631,37.8895],[-122.63012,37.88931],[-122.6294,37.88891],[-122.62925,37.88868],[-122.62924,37.88839],[-122.62962,37.88765],[-122.62958,37.88745],[-122.62944,37.88734],[-122.62874,37.88732],[-122.62722,37.88668],[-122.62677,37.88677],[-122.62617,37.88664],[-122.62399,37.88676],[-122.62318,37.8865],[-122.62266,37.8859],[-122.62248,37.88495],[-122.62233,37.88469],[-122.62238,37.8843],[-122.6219,37.88408],[-122.6219,37.88357],[-122.62123,37.88312],[-122.62125,37.88269],[-122.62109,37.88237],[-122.6204,37.88194],[-122.62022,37.88159],[-122.61997,37.88141],[-122.61927,37.8814],[-122.61905,37.88132],[-122.61871,37.881],[-122.61853,37.88064],[-122.61662,37.87934],[-122.61637,37.87927],[-122.61618,37.87933],[-122.61585,37.87978],[-122.61563,37.87993],[-122.61502,37.87982],[-122.6143,37.88001],[-122.61381,37.88046],[-122.61316,37.88136],[-122.61288,37.88177],[-122.6128,37.88209],[-122.61205,37.88224],[-122.61164,37.88265],[-122.61092,37.88302],[-122.61086,37.88288],[-122.61116,37.88258],[-122.61211,37.88093],[-122.61208,37.88028],[-122.61219,37.87989],[-122.61205,37.87921],[-122.61182,37.87917],[-122.61032,37.87952],[-122.60993,37.87947],[-122.60961,37.87929],[-122.60883,37.87857],[-122.60703,37.87833],[-122.60658,37.87799],[-122.60603,37.87786],[-122.60528,37.87732],[-122.60477,37.87757],[-122.60434,37.87844],[-122.60413,37.87844],[-122.60339,37.8781],[-122.60316,37.8781],[-122.60229,37.87837],[-122.60145,37.87918],[-122.60121,37.87921],[-122.6011,37.87911],[-122.60103,37.87869],[-122.60031,37.87858],[-122.60019,37.87836],[-122.60034,37.87822],[-122.60134,37.87777],[-122.60172,37.87747],[-122.6019,37.87714],[-122.60174,37.87681],[-122.60061,37.8766],[-122.59992,37.87635],[-122.59927,37.87568],[-122.59905,37.87508],[-122.59868,37.87485],[-122.59763,37.87472],[-122.59692,37.87496],[-122.59547,37.87511],[-122.59477,37.87529],[-122.594,37.87503],[-122.59337,37.87445],[-122.59284,37.87371],[-122.59236,37.87335],[-122.59148,37.87219],[-122.59061,37.87138],[-122.58992,37.87005]],[[-122.51625,37.87867],[-122.51678,37.87905],[-122.51739,37.87983],[-122.51798,37.88016],[-122.51804,37.88042],[-122.51878,37.88058],[-122.51988,37.88098],[-122.52036,37.88097],[-122.52089,37.88079],[-122.52119,37.88057],[-122.52168,37.87994],[-122.52213,37.87967],[-122.52268,37.87956],[-122.52317,37.87965],[-122.52366,37.88005],[-122.52479,37.88177],[-122.52492,37.88212],[-122.52566,37.88175],[-122.5265,37.88116],[-122.52718,37.88036],[-122.52793,37.87984],[-122.52834,37.87928],[-122.52873,37.87908],[-122.53237,37.879],[-122.53517,37.87959],[-122.53717,37.87987],[-122.53772,37.88008],[-122.53801,37.88031],[-122.53829,37.88061],[-122.53839,37.88103],[-122.53834,37.88301],[-122.53815,37.88374],[-122.53806,37.88508],[-122.53796,37.88538],[-122.53745,37.88605],[-122.53754,37.88628],[-122.53777,37.8863],[-122.53878,37.88605],[-122.53912,37.88613],[-122.53966,37.88644],[-122.54007,37.8868],[-122.54037,37.8875],[-122.54079,37.88762],[-122.54134,37.88806],[-122.54149,37.88797],[-122.54145,37.88744],[-122.54164,37.88703],[-122.5416,37.8869],[-122.54132,37.88672],[-122.54129,37.88656],[-122.54189,37.88611],[-122.54214,37.88604],[-122.54256,37.88618],[-122.54356,37.88725],[-122.54427,37.88749],[-122.54465,37.88795],[-122.54479,37.88799],[-122.54507,37.88771],[-122.54534,37.8876],[-122.54556,37.88761],[-122.54607,37.88785],[-122.54655,37.88772],[-122.5471,37.88778],[-122.5475,37.88724],[-122.54825,37.88687],[-122.54865,37.88689],[-122.54918,37.88709],[-122.54993,37.88711],[-122.55058,37.88735],[-122.55124,37.88726],[-122.55142,37.88716],[-122.55165,37.88668],[-122.55155,37.8861],[-122.55173,37.88576],[-122.55254,37.88533],[-122.55286,37.88494],[-122.55351,37.88447],[-122.55379,37.88408],[-122.55414,37.88384],[-122.55411,37.88337],[-122.55433,37.88293],[-122.55387,37.88257],[-122.55375,37.88236],[-122.5539,37.88136],[-122.55423,37.88044],[-122.55371,37.87958],[-122.55373,37.87938],[-122.55405,37.87921],[-122.55452,37.87942],[-122.5547,37.87938],[-122.55478,37.87871],[-122.55499,37.87853],[-122.55547,37.87834],[-122.55579,37.87747],[-122.55655,37.87694],[-122.55767,37.87687],[-122.55773,37.87669],[-122.5575,37.87618],[-122.55752,37.87599],[-122.5578,37.87575],[-122.55888,37.8753],[-122.55919,37.87495],[-122.56025,37.87467],[-122.56096,37.87479],[-122.5615,37.875],[-122.56172,37.87496],[-122.56175,37.87481],[-122.56141,37.87406],[-122.5614,37.87385],[-122.56157,37.87365],[-122.56201,37.87347],[-122.56217,37.87306],[-122.56255,37.87284],[-122.56266,37.87232],[-122.5631,37.8719],[-122.56356,37.87172],[-122.56356,37.87159],[-122.56319,37.87115],[-122.56305,37.87073],[-122.56318,37.87043],[-122.56351,37.87007]],[[-122.51445,37.87903],[-122.51558,37.87986],[-122.51613,37.88014],[-122.51692,37.88034],[-122.51804,37.88042]]]}},{"type":"Feature","properties":{"id":"highway-128","name":"Highway 128 \u00b7 Lake Berryessa","difficulty":2,"character":"Medium speed"},"geometry":{"type":"MultiLineString","coordinates":[[[-122.00108,38.51401],[-122.01691,38.5083],[-122.01784,38.50778],[-122.01829,38.50738],[-122.01866,38.50685],[-122.01892,38.50571],[-122.01767,38.49898],[-122.01775,38.49824],[-122.01818,38.49747],[-122.02072,38.49559],[-122.0216,38.49517],[-122.02232,38.49505],[-122.02425,38.49509],[-122.02846,38.49465],[-122.02999,38.49481],[-122.03125,38.49532],[-122.03307,38.49632],[-122.03446,38.4975],[-122.03702,38.49889],[-122.03901,38.50111],[-122.03962,38.50195],[-122.04037,38.5036],[-122.04152,38.50684],[-122.04304,38.50849],[-122.04491,38.51005],[-122.04668,38.5107],[-122.04821,38.51104],[-122.04931,38.51194],[-122.05061,38.51257],[-122.05136,38.51305],[-122.05367,38.51501],[-122.0553,38.51688],[-122.05591,38.51739],[-122.05655,38.51764],[-122.05754,38.51773],[-122.05897,38.5175],[-122.0603,38.51676],[-122.06085,38.51664],[-122.06218,38.51655],[-122.06371,38.51597],[-122.06519,38.51584],[-122.06768,38.51485],[-122.07004,38.51453],[-122.07271,38.51459],[-122.07417,38.51424],[-122.07747,38.5149],[-122.07906,38.51496],[-122.0804,38.51539],[-122.08103,38.51546],[-122.08288,38.51537],[-122.08525,38.51492],[-122.08652,38.51489],[-122.08754,38.51516],[-122.08881,38.51592],[-122.08948,38.5162],[-122.09084,38.51644],[-122.09147,38.51643],[-122.09266,38.51583],[-122.09524,38.51343],[-122.09576,38.51266],[-122.0964,38.51118],[-122.09664,38.50934],[-122.09679,38.50912],[-122.09714,38.50897],[-122.09753,38.509],[-122.09785,38.5092],[-122.09807,38.51009],[-122.09916,38.51121],[-122.09963,38.51147],[-122.10072,38.51176],[-122.10211,38.51173],[-122.10357,38.51217],[-122.10472,38.51197],[-122.10608,38.5122],[-122.10886,38.51153],[-122.10963,38.51083],[-122.11054,38.51047],[-122.11113,38.50958],[-122.11209,38.5092],[-122.11324,38.50787],[-122.11324,38.50742],[-122.113,38.50709],[-122.1127,38.50691],[-122.11174,38.50661],[-122.11138,38.5063],[-122.1113,38.50583],[-122.11152,38.50547],[-122.11216,38.50522],[-122.11457,38.50528],[-122.11496,38.50518],[-122.11851,38.50234],[-122.11888,38.50194],[-122.1213,38.49823],[-122.1255,38.49311],[-122.12602,38.49205],[-122.12664,38.48976],[-122.127,38.48907],[-122.12765,38.48845],[-122.13017,38.48691],[-122.13063,38.48626],[-122.13114,38.48497],[-122.13141,38.48454],[-122.13351,38.48295],[-122.13415,38.48152],[-122.13519,38.48061],[-122.13528,38.48034],[-122.13512,38.47957],[-122.13517,38.47911],[-122.1355,38.47872],[-122.13615,38.4783],[-122.1364,38.47745],[-122.13662,38.47713],[-122.13723,38.47679],[-122.13784,38.47672],[-122.13979,38.47716],[-122.14023,38.47716],[-122.14083,38.4768],[-122.14127,38.47599],[-122.14158,38.47572],[-122.14193,38.4756],[-122.14295,38.4755],[-122.14338,38.47523],[-122.14362,38.47475],[-122.14357,38.47441],[-122.1416,38.47128],[-122.1416,38.47016],[-122.14179,38.46974],[-122.14215,38.46953],[-122.14264,38.46944],[-122.14432,38.46971],[-122.14514,38.47001],[-122.14573,38.47001],[-122.14618,38.46983],[-122.14657,38.46936],[-122.14707,38.46634],[-122.14735,38.46597],[-122.14772,38.4658],[-122.14853,38.46585],[-122.14953,38.46664],[-122.15066,38.46691],[-122.15154,38.46724],[-122.15202,38.46719],[-122.15252,38.46682],[-122.15264,38.46647],[-122.15256,38.46459],[-122.15319,38.46329],[-122.15304,38.46266],[-122.15305,38.46191],[-122.15265,38.45819],[-122.15283,38.45548],[-122.15268,38.45481],[-122.15205,38.45356],[-122.15188,38.45281],[-122.15196,38.45023],[-122.15183,38.44521],[-122.15208,38.44088],[-122.15238,38.44005],[-122.1536,38.43823],[-122.1539,38.4374],[-122.15391,38.43676],[-122.15372,38.43571],[-122.15311,38.43419],[-122.15321,38.4333],[-122.15448,38.43152],[-122.15586,38.43032],[-122.15656,38.43006],[-122.15712,38.43011],[-122.15759,38.43034],[-122.15892,38.43145],[-122.16151,38.4343],[-122.16279,38.43519],[-122.16347,38.43551],[-122.1647,38.43574],[-122.17147,38.43623],[-122.17235,38.43654],[-122.17367,38.43742],[-122.17466,38.4377],[-122.17549,38.43764],[-122.17788,38.43714],[-122.17889,38.43722],[-122.18216,38.43842],[-122.18455,38.43879],[-122.18538,38.43902],[-122.1871,38.43975],[-122.18893,38.44093],[-122.19307,38.44265],[-122.19391,38.44312],[-122.19473,38.44382],[-122.19577,38.44515],[-122.19652,38.44555],[-122.19656,38.44617],[-122.19687,38.44661],[-122.19736,38.44704],[-122.19805,38.44747],[-122.20229,38.44946],[-122.20277,38.44981],[-122.20329,38.45052],[-122.20378,38.45193],[-122.20453,38.45272],[-122.20546,38.45319],[-122.20816,38.45395],[-122.20931,38.4545],[-122.22234,38.46293],[-122.22331,38.46369],[-122.22421,38.4649],[-122.22644,38.47006],[-122.22727,38.47128],[-122.22799,38.47193],[-122.22869,38.47237],[-122.23328,38.47464],[-122.23437,38.47529],[-122.23486,38.47571],[-122.23551,38.4765],[-122.23705,38.47955],[-122.23826,38.48113],[-122.24169,38.48391],[-122.2438,38.48516],[-122.24468,38.48602],[-122.24517,38.48685],[-122.24718,38.49183],[-122.24717,38.49238],[-122.24677,38.49373],[-122.24689,38.49416],[-122.24728,38.49461],[-122.24782,38.49491],[-122.24934,38.49538],[-122.25127,38.49657],[-122.25319,38.49686],[-122.25414,38.49731],[-122.25456,38.49762],[-122.25509,38.49833],[-122.25618,38.49888],[-122.25644,38.49929],[-122.25651,38.49988],[-122.25706,38.50067],[-122.25746,38.501],[-122.25822,38.50145],[-122.2594,38.50195],[-122.25982,38.50224],[-122.26184,38.50299],[-122.26367,38.50465],[-122.26555,38.50525],[-122.26592,38.50558],[-122.26612,38.5063],[-122.26654,38.50673],[-122.26692,38.50688],[-122.26789,38.50705],[-122.26868,38.50758],[-122.27106,38.5087],[-122.27164,38.50884],[-122.27253,38.50873],[-122.27345,38.50821],[-122.27397,38.50802],[-122.27522,38.50804],[-122.27616,38.50772],[-122.27672,38.50727],[-122.27751,38.50575],[-122.27805,38.50544],[-122.27854,38.50538],[-122.28055,38.50545],[-122.28386,38.50511],[-122.28812,38.50285],[-122.2916,38.50399],[-122.29337,38.50487],[-122.29436,38.50499],[-122.29533,38.50455],[-122.29571,38.50405],[-122.29622,38.50378],[-122.29657,38.50319],[-122.29664,38.50272],[-122.29592,38.50202],[-122.2954,38.50174],[-122.29476,38.50102],[-122.29452,38.50039],[-122.29447,38.49996],[-122.29415,38.4996],[-122.29408,38.49907],[-122.29376,38.49879],[-122.29353,38.49834],[-122.29261,38.49738],[-122.29262,38.49668],[-122.29334,38.49404],[-122.29368,38.49323],[-122.29401,38.49281],[-122.29468,38.49239],[-122.29485,38.49206],[-122.29503,38.49105],[-122.29535,38.49073],[-122.29627,38.49021],[-122.29655,38.4896],[-122.29731,38.48897],[-122.29765,38.48807],[-122.29865,38.48694],[-122.29909,38.48673],[-122.30078,38.48671],[-122.30166,38.48647],[-122.3025,38.48666],[-122.30316,38.48662],[-122.30456,38.48733],[-122.30578,38.48727],[-122.30673,38.48755],[-122.30745,38.48749],[-122.30807,38.48768],[-122.30927,38.48785],[-122.31137,38.48742],[-122.31224,38.4869],[-122.31282,38.48666],[-122.31316,38.48664],[-122.31415,38.4869],[-122.31507,38.48686],[-122.3165,38.48746],[-122.31765,38.48753],[-122.31905,38.48799],[-122.31954,38.48832],[-122.32053,38.48935],[-122.3209,38.48954],[-122.32238,38.48994],[-122.32277,38.48994],[-122.32368,38.48973],[-122.32637,38.49032],[-122.32717,38.49025],[-122.32803,38.48992],[-122.32868,38.48987],[-122.32945,38.49019],[-122.33017,38.49073],[-122.33139,38.49117],[-122.33239,38.49133],[-122.33343,38.49117],[-122.3347,38.49136],[-122.33594,38.49225],[-122.33643,38.49241],[-122.33746,38.49254],[-122.33785,38.49252],[-122.33954,38.49192],[-122.33987,38.49197],[-122.3414,38.49259],[-122.34193,38.49263],[-122.34271,38.49245],[-122.34382,38.49177],[-122.34615,38.49143],[-122.34721,38.49065],[-122.34837,38.4904],[-122.34879,38.49003],[-122.34899,38.48886],[-122.34922,38.48859],[-122.35126,38.48785],[-122.353,38.48745],[-122.35329,38.4873],[-122.35386,38.48564],[-122.35414,38.48545],[-122.35483,38.48522],[-122.35514,38.4849],[-122.35552,38.48321],[-122.3558,38.48294],[-122.35628,38.48287],[-122.35714,38.48324],[-122.35777,38.48324],[-122.35821,38.48298],[-122.35898,38.48221],[-122.36036,38.48168],[-122.3608,38.48163],[-122.36187,38.48188],[-122.36294,38.48151],[-122.36335,38.48147],[-122.36422,38.48172],[-122.3645,38.48171],[-122.36637,38.48064],[-122.36684,38.48066],[-122.36902,38.48121],[-122.37006,38.48114],[-122.37042,38.48098],[-122.37057,38.4808],[-122.37077,38.4798],[-122.37158,38.47908],[-122.37197,38.47895],[-122.37216,38.47899],[-122.3723,38.47914],[-122.37213,38.47982],[-122.37221,38.48006],[-122.37248,38.48023],[-122.37476,38.48017],[-122.37663,38.48065],[-122.37987,38.48201],[-122.38173,38.48291],[-122.3844,38.48472],[-122.38625,38.48578],[-122.38716,38.48608],[-122.38808,38.48621],[-122.38893,38.48645],[-122.39188,38.48755],[-122.39283,38.48768],[-122.39367,38.48766],[-122.39764,38.48672],[-122.39859,38.48681],[-122.39904,38.48695],[-122.40067,38.48769],[-122.40215,38.4879],[-122.40282,38.48784],[-122.40391,38.4875],[-122.40443,38.48691],[-122.4061,38.48742],[-122.40631,38.48665],[-122.40582,38.4858],[-122.40571,38.48478],[-122.40544,38.48437],[-122.40457,38.48358],[-122.40438,38.48322],[-122.404,38.48145],[-122.40422,38.48041],[-122.40413,38.47985],[-122.40395,38.47959],[-122.40262,38.47849],[-122.40049,38.47571],[-122.40013,38.4747],[-122.39894,38.47007],[-122.39927,38.46975],[-122.41033,38.46582],[-122.4124,38.46451],[-122.41397,38.46393],[-122.4228,38.45876]]]}},{"type":"Feature","properties":{"id":"highway-29","name":"Highway 29 \u00b7 Mount St. Helena","difficulty":3,"character":"Technical"},"geometry":{"type":"MultiLineString","coordinates":[[[-122.56557,38.79294],[-122.56621,38.79315],[-122.56642,38.79334],[-122.56711,38.79477],[-122.56962,38.79834]],[[-122.57658,38.58519],[-122.57697,38.58787],[-122.57724,38.58866],[-122.57812,38.59043],[-122.57963,38.59287],[-122.58201,38.59564],[-122.58477,38.60033],[-122.58636,38.60119],[-122.58676,38.60161],[-122.58731,38.60262],[-122.5878,38.60297],[-122.59479,38.60522],[-122.59634,38.60612],[-122.59653,38.60634],[-122.59664,38.60676],[-122.59691,38.60696],[-122.59733,38.60696],[-122.59802,38.60661],[-122.59828,38.60668],[-122.59848,38.60687],[-122.59843,38.60711],[-122.59818,38.60727],[-122.59644,38.60754],[-122.59594,38.60773],[-122.59526,38.60824],[-122.59459,38.60824],[-122.59429,38.60836],[-122.59393,38.60883],[-122.59392,38.60912],[-122.59414,38.60933],[-122.59479,38.6095],[-122.59494,38.60976],[-122.59478,38.61003],[-122.59411,38.61038],[-122.594,38.6106],[-122.59432,38.61097],[-122.59547,38.61113],[-122.59623,38.61144],[-122.59663,38.61181],[-122.59724,38.61281],[-122.59722,38.61326],[-122.5965,38.61365],[-122.59637,38.61397],[-122.59646,38.61415],[-122.59703,38.6146],[-122.59702,38.61485],[-122.59652,38.61565],[-122.59654,38.6164],[-122.59734,38.61855],[-122.59741,38.61916],[-122.59787,38.61977],[-122.59775,38.62002],[-122.59721,38.62037],[-122.59713,38.62067],[-122.59781,38.62139],[-122.59791,38.62201],[-122.59808,38.62232],[-122.59903,38.62305],[-122.59935,38.62345],[-122.59938,38.62394],[-122.59903,38.62461],[-122.59911,38.625],[-122.59943,38.62523],[-122.60117,38.62591],[-122.60174,38.62635],[-122.60213,38.62682],[-122.60233,38.62735],[-122.60246,38.62906],[-122.60318,38.63018],[-122.6034,38.6309],[-122.60339,38.63127],[-122.60324,38.63157],[-122.6024,38.63228],[-122.6024,38.63247],[-122.60273,38.63294],[-122.60276,38.63319],[-122.60146,38.63531],[-122.60143,38.63557],[-122.60162,38.63628],[-122.60157,38.63654],[-122.60047,38.63782],[-122.59975,38.63943],[-122.59936,38.63974],[-122.59843,38.63993],[-122.59788,38.64095],[-122.59697,38.64161],[-122.59668,38.64172],[-122.59645,38.64164],[-122.59634,38.64145],[-122.59674,38.64079],[-122.59654,38.64046],[-122.59623,38.6404],[-122.59576,38.64049],[-122.5955,38.64043],[-122.59521,38.6398],[-122.59486,38.63957],[-122.59308,38.63934],[-122.59257,38.63945],[-122.5924,38.63978],[-122.59238,38.64081],[-122.5918,38.6413],[-122.59175,38.64157],[-122.59197,38.64178],[-122.59229,38.64181],[-122.59249,38.64171],[-122.59293,38.64125],[-122.59325,38.64119],[-122.59357,38.64129],[-122.59372,38.64166],[-122.59348,38.642],[-122.59302,38.64218],[-122.59237,38.64216],[-122.59213,38.6424],[-122.59221,38.6426],[-122.59244,38.64269],[-122.59299,38.64246],[-122.59324,38.64246],[-122.59345,38.64257],[-122.59353,38.64282],[-122.59337,38.64307],[-122.5931,38.64324],[-122.59163,38.64349],[-122.5914,38.64369],[-122.59135,38.64388],[-122.5915,38.64411],[-122.59183,38.64424],[-122.59259,38.64397],[-122.59288,38.64395],[-122.59316,38.64411],[-122.5932,38.64434],[-122.5926,38.64479],[-122.59238,38.6454],[-122.59217,38.64562],[-122.59182,38.64565],[-122.59061,38.6453],[-122.59023,38.6454],[-122.59,38.64561],[-122.59013,38.64595],[-122.59062,38.6463],[-122.59116,38.64648],[-122.59211,38.64652],[-122.59242,38.64679],[-122.59236,38.64719],[-122.59198,38.64753],[-122.5915,38.64764],[-122.59072,38.64754],[-122.59032,38.64775],[-122.59025,38.648],[-122.59039,38.64835],[-122.59101,38.64901],[-122.59146,38.64922],[-122.59197,38.64926],[-122.59232,38.6492],[-122.59312,38.6488],[-122.59361,38.64879],[-122.59404,38.64899],[-122.5945,38.64955],[-122.59501,38.64968],[-122.59547,38.64951],[-122.59601,38.64881],[-122.59626,38.64874],[-122.59652,38.64879],[-122.59744,38.64946],[-122.59829,38.65077],[-122.59856,38.6509],[-122.59925,38.65103],[-122.59957,38.65124],[-122.59987,38.65234],[-122.59978,38.65378],[-122.59907,38.65486],[-122.59865,38.65502],[-122.59786,38.65494],[-122.59699,38.65537],[-122.59595,38.65527],[-122.59545,38.65555],[-122.59532,38.65592],[-122.59548,38.65699],[-122.59518,38.65787],[-122.59533,38.65861],[-122.59514,38.65942],[-122.59516,38.65992],[-122.59546,38.66053],[-122.59595,38.66092],[-122.59637,38.66099],[-122.59709,38.66066],[-122.59761,38.65996],[-122.59786,38.65998],[-122.59846,38.66029],[-122.5986,38.66048],[-122.59847,38.66087],[-122.59852,38.66104],[-122.59913,38.66136],[-122.59924,38.66164],[-122.59906,38.66184],[-122.5977,38.66234],[-122.59763,38.66263],[-122.59792,38.6628],[-122.59859,38.66269],[-122.5994,38.66276],[-122.59974,38.66292],[-122.59992,38.66315],[-122.59994,38.66342],[-122.59972,38.66375],[-122.59945,38.66387],[-122.59864,38.66401],[-122.59839,38.66428],[-122.59844,38.66461],[-122.59886,38.66523],[-122.59872,38.66579],[-122.59892,38.66697],[-122.59884,38.66717],[-122.59848,38.6674],[-122.59803,38.66738],[-122.59733,38.66721],[-122.5948,38.66624],[-122.59301,38.66613],[-122.59236,38.6659],[-122.59186,38.66588],[-122.59118,38.66609],[-122.58962,38.66695],[-122.5886,38.6678],[-122.58811,38.66861],[-122.58809,38.66883],[-122.58822,38.66907],[-122.58896,38.66954],[-122.58929,38.66997],[-122.59014,38.67247],[-122.59055,38.67292],[-122.59128,38.67334],[-122.59151,38.67357],[-122.59155,38.67437],[-122.59211,38.67527],[-122.5921,38.67567],[-122.59158,38.67747],[-122.5909,38.67826],[-122.59058,38.67886],[-122.59049,38.67931],[-122.59059,38.67994],[-122.59281,38.68376],[-122.59441,38.68566],[-122.59501,38.68742],[-122.59667,38.6894],[-122.59718,38.69017],[-122.59759,38.69123],[-122.59791,38.69331],[-122.59823,38.69434],[-122.5997,38.69705],[-122.60041,38.69815],[-122.60912,38.70867],[-122.61032,38.70979],[-122.61649,38.71482],[-122.61736,38.71586],[-122.61782,38.71704],[-122.61867,38.72401],[-122.61917,38.72575],[-122.62,38.72732],[-122.62575,38.73597],[-122.62618,38.73691],[-122.62636,38.73808],[-122.6262,38.73889],[-122.62571,38.73976],[-122.62049,38.74585],[-122.61954,38.7467],[-122.61754,38.74794],[-122.61703,38.74843],[-122.61669,38.74904],[-122.61471,38.75362],[-122.61409,38.75434],[-122.6132,38.7548],[-122.60703,38.75692],[-122.60632,38.75727],[-122.60541,38.75796],[-122.60033,38.7624],[-122.59898,38.76326],[-122.59758,38.76384],[-122.59037,38.76608],[-122.58876,38.76683],[-122.58784,38.76752],[-122.58709,38.76835],[-122.58663,38.76912],[-122.58521,38.77231],[-122.58444,38.77327],[-122.58368,38.77394],[-122.58243,38.77471],[-122.57396,38.77851],[-122.5731,38.77903],[-122.57056,38.78105],[-122.56975,38.78194],[-122.56923,38.78289],[-122.56606,38.79168],[-122.56577,38.79237],[-122.56559,38.79254]],[[-122.56621,38.79315],[-122.56579,38.79283]],[[-122.56581,38.7927],[-122.56606,38.79168]],[[-122.5653,38.79273],[-122.56538,38.79288],[-122.56557,38.79294],[-122.56581,38.79274],[-122.56559,38.79254],[-122.5654,38.79259],[-122.5653,38.79273]]]}},{"type":"Feature","properties":{"id":"17-mile","name":"17-Mile Drive","difficulty":1,"character":"Low speed"},"geometry":{"type":"MultiLineString","coordinates":[[[-121.94578,36.60356],[-121.94652,36.60389],[-121.9474,36.60469],[-121.94794,36.60492],[-121.94832,36.60495],[-121.95005,36.60474],[-121.9512,36.60556],[-121.95287,36.60711],[-121.95326,36.60767],[-121.95354,36.60782],[-121.95426,36.60858],[-121.95561,36.6095],[-121.95605,36.60968],[-121.95641,36.60972],[-121.95689,36.60965],[-121.95715,36.60947],[-121.95812,36.60778],[-121.95868,36.60648],[-121.9589,36.60557],[-121.95906,36.60419],[-121.96022,36.60224],[-121.96143,36.59976],[-121.9614,36.59915],[-121.96086,36.59701],[-121.9607,36.59583],[-121.96104,36.59497],[-121.96307,36.59154],[-121.96311,36.59125],[-121.9628,36.58994],[-121.9628,36.58955],[-121.96309,36.58879],[-121.96385,36.58766],[-121.96396,36.58612],[-121.96411,36.58562],[-121.96446,36.5853],[-121.96683,36.58371],[-121.96708,36.58342],[-121.96741,36.58245],[-121.9676,36.58217],[-121.96783,36.58204],[-121.9685,36.58192],[-121.97069,36.58211],[-121.97143,36.58242],[-121.9717,36.58293],[-121.97202,36.58307],[-121.97255,36.58299],[-121.97329,36.58301],[-121.97355,36.58281],[-121.97382,36.58233],[-121.97378,36.5822],[-121.97332,36.58188],[-121.97239,36.57981],[-121.97307,36.57857],[-121.97348,36.57829],[-121.97355,36.57814],[-121.973,36.57771],[-121.97283,36.57734],[-121.97236,36.57682],[-121.97069,36.57571],[-121.97063,36.57553],[-121.97089,36.57477],[-121.96946,36.57234],[-121.9691,36.57109],[-121.96785,36.57052],[-121.96672,36.56987],[-121.96589,36.56965],[-121.96493,36.56951],[-121.96403,36.56916],[-121.9629,36.56842],[-121.9618,36.56804],[-121.96149,36.56747],[-121.95993,36.567],[-121.95857,36.56598],[-121.95715,36.56512],[-121.9559,36.56455],[-121.95584,36.56346],[-121.95556,36.56293],[-121.9548,36.56232],[-121.95414,36.56197],[-121.95362,36.56201],[-121.95283,36.56228],[-121.95238,36.56265],[-121.95212,36.5632],[-121.95215,36.56359],[-121.95249,36.56463],[-121.9534,36.56656],[-121.95281,36.56686],[-121.95243,36.568],[-121.95193,36.56823],[-121.95102,36.56841],[-121.95099,36.56896],[-121.95014,36.56953],[-121.9495,36.57057],[-121.94885,36.57131],[-121.94873,36.57162],[-121.94874,36.57211],[-121.94864,36.5722],[-121.94797,36.57229],[-121.94706,36.57146],[-121.94652,36.57127],[-121.94602,36.57129],[-121.94402,36.57179],[-121.94343,36.57158],[-121.94215,36.57135],[-121.94156,36.57107],[-121.93754,36.56807],[-121.93646,36.5668],[-121.93575,36.56536],[-121.93547,36.56499],[-121.93477,36.56465],[-121.93405,36.56452],[-121.93354,36.56396],[-121.93307,36.56373],[-121.93257,36.56358],[-121.93169,36.56358],[-121.93135,36.56349],[-121.92808,36.5611],[-121.92709,36.56068],[-121.92651,36.5606],[-121.92603,36.56076],[-121.92534,36.56145],[-121.92531,36.56171],[-121.92554,36.5622],[-121.92554,36.56246],[-121.92535,36.56299],[-121.92531,36.56361],[-121.92483,36.56462],[-121.92379,36.56605],[-121.92272,36.56706],[-121.92234,36.56789],[-121.9192,36.57223],[-121.91871,36.5725],[-121.91737,36.57284],[-121.91697,36.57304],[-121.91674,36.57329],[-121.9165,36.57384],[-121.91594,36.57437],[-121.91532,36.57548],[-121.91505,36.57568],[-121.91453,36.57578],[-121.91406,36.57564],[-121.91366,36.57526],[-121.91362,36.57484],[-121.9135,36.57462],[-121.91299,36.5744],[-121.91284,36.57447],[-121.91298,36.57494],[-121.91283,36.57514]],[[-121.913,36.57531],[-121.91313,36.57506],[-121.9131,36.57466],[-121.91325,36.57456],[-121.9135,36.57471],[-121.91366,36.57526]],[[-121.93208,36.61335],[-121.93277,36.61296],[-121.93171,36.61359],[-121.93147,36.61395],[-121.93145,36.61434],[-121.93184,36.61588],[-121.93165,36.61711],[-121.93116,36.61811],[-121.93013,36.61913],[-121.93009,36.61936],[-121.93035,36.62031],[-121.93025,36.62115],[-121.93,36.62169],[-121.92944,36.62241],[-121.92894,36.62327],[-121.92697,36.62778],[-121.92664,36.62986]],[[-121.93277,36.61296],[-121.93357,36.61258],[-121.93442,36.61253],[-121.93675,36.612],[-121.93723,36.61168],[-121.93792,36.61088],[-121.93924,36.61072],[-121.94158,36.60946],[-121.94217,36.60838],[-121.94302,36.60771],[-121.94339,36.60705],[-121.94448,36.60627],[-121.94557,36.60516],[-121.94563,36.60482],[-121.94516,36.6037]]]}},{"type":"Feature","properties":{"id":"carmel-valley","name":"Carmel Valley Road","difficulty":2,"character":"Medium speed"},"geometry":{"type":"MultiLineString","coordinates":[[[-121.7936,36.52394],[-121.79499,36.52473],[-121.79568,36.52488],[-121.79628,36.52487],[-121.79704,36.52467],[-121.79824,36.52387],[-121.79878,36.52368],[-121.80038,36.52347],[-121.80541,36.52232],[-121.80611,36.52229],[-121.80688,36.52239],[-121.80797,36.52279],[-121.81107,36.52418],[-121.8153,36.52569],[-121.81598,36.52613],[-121.81734,36.52754],[-121.81802,36.52807],[-121.81894,36.52856],[-121.82011,36.52894],[-121.82137,36.52911],[-121.82404,36.52909],[-121.82743,36.52982],[-121.83143,36.53009],[-121.83494,36.53107],[-121.8388,36.53161],[-121.85004,36.53411],[-121.85083,36.53415],[-121.85406,36.53389],[-121.85532,36.53407],[-121.85626,36.53444],[-121.85688,36.53485],[-121.8603,36.53784],[-121.86373,36.53961],[-121.86459,36.53994],[-121.8654,36.54011],[-121.86711,36.54016],[-121.86968,36.53963],[-121.8709,36.53962],[-121.87497,36.5405],[-121.87684,36.54105],[-121.8825,36.54244],[-121.88413,36.54258],[-121.88737,36.5423],[-121.88884,36.54235],[-121.89279,36.54306],[-121.89571,36.54389],[-121.89708,36.54411],[-121.90082,36.54408],[-121.9071,36.54374],[-121.9084,36.54338]],[[-121.9063,36.54375],[-121.90482,36.54369],[-121.90082,36.54395],[-121.89689,36.54395],[-121.89563,36.54373],[-121.89286,36.54293],[-121.88912,36.54225],[-121.88765,36.54216],[-121.88444,36.54243],[-121.88315,36.54239],[-121.88219,36.54223],[-121.87829,36.54124],[-121.87634,36.54085]],[[-121.80519,36.52237],[-121.80682,36.52246],[-121.80819,36.52291]]]}},{"type":"Feature","properties":{"id":"highway-9-front","name":"Highway 9 \u00b7 Front Side","difficulty":3,"character":"Technical"},"geometry":{"type":"MultiLineString","coordinates":[[[-122.12197,37.25852],[-122.1214,37.25859],[-122.12104,37.25852],[-122.12077,37.25832],[-122.12049,37.25771],[-122.12027,37.25757],[-122.11927,37.25714],[-122.11846,37.25701],[-122.11714,37.25634],[-122.11666,37.25619],[-122.11623,37.25619],[-122.11586,37.25635],[-122.11565,37.25657],[-122.11568,37.2576],[-122.11548,37.25794],[-122.11522,37.25814],[-122.11436,37.2585],[-122.11388,37.25894],[-122.11317,37.25908],[-122.11261,37.25931],[-122.11249,37.25945],[-122.11243,37.25967],[-122.11284,37.26019],[-122.1128,37.26039],[-122.11253,37.26047],[-122.11159,37.2601],[-122.11134,37.26009],[-122.11006,37.26067],[-122.10968,37.26069],[-122.10923,37.26042],[-122.10915,37.25985],[-122.10923,37.25963],[-122.10964,37.25927],[-122.10957,37.25863],[-122.10978,37.25843],[-122.11069,37.25799],[-122.11082,37.25763],[-122.11057,37.25729],[-122.10973,37.25697],[-122.10961,37.2567],[-122.10977,37.25621],[-122.10971,37.25604],[-122.10939,37.25588],[-122.10918,37.25588],[-122.10894,37.25606],[-122.10823,37.25722],[-122.10733,37.2577],[-122.10685,37.25832],[-122.10646,37.25864],[-122.10573,37.25896],[-122.10505,37.25897],[-122.10456,37.25908],[-122.10332,37.25988],[-122.10277,37.26003],[-122.10099,37.25999],[-122.10057,37.25988],[-122.09985,37.25937],[-122.09956,37.25935],[-122.09914,37.25951],[-122.099,37.2597],[-122.09902,37.2599],[-122.09935,37.26025],[-122.10133,37.26081],[-122.10258,37.2614],[-122.10269,37.26163],[-122.10265,37.26183],[-122.10239,37.26203],[-122.10207,37.26206],[-122.10185,37.26196],[-122.1013,37.26137],[-122.10094,37.26114],[-122.09979,37.26131],[-122.09906,37.26107],[-122.09831,37.26094],[-122.0973,37.26051],[-122.09606,37.25981],[-122.09587,37.25951],[-122.0961,37.259],[-122.0961,37.25879],[-122.09556,37.25815],[-122.09538,37.25806],[-122.09472,37.25793],[-122.09322,37.25789],[-122.09274,37.25776],[-122.09229,37.25751],[-122.09056,37.25592],[-122.09004,37.25494],[-122.08956,37.25445],[-122.08812,37.25352],[-122.08753,37.253],[-122.08595,37.25197],[-122.0851,37.25121],[-122.0835,37.25012],[-122.08239,37.24961],[-122.08069,37.24944],[-122.07983,37.24917],[-122.0791,37.24879],[-122.07703,37.24853],[-122.07596,37.24831],[-122.07484,37.24768],[-122.07427,37.24752],[-122.07216,37.248],[-122.07029,37.24819],[-122.06957,37.24815],[-122.06847,37.24856],[-122.06811,37.24884],[-122.06806,37.24989],[-122.06758,37.25126],[-122.06737,37.2515],[-122.06698,37.25168],[-122.0668,37.25168],[-122.0664,37.25145],[-122.06574,37.25123],[-122.06478,37.25114],[-122.06435,37.25128],[-122.06339,37.25185],[-122.06201,37.25186],[-122.06133,37.25241],[-122.06108,37.25249],[-122.06019,37.2525],[-122.05937,37.25211],[-122.05841,37.2524],[-122.05766,37.25246],[-122.05703,37.25235],[-122.05587,37.25188],[-122.05451,37.25175],[-122.05427,37.25163],[-122.05385,37.25122],[-122.05314,37.25101],[-122.0529,37.25112],[-122.05271,37.25139],[-122.05217,37.25167],[-122.05189,37.25204],[-122.05174,37.2521],[-122.05007,37.25204],[-122.04921,37.25213],[-122.04807,37.25189],[-122.04735,37.25212],[-122.04633,37.25266],[-122.04538,37.25262],[-122.04329,37.25288],[-122.04293,37.25306],[-122.04262,37.25373],[-122.04245,37.25384],[-122.04133,37.25367],[-122.04041,37.25413],[-122.03843,37.25437],[-122.03822,37.25459],[-122.03819,37.25523],[-122.03805,37.25547],[-122.03558,37.25601],[-122.03307,37.25819],[-122.03244,37.25904],[-122.03215,37.25925],[-122.03187,37.25932],[-122.03159,37.25856],[-122.03126,37.25817],[-122.03157,37.25838]],[[-122.0201,37.25036],[-122.02235,37.25214],[-122.02725,37.25491],[-122.03126,37.25817]]]}},{"type":"Feature","properties":{"id":"highway-9-back","name":"Highway 9 \u00b7 Back Side","difficulty":2,"character":"Medium speed"},"geometry":{"type":"MultiLineString","coordinates":[[[-122.02982,36.9843],[-122.03039,36.98821],[-122.03164,36.99032],[-122.03311,36.99176],[-122.03381,36.99195],[-122.03408,36.99212],[-122.03474,36.99393],[-122.03503,36.99444],[-122.03649,36.99598],[-122.03737,36.99662],[-122.03741,36.99685],[-122.03715,36.99764],[-122.0371,36.99846],[-122.03746,37.00005],[-122.03763,37.00028],[-122.0384,37.00093],[-122.03854,37.00168],[-122.03894,37.0027],[-122.03943,37.00335],[-122.03998,37.00377],[-122.04187,37.00484],[-122.04269,37.00571],[-122.04335,37.0067],[-122.04406,37.00689],[-122.04564,37.00774],[-122.04753,37.00799],[-122.04799,37.00798],[-122.04893,37.00852],[-122.04953,37.00954],[-122.04965,37.01001],[-122.04965,37.01056],[-122.04992,37.01096],[-122.05039,37.01107],[-122.05109,37.01102],[-122.05162,37.01117],[-122.05256,37.01124],[-122.053,37.01159],[-122.05418,37.01196],[-122.05481,37.0124],[-122.05551,37.0126],[-122.0564,37.0132],[-122.05747,37.01326],[-122.05815,37.0135],[-122.05911,37.01346],[-122.06018,37.01365],[-122.0614,37.01458],[-122.06191,37.01475],[-122.06211,37.01491],[-122.06213,37.01537],[-122.06284,37.01628],[-122.06299,37.01693],[-122.06333,37.01762],[-122.06343,37.01921],[-122.06263,37.02009],[-122.06214,37.02046],[-122.06146,37.02139],[-122.06136,37.02242],[-122.06141,37.02301],[-122.06101,37.02358],[-122.0609,37.02389],[-122.05973,37.02427],[-122.0595,37.02443],[-122.05924,37.02558],[-122.05886,37.02625],[-122.05899,37.02693],[-122.05897,37.02786],[-122.05912,37.02832],[-122.05887,37.02881],[-122.05885,37.0299],[-122.05915,37.03031],[-122.05971,37.03054],[-122.06162,37.03085],[-122.0622,37.03083],[-122.06287,37.03062],[-122.06308,37.03071],[-122.06348,37.03117],[-122.06471,37.03127],[-122.06512,37.0314],[-122.06522,37.03164],[-122.06507,37.03184],[-122.06383,37.0321],[-122.06297,37.03249],[-122.06276,37.03281],[-122.06287,37.03311],[-122.06382,37.03395],[-122.06432,37.03494],[-122.06504,37.03557],[-122.06571,37.03664],[-122.06666,37.03761],[-122.06765,37.03833],[-122.0694,37.03896],[-122.07034,37.03965],[-122.07158,37.04037],[-122.07204,37.04084],[-122.07256,37.04171],[-122.0727,37.04223],[-122.07282,37.04356],[-122.07344,37.04541],[-122.07321,37.05248],[-122.07332,37.05325],[-122.07368,37.05396],[-122.07642,37.05758],[-122.07693,37.05797],[-122.07869,37.05879],[-122.07911,37.05916],[-122.07936,37.05956],[-122.08006,37.0616],[-122.08003,37.06289],[-122.0796,37.06458],[-122.07961,37.06527],[-122.07985,37.06672],[-122.08038,37.06721],[-122.08166,37.06762],[-122.0827,37.06808],[-122.08369,37.06903],[-122.08409,37.06963],[-122.08427,37.07053],[-122.08415,37.07166],[-122.08452,37.07396],[-122.08426,37.07636],[-122.08436,37.07693],[-122.08398,37.0776],[-122.08331,37.07807],[-122.08316,37.07861],[-122.0843,37.08102],[-122.0849,37.0815],[-122.08551,37.08183],[-122.08656,37.0821],[-122.08736,37.08272],[-122.08813,37.08338],[-122.08847,37.08396],[-122.08908,37.08451],[-122.08959,37.08547],[-122.08961,37.08588],[-122.08888,37.08685],[-122.08876,37.08715],[-122.0885,37.08862],[-122.08863,37.08919],[-122.08898,37.08954],[-122.08966,37.08977],[-122.09229,37.08934],[-122.09272,37.08942],[-122.0934,37.08972],[-122.09608,37.09209],[-122.09739,37.09589],[-122.09771,37.098],[-122.09792,37.09828],[-122.09861,37.09881],[-122.09926,37.0991],[-122.09982,37.09951],[-122.10105,37.09984],[-122.10129,37.10061],[-122.1018,37.10106],[-122.10324,37.10137],[-122.10386,37.10179],[-122.10434,37.10259],[-122.1044,37.10402],[-122.10453,37.10435],[-122.1051,37.1048],[-122.10534,37.10531],[-122.10573,37.10577],[-122.10774,37.10763],[-122.10803,37.10776],[-122.10856,37.10783],[-122.10964,37.1078],[-122.11034,37.10764],[-122.1113,37.10781],[-122.11183,37.1076],[-122.11217,37.10758],[-122.11332,37.10783],[-122.11435,37.10846],[-122.11483,37.10925],[-122.11435,37.11095],[-122.1144,37.11177],[-122.11482,37.11239],[-122.11508,37.11264],[-122.1156,37.11289],[-122.11795,37.11326],[-122.11847,37.11367],[-122.11894,37.11453],[-122.11997,37.11525],[-122.12034,37.11594],[-122.121,37.12112],[-122.12291,37.12726],[-122.12318,37.12944],[-122.12368,37.13032],[-122.12443,37.13078],[-122.12457,37.13096],[-122.12498,37.1325],[-122.12744,37.13531],[-122.12785,37.13632],[-122.12862,37.13749],[-122.13132,37.14043],[-122.13177,37.14143],[-122.1321,37.14445],[-122.13224,37.1448],[-122.13277,37.14563],[-122.13366,37.14665],[-122.13601,37.1489],[-122.13664,37.15037],[-122.13663,37.15077],[-122.1362,37.15138],[-122.13584,37.15162],[-122.13508,37.1518],[-122.1341,37.15277],[-122.1338,37.15328],[-122.13331,37.15541],[-122.13343,37.15583],[-122.13404,37.15669],[-122.13414,37.15696],[-122.13408,37.1584],[-122.13431,37.15991],[-122.1347,37.1613],[-122.13463,37.16409],[-122.13584,37.16767],[-122.13585,37.16977],[-122.13774,37.1713],[-122.13801,37.17157],[-122.13818,37.17193],[-122.1384,37.17474],[-122.13919,37.17708],[-122.13949,37.17947],[-122.13978,37.18001],[-122.14069,37.18069],[-122.14105,37.18131],[-122.14107,37.18385],[-122.14125,37.18465],[-122.1421,37.18614],[-122.14226,37.18695],[-122.14304,37.18785],[-122.14312,37.18872],[-122.1439,37.18939],[-122.14401,37.19032],[-122.1447,37.19104],[-122.14572,37.19314],[-122.14577,37.19341],[-122.14557,37.19395],[-122.14554,37.1947],[-122.14574,37.1952],[-122.14575,37.19588],[-122.14603,37.19655],[-122.14606,37.19727],[-122.14634,37.19799],[-122.14627,37.19883],[-122.14706,37.20034],[-122.14698,37.20085],[-122.14678,37.20118],[-122.14606,37.2018],[-122.14584,37.20271],[-122.14513,37.20331],[-122.14495,37.20365],[-122.14488,37.20448],[-122.14511,37.20517],[-122.14492,37.20606],[-122.14523,37.20669],[-122.14524,37.20706],[-122.14505,37.20738],[-122.14425,37.20783],[-122.14363,37.20847],[-122.14337,37.20913],[-122.14346,37.20998],[-122.14376,37.21042],[-122.14482,37.21115],[-122.14563,37.21155],[-122.14601,37.21201],[-122.14647,37.21233],[-122.1467,37.21293],[-122.14699,37.21329],[-122.14699,37.21352],[-122.14656,37.21372],[-122.14594,37.21362],[-122.14586,37.21383],[-122.14644,37.21399],[-122.14734,37.21439],[-122.14808,37.21432],[-122.14851,37.21405],[-122.14852,37.21375],[-122.14828,37.21312],[-122.14872,37.21178],[-122.14866,37.21119],[-122.14909,37.21084],[-122.14954,37.21013],[-122.14979,37.2101],[-122.15005,37.21019],[-122.15055,37.21079],[-122.15132,37.21102],[-122.15189,37.21156],[-122.15242,37.21152],[-122.15342,37.21175],[-122.15431,37.21181],[-122.15505,37.21179],[-122.15611,37.21153],[-122.15668,37.21157],[-122.15624,37.21259],[-122.15531,37.21398],[-122.15517,37.21526],[-122.15498,37.21554],[-122.15444,37.21582],[-122.15311,37.21599],[-122.15273,37.21617],[-122.15221,37.21667],[-122.15211,37.21702],[-122.15216,37.2174],[-122.15255,37.21838],[-122.15268,37.21976],[-122.15343,37.22051],[-122.15384,37.2213],[-122.15382,37.22234],[-122.15369,37.22273],[-122.15357,37.22296],[-122.153,37.22347],[-122.15222,37.22507],[-122.15184,37.2253],[-122.15079,37.22534],[-122.14995,37.22505],[-122.14901,37.22503],[-122.14809,37.22439],[-122.1478,37.22436],[-122.14752,37.22447],[-122.1473,37.22468],[-122.14726,37.22555],[-122.14774,37.22636],[-122.14815,37.22665],[-122.14908,37.22691],[-122.14932,37.22722],[-122.14938,37.22794],[-122.14922,37.22837],[-122.14889,37.22855],[-122.14808,37.22874],[-122.14783,37.2291],[-122.14791,37.22942],[-122.14841,37.22977],[-122.14872,37.23014],[-122.14901,37.23085],[-122.14903,37.23125],[-122.14822,37.23312],[-122.14787,37.23357],[-122.1472,37.23406],[-122.14571,37.2348],[-122.14546,37.23519],[-122.14556,37.23555],[-122.14624,37.23632],[-122.14718,37.23671],[-122.14757,37.23708],[-122.14968,37.23978],[-122.15042,37.24026],[-122.15203,37.24088],[-122.15366,37.24133],[-122.15403,37.24158],[-122.15449,37.24298],[-122.15436,37.24343],[-122.15409,37.24364],[-122.15312,37.24396],[-122.15226,37.24455],[-122.15147,37.24485],[-122.15125,37.24503],[-122.15117,37.24541],[-122.15138,37.24584],[-122.15306,37.24768],[-122.15402,37.24825],[-122.15414,37.24845],[-122.15414,37.24883],[-122.15388,37.2491],[-122.15358,37.24915],[-122.15315,37.24907],[-122.15135,37.24831],[-122.15011,37.2474],[-122.14901,37.24708],[-122.14795,37.24647],[-122.14659,37.24605],[-122.14373,37.24461],[-122.14288,37.24456],[-122.14196,37.24469],[-122.14081,37.24526],[-122.13983,37.24589],[-122.13838,37.24772],[-122.13803,37.24865],[-122.13766,37.249],[-122.13693,37.24937],[-122.13666,37.24988],[-122.13661,37.25126],[-122.13647,37.2517],[-122.13608,37.25225],[-122.13478,37.25331],[-122.13468,37.25349],[-122.13465,37.254],[-122.13445,37.25438],[-122.13262,37.25538],[-122.12807,37.25527],[-122.12646,37.25545],[-122.12599,37.25573],[-122.12561,37.25633],[-122.12539,37.25651],[-122.12511,37.25659],[-122.12438,37.25659],[-122.12409,37.25671],[-122.12271,37.25809],[-122.12197,37.25852]],[[-122.02969,36.98436],[-122.03008,36.98597]]]}},{"type":"Feature","properties":{"id":"latigo-canyon","name":"Latigo Canyon Road","difficulty":3,"character":"Technical"},"geometry":{"type":"MultiLineString","coordinates":[[[-118.75471,34.03006],[-118.75464,34.03051],[-118.75407,34.03111],[-118.75372,34.0313],[-118.75355,34.03158],[-118.7535,34.03192],[-118.75375,34.0323],[-118.755,34.03346],[-118.75526,34.03432],[-118.7561,34.03486],[-118.75772,34.03496],[-118.75824,34.03487],[-118.75919,34.0352],[-118.75988,34.0351],[-118.76151,34.03521],[-118.76247,34.03519],[-118.76383,34.03542],[-118.76482,34.03604],[-118.76538,34.03686],[-118.76556,34.0375],[-118.76574,34.03763],[-118.76593,34.03757],[-118.76599,34.03737],[-118.76582,34.03645],[-118.76557,34.03595],[-118.76567,34.03575],[-118.76755,34.03593],[-118.76839,34.03588],[-118.76858,34.03592],[-118.76896,34.03627],[-118.76934,34.03641],[-118.76944,34.0369],[-118.76973,34.03749],[-118.77022,34.03776],[-118.77069,34.03786],[-118.77088,34.03803],[-118.77098,34.03817],[-118.77092,34.03841],[-118.77058,34.03854],[-118.77045,34.03851],[-118.77008,34.03813],[-118.76966,34.03808],[-118.76901,34.03775],[-118.76883,34.03703],[-118.76861,34.0369],[-118.7675,34.03704],[-118.76729,34.03719],[-118.76728,34.03732],[-118.76744,34.03752],[-118.76803,34.03786],[-118.76902,34.03906],[-118.76922,34.03917],[-118.77116,34.03957],[-118.77125,34.03993],[-118.7711,34.04027],[-118.77077,34.04062],[-118.77072,34.04088],[-118.77138,34.04123],[-118.77199,34.04113],[-118.77233,34.04128],[-118.77286,34.04175],[-118.77346,34.04209],[-118.77439,34.04311],[-118.7742,34.04381],[-118.77458,34.04517],[-118.77405,34.04558],[-118.77398,34.04595],[-118.77461,34.04705],[-118.77468,34.04774],[-118.77403,34.04917],[-118.77409,34.04944],[-118.77447,34.04988],[-118.7745,34.05056],[-118.77422,34.05179],[-118.77436,34.05329],[-118.77409,34.05402],[-118.77424,34.05441],[-118.7748,34.05502],[-118.77493,34.05531],[-118.77493,34.05607],[-118.77473,34.05661],[-118.7748,34.05722],[-118.77504,34.05753],[-118.77512,34.05784],[-118.77577,34.0584],[-118.77634,34.05937],[-118.77698,34.06016],[-118.77699,34.06037],[-118.77659,34.06054],[-118.7765,34.06072],[-118.77659,34.06087],[-118.77717,34.06105],[-118.7772,34.06142],[-118.77769,34.06167],[-118.77789,34.06218],[-118.77784,34.06252],[-118.77807,34.06292],[-118.77792,34.06315],[-118.77795,34.06331],[-118.77829,34.06348],[-118.77861,34.06381],[-118.77884,34.06379],[-118.779,34.06367],[-118.77939,34.06267],[-118.77908,34.0617],[-118.77911,34.06134],[-118.77939,34.06118],[-118.77976,34.0613],[-118.7803,34.06175],[-118.78081,34.06246],[-118.78134,34.06287],[-118.78132,34.06346],[-118.78111,34.06388],[-118.78115,34.06405],[-118.78131,34.06416],[-118.7815,34.06415],[-118.78213,34.06402],[-118.78237,34.06428],[-118.78243,34.06471],[-118.78215,34.06514],[-118.78213,34.06587],[-118.78178,34.06636],[-118.7818,34.06662],[-118.7821,34.06676],[-118.783,34.06662],[-118.78333,34.06689],[-118.78343,34.06734],[-118.78364,34.06761],[-118.78351,34.06774],[-118.78321,34.0677],[-118.78306,34.06716],[-118.78281,34.067],[-118.78149,34.06748],[-118.78109,34.06749],[-118.7808,34.06649],[-118.7805,34.06608],[-118.78018,34.06597],[-118.78,34.06604],[-118.77988,34.06626],[-118.78025,34.06655],[-118.78042,34.06684],[-118.78048,34.0679],[-118.78093,34.06845],[-118.78117,34.06851],[-118.78161,34.06828],[-118.78176,34.06831],[-118.78185,34.06852],[-118.7815,34.06877],[-118.78123,34.06882],[-118.78027,34.06861],[-118.78005,34.06863],[-118.77993,34.06871],[-118.77996,34.06899],[-118.78015,34.06933],[-118.78042,34.06952],[-118.78075,34.06953],[-118.78124,34.06939],[-118.78177,34.06947],[-118.78257,34.06974],[-118.78269,34.0703],[-118.78324,34.0712],[-118.78423,34.07126],[-118.78447,34.07137],[-118.78435,34.0721],[-118.78444,34.07307],[-118.78469,34.07375],[-118.78513,34.07445],[-118.78538,34.07466],[-118.78556,34.07469],[-118.78572,34.07457],[-118.78583,34.07381],[-118.78613,34.07363],[-118.78653,34.07311],[-118.78721,34.07275],[-118.78764,34.07302],[-118.78807,34.07311],[-118.78835,34.07329],[-118.78844,34.07344],[-118.78843,34.07377],[-118.78867,34.07417],[-118.78878,34.07462],[-118.78909,34.07481],[-118.79053,34.07492],[-118.79112,34.07475],[-118.79178,34.07487],[-118.79243,34.07477],[-118.79277,34.07484],[-118.79323,34.07527],[-118.79356,34.07607],[-118.79422,34.0766],[-118.79425,34.07687],[-118.79399,34.0777],[-118.79392,34.07832],[-118.79399,34.07858],[-118.7942,34.07883],[-118.79443,34.07901],[-118.79493,34.07916],[-118.79608,34.0791],[-118.79677,34.07975],[-118.7974,34.0798],[-118.79821,34.08019],[-118.79845,34.08065],[-118.79845,34.0808],[-118.79829,34.08102],[-118.79796,34.08104],[-118.79679,34.08061],[-118.79647,34.08066],[-118.79596,34.08114],[-118.79648,34.08183],[-118.79632,34.08217],[-118.79578,34.08247],[-118.79471,34.08258],[-118.79433,34.08273],[-118.79376,34.08309],[-118.79386,34.0834],[-118.79465,34.08361],[-118.79526,34.08418],[-118.79604,34.08419],[-118.79636,34.08456],[-118.79658,34.08456],[-118.7974,34.08424],[-118.79757,34.08438],[-118.79773,34.08472],[-118.79815,34.08494],[-118.79835,34.08493],[-118.79884,34.08461],[-118.79932,34.08481],[-118.79951,34.08477],[-118.79985,34.08442],[-118.80006,34.08442],[-118.80029,34.08469],[-118.80026,34.0851],[-118.80037,34.08535],[-118.801,34.0854],[-118.80148,34.08584],[-118.80197,34.08606],[-118.80225,34.086],[-118.80248,34.0854],[-118.80264,34.08533],[-118.80328,34.08568],[-118.80396,34.08582],[-118.80422,34.08571],[-118.8046,34.08533],[-118.80511,34.08545],[-118.80569,34.08523],[-118.80623,34.0854],[-118.80641,34.08562],[-118.80653,34.0863],[-118.8067,34.08649],[-118.80747,34.08659],[-118.80787,34.08678],[-118.80849,34.08683],[-118.80883,34.08706],[-118.80865,34.08734],[-118.80793,34.08737],[-118.80759,34.08753],[-118.80752,34.08844],[-118.80759,34.08882],[-118.80805,34.08921],[-118.80885,34.08955],[-118.8091,34.09004],[-118.80982,34.09076],[-118.81048,34.09125],[-118.81155,34.09172],[-118.81186,34.09212],[-118.81209,34.0921],[-118.81227,34.09188],[-118.81219,34.09174],[-118.81174,34.09153],[-118.81137,34.0912],[-118.81136,34.09093],[-118.81158,34.09051],[-118.8118,34.09044],[-118.81196,34.09052],[-118.81223,34.09074],[-118.81235,34.09107],[-118.81258,34.09108],[-118.81395,34.09045],[-118.81417,34.08992],[-118.81452,34.08963],[-118.81544,34.08958]]]}},{"type":"Feature","properties":{"id":"piuma-road","name":"Piuma Road","difficulty":3,"character":"Technical"},"geometry":{"type":"MultiLineString","coordinates":[[[-118.70455,34.08213],[-118.70413,34.08219],[-118.70377,34.0821],[-118.70214,34.08124],[-118.70128,34.08047],[-118.7006,34.07957],[-118.69954,34.07876],[-118.69597,34.07853],[-118.69274,34.07731],[-118.69145,34.07712],[-118.68983,34.07707],[-118.68818,34.07672],[-118.68709,34.07616],[-118.68618,34.07618],[-118.68615,34.07592],[-118.68686,34.07574],[-118.68722,34.07551],[-118.68789,34.07558],[-118.68856,34.07532],[-118.68962,34.0756],[-118.68992,34.07544],[-118.68986,34.07521],[-118.6896,34.07514],[-118.68904,34.07519],[-118.68834,34.075],[-118.6878,34.07511],[-118.68637,34.07447],[-118.68599,34.07398],[-118.6849,34.07324],[-118.68457,34.07313],[-118.68403,34.07314],[-118.68368,34.07316],[-118.6831,34.07335],[-118.68293,34.0732],[-118.683,34.07302],[-118.68482,34.07246],[-118.68633,34.07297],[-118.68688,34.07306],[-118.68708,34.07291],[-118.68716,34.07254],[-118.6874,34.07227],[-118.68834,34.07179],[-118.68909,34.0721],[-118.68934,34.07209],[-118.68985,34.07145],[-118.69028,34.07125],[-118.69084,34.07126],[-118.69143,34.07166],[-118.69297,34.07203],[-118.69344,34.07277],[-118.69413,34.07284],[-118.69428,34.07292],[-118.69438,34.0731],[-118.69435,34.07346],[-118.69452,34.07359],[-118.69535,34.0736],[-118.6958,34.07335],[-118.69615,34.0733],[-118.69712,34.07358],[-118.69731,34.074],[-118.69751,34.07414],[-118.69783,34.07408],[-118.69786,34.07379],[-118.69754,34.07352],[-118.69659,34.073],[-118.69539,34.07261],[-118.69494,34.07201],[-118.6943,34.0717],[-118.69433,34.07101],[-118.69416,34.0707],[-118.69385,34.07062],[-118.69303,34.07063],[-118.69153,34.06953],[-118.6906,34.06941],[-118.68968,34.06864],[-118.68834,34.06832],[-118.68669,34.06893],[-118.68554,34.06892],[-118.6848,34.06874],[-118.68422,34.06889],[-118.68383,34.06886],[-118.68357,34.06869],[-118.68341,34.06811],[-118.68373,34.06751],[-118.68376,34.06729],[-118.68367,34.06699],[-118.6835,34.06684],[-118.68306,34.0667],[-118.68208,34.0666],[-118.68138,34.06629],[-118.68016,34.06601],[-118.67947,34.06554],[-118.67892,34.0653],[-118.67762,34.06516],[-118.67687,34.06528],[-118.67639,34.06505],[-118.67607,34.06501],[-118.6735,34.06534],[-118.67244,34.06596],[-118.67215,34.06637],[-118.67206,34.06667],[-118.67216,34.06822],[-118.67201,34.06829],[-118.67147,34.06822],[-118.67094,34.06802],[-118.67071,34.06806],[-118.67059,34.06823],[-118.67063,34.06878],[-118.67037,34.06922],[-118.66885,34.07004],[-118.66849,34.07008],[-118.6677,34.06988],[-118.66642,34.07035],[-118.66587,34.07034],[-118.66421,34.0697],[-118.66397,34.06945],[-118.66376,34.06898],[-118.66354,34.06882],[-118.66289,34.06884],[-118.66178,34.06912],[-118.6615,34.06933],[-118.66159,34.0701],[-118.66121,34.07048],[-118.66115,34.07078],[-118.66083,34.07114],[-118.66075,34.07156],[-118.66032,34.07194],[-118.66003,34.07203],[-118.6596,34.07203],[-118.65909,34.07184],[-118.65865,34.07185],[-118.65829,34.07194],[-118.65785,34.07223],[-118.65753,34.07224],[-118.65709,34.07198],[-118.65626,34.07121],[-118.65398,34.07042],[-118.65343,34.07001]]]}},{"type":"Feature","properties":{"id":"stunt-road","name":"Stunt Road","difficulty":3,"character":"Technical"},"geometry":{"type":"MultiLineString","coordinates":[[[-118.66,34.10193],[-118.65877,34.10141],[-118.65836,34.10133],[-118.65545,34.10153],[-118.655,34.1015],[-118.65471,34.10139],[-118.65437,34.10104],[-118.65376,34.09989],[-118.65333,34.09851],[-118.65244,34.09767],[-118.65224,34.0973],[-118.65219,34.09647],[-118.65255,34.09565],[-118.65252,34.09533],[-118.65233,34.09508],[-118.65199,34.09487],[-118.65157,34.09481],[-118.65046,34.09515],[-118.64943,34.09525],[-118.64778,34.095],[-118.64736,34.09483],[-118.64716,34.09458],[-118.64711,34.09433],[-118.64725,34.09375],[-118.6475,34.0934],[-118.64788,34.09332],[-118.64905,34.0939],[-118.64955,34.09394],[-118.64975,34.0938],[-118.65006,34.09333],[-118.65067,34.09314],[-118.65123,34.09283],[-118.65177,34.09274],[-118.65223,34.09246],[-118.6524,34.09226],[-118.65248,34.09161],[-118.65317,34.09114],[-118.65343,34.09051],[-118.65373,34.09031],[-118.65489,34.09031],[-118.65597,34.09073],[-118.65706,34.09072],[-118.65785,34.09099],[-118.65834,34.09099],[-118.65896,34.0908],[-118.65934,34.09054],[-118.66022,34.08963],[-118.6606,34.08884],[-118.66097,34.08838],[-118.66132,34.08832],[-118.66239,34.08847],[-118.66351,34.08837],[-118.6638,34.08822],[-118.66494,34.08716],[-118.66502,34.08697],[-118.66488,34.08666],[-118.66457,34.08652],[-118.66378,34.08677],[-118.66353,34.08677],[-118.66035,34.08602],[-118.65974,34.08595],[-118.65772,34.08616],[-118.65735,34.08587],[-118.65698,34.08516],[-118.65659,34.08498],[-118.65495,34.08501],[-118.65388,34.08527],[-118.6531,34.08517],[-118.65275,34.08493],[-118.65174,34.08383],[-118.65072,34.08354],[-118.65042,34.08333],[-118.65021,34.08213],[-118.65075,34.08146],[-118.65087,34.08112],[-118.65074,34.08072],[-118.65044,34.08048],[-118.64982,34.08042],[-118.64736,34.08082],[-118.64603,34.08117],[-118.64574,34.08111]]]}},{"type":"Feature","properties":{"id":"schueren-saddle-peak","name":"Schueren / Saddle Peak connector","difficulty":3,"character":"Technical"},"geometry":{"type":"MultiLineString","coordinates":[[[-118.64574,34.08111],[-118.64738,34.08007],[-118.64881,34.07938],[-118.64902,34.07917],[-118.64906,34.07896],[-118.6488,34.07857],[-118.6484,34.0785],[-118.64657,34.07922],[-118.646,34.07935],[-118.64528,34.07938],[-118.64432,34.07921],[-118.643,34.07872],[-118.64289,34.07844],[-118.64299,34.07806],[-118.64359,34.07749],[-118.64411,34.07617],[-118.64473,34.07556],[-118.64498,34.07465],[-118.64517,34.07446],[-118.64549,34.07435],[-118.64705,34.07431],[-118.64896,34.07469],[-118.64983,34.07462],[-118.65065,34.07473],[-118.65153,34.07511],[-118.65195,34.07505],[-118.65215,34.07487],[-118.65218,34.07455],[-118.65191,34.07396],[-118.65147,34.07352],[-118.65144,34.07319],[-118.6516,34.07298],[-118.65224,34.0727],[-118.65252,34.07245],[-118.65265,34.0719],[-118.65236,34.07129],[-118.65238,34.07094],[-118.65286,34.07021],[-118.65343,34.07001]]]}},{"type":"Feature","properties":{"id":"decker-canyon","name":"Decker Road \u00b7 SR 23","difficulty":3,"character":"Technical"},"geometry":{"type":"MultiLineString","coordinates":[[[-118.89441,34.04147],[-118.8945,34.04176],[-118.89523,34.04189],[-118.89601,34.04235],[-118.89658,34.04331],[-118.89669,34.04406],[-118.89692,34.04469],[-118.8978,34.04573],[-118.89767,34.04648],[-118.89789,34.04721],[-118.89749,34.04768],[-118.89742,34.04801],[-118.89755,34.04848],[-118.89781,34.04883],[-118.89762,34.04882],[-118.89734,34.04856],[-118.89696,34.04785],[-118.89682,34.04783],[-118.89679,34.04794],[-118.89714,34.04887],[-118.8974,34.04921],[-118.89761,34.05008],[-118.89823,34.0508],[-118.89914,34.05132],[-118.89934,34.05171],[-118.89928,34.05214],[-118.8991,34.0524],[-118.89827,34.05276],[-118.89813,34.05302],[-118.8978,34.0532],[-118.89807,34.0539],[-118.89852,34.05418],[-118.89859,34.05448],[-118.89793,34.0551],[-118.89672,34.05542],[-118.89619,34.05598],[-118.89632,34.05616],[-118.89673,34.05621],[-118.89737,34.0567],[-118.89741,34.05698],[-118.8969,34.05799],[-118.89707,34.05806],[-118.89746,34.05788],[-118.89757,34.05799],[-118.89723,34.05882],[-118.8973,34.0596],[-118.89696,34.06119],[-118.89703,34.06199],[-118.8968,34.06337],[-118.89641,34.0638],[-118.89603,34.06463],[-118.89582,34.06548],[-118.89526,34.066],[-118.8953,34.06643],[-118.89506,34.06677],[-118.89493,34.06722],[-118.89453,34.06747],[-118.89427,34.06821],[-118.8939,34.06848],[-118.89322,34.06864],[-118.89325,34.06879],[-118.89383,34.06947],[-118.89375,34.06975],[-118.89244,34.07019],[-118.89179,34.07013],[-118.89073,34.07045],[-118.89064,34.07073],[-118.8911,34.07121],[-118.89115,34.07138],[-118.89086,34.07201],[-118.89072,34.07213],[-118.89052,34.07221],[-118.88937,34.07227],[-118.88886,34.07222],[-118.88871,34.07241],[-118.88879,34.07274],[-118.88867,34.07283],[-118.88803,34.07257],[-118.8878,34.07258],[-118.88759,34.07297],[-118.88692,34.07293],[-118.88592,34.07331],[-118.88546,34.0737],[-118.88466,34.07392],[-118.88423,34.07452],[-118.88279,34.07493],[-118.88237,34.07513],[-118.88186,34.07569],[-118.88136,34.07679],[-118.88051,34.07731],[-118.87975,34.07764],[-118.8788,34.07842],[-118.87866,34.07868],[-118.87894,34.07955],[-118.87891,34.07973],[-118.87829,34.08024],[-118.87792,34.08087],[-118.87803,34.08143],[-118.87794,34.08222],[-118.87821,34.08322],[-118.87816,34.08351],[-118.87777,34.08387],[-118.87738,34.08478],[-118.87681,34.08538],[-118.87619,34.08628],[-118.8759,34.08648],[-118.87495,34.08679],[-118.87471,34.08698],[-118.87388,34.08813],[-118.87341,34.08857]]]}},{"type":"Feature","properties":{"id":"encinal-canyon","name":"Encinal Canyon Road","difficulty":2,"character":"Medium speed"},"geometry":{"type":"MultiLineString","coordinates":[[[-118.88525,34.04036],[-118.88529,34.04065],[-118.88547,34.04084],[-118.88598,34.04113],[-118.89139,34.04229],[-118.89204,34.04251],[-118.89239,34.0428],[-118.89259,34.04322],[-118.8926,34.04365],[-118.89238,34.04408],[-118.89183,34.04443],[-118.89136,34.04452],[-118.88825,34.04433],[-118.8859,34.04389],[-118.88476,34.04388],[-118.88061,34.04418],[-118.87965,34.04409],[-118.87717,34.04361],[-118.87655,34.04365],[-118.87626,34.04378],[-118.87575,34.04423],[-118.87505,34.0452],[-118.87479,34.04577],[-118.87481,34.04645],[-118.87529,34.04803],[-118.87524,34.04867],[-118.87499,34.04915],[-118.87451,34.04958],[-118.87317,34.05025],[-118.8722,34.05126],[-118.87094,34.05195],[-118.87019,34.05279],[-118.86954,34.05494],[-118.86963,34.05687],[-118.86954,34.05764],[-118.8693,34.05834],[-118.86843,34.06007],[-118.86841,34.06057],[-118.86854,34.06093],[-118.86955,34.06229],[-118.87,34.06267],[-118.87112,34.06329],[-118.87145,34.06379],[-118.87174,34.06475],[-118.87208,34.06506],[-118.87272,34.06528],[-118.87345,34.06517],[-118.8739,34.06487],[-118.87412,34.06454],[-118.8742,34.06407],[-118.87409,34.06167],[-118.87421,34.06124],[-118.87448,34.06092],[-118.87525,34.06056],[-118.87592,34.06057],[-118.87659,34.06086],[-118.87695,34.06131],[-118.87707,34.06176],[-118.877,34.06216],[-118.87626,34.06324],[-118.87604,34.06373],[-118.87611,34.06536],[-118.87586,34.06581],[-118.87534,34.06625],[-118.87516,34.06666],[-118.87524,34.06717],[-118.87572,34.06802],[-118.8759,34.06889],[-118.87546,34.07069],[-118.87511,34.07395],[-118.87524,34.07458],[-118.8757,34.07541],[-118.87711,34.07658],[-118.87769,34.07746],[-118.87616,34.07801],[-118.87574,34.07825],[-118.87528,34.07866],[-118.87445,34.08003],[-118.87102,34.08206],[-118.86886,34.0824],[-118.86823,34.08257],[-118.86746,34.08308],[-118.86668,34.08403],[-118.86625,34.08439],[-118.86516,34.08489],[-118.86414,34.08502],[-118.86153,34.08504],[-118.86073,34.08521],[-118.86003,34.0857],[-118.85904,34.08705],[-118.85839,34.08741],[-118.85775,34.08749],[-118.85543,34.08751],[-118.85199,34.08745],[-118.85101,34.08713],[-118.84904,34.08587],[-118.84833,34.08567],[-118.84738,34.08572],[-118.84683,34.08589],[-118.84287,34.08786],[-118.842,34.08791],[-118.84017,34.0875],[-118.83961,34.08762],[-118.83924,34.08783],[-118.8389,34.08834],[-118.83899,34.08996],[-118.83872,34.09049],[-118.83829,34.09089],[-118.83783,34.09112],[-118.83392,34.09229],[-118.83193,34.09234],[-118.83124,34.09249],[-118.82844,34.09426]]]}},{"type":"Feature","properties":{"id":"mulholland-highway-malibu","name":"Mulholland Highway \u00b7 Malibu mountains","difficulty":2,"character":"Medium speed"},"geometry":{"type":"MultiLineString","coordinates":[[[-118.87341,34.08857],[-118.8727,34.08899],[-118.87105,34.08935],[-118.87093,34.08957],[-118.87099,34.09021],[-118.87,34.09112],[-118.86949,34.0913],[-118.8688,34.09131],[-118.8672,34.09166],[-118.86575,34.09175],[-118.86519,34.09246],[-118.864,34.09308],[-118.86336,34.09394],[-118.86314,34.09483],[-118.86249,34.09553],[-118.86328,34.09662],[-118.86326,34.09679],[-118.86299,34.09697],[-118.86296,34.0972],[-118.86306,34.09752],[-118.86346,34.0979],[-118.86351,34.09807],[-118.86326,34.09825],[-118.8631,34.09854],[-118.86207,34.09888],[-118.86189,34.09955],[-118.86176,34.09973],[-118.8614,34.09992],[-118.86153,34.10014],[-118.86222,34.10031],[-118.8622,34.10047],[-118.86194,34.10074],[-118.86199,34.10094],[-118.86286,34.10135],[-118.86312,34.10162],[-118.86153,34.10265],[-118.86186,34.10293],[-118.86167,34.10325],[-118.86186,34.10346],[-118.86178,34.10361],[-118.861,34.10358],[-118.86046,34.10338],[-118.86016,34.10341],[-118.8599,34.10352],[-118.85932,34.10411],[-118.85874,34.10421],[-118.85843,34.10441],[-118.85751,34.10422],[-118.85613,34.10343],[-118.85536,34.10313],[-118.85483,34.10328],[-118.85369,34.10403],[-118.85278,34.10429],[-118.85201,34.10431],[-118.85105,34.10415],[-118.84972,34.10408],[-118.84628,34.10437],[-118.84549,34.10427],[-118.84519,34.10413],[-118.84504,34.10389],[-118.84558,34.10237],[-118.84551,34.10171],[-118.84509,34.10117],[-118.84332,34.09999],[-118.84299,34.09982],[-118.84152,34.09982],[-118.84039,34.10061],[-118.84016,34.10067],[-118.83852,34.10028],[-118.83824,34.10003],[-118.83807,34.09946],[-118.83763,34.09906],[-118.835,34.09815],[-118.83344,34.0975],[-118.83249,34.09686],[-118.8322,34.09663],[-118.83191,34.09599],[-118.83198,34.09469],[-118.83161,34.09336],[-118.83138,34.09314],[-118.83104,34.09319],[-118.82855,34.09439],[-118.82711,34.09487],[-118.8265,34.09494],[-118.82589,34.09486],[-118.82387,34.09393],[-118.82282,34.09387],[-118.81617,34.0959],[-118.8146,34.09649],[-118.81404,34.09656],[-118.81266,34.09648]]]}},{"type":"Feature","properties":{"id":"pch-malibu","name":"Pacific Coast Highway \u00b7 Malibu","difficulty":1,"character":"Medium speed"},"geometry":{"type":"MultiLineString","coordinates":[[[-118.5793,34.04011],[-118.58042,34.03996],[-118.58388,34.03894],[-118.58492,34.03877],[-118.58556,34.03881],[-118.58795,34.03937],[-118.58947,34.03946],[-118.5922,34.03997],[-118.59342,34.0399],[-118.59487,34.04],[-118.59693,34.03957],[-118.60073,34.03937],[-118.60335,34.03944],[-118.6045,34.03918],[-118.60689,34.03831],[-118.60817,34.03742],[-118.60876,34.03711],[-118.60957,34.03689],[-118.61039,34.03683],[-118.61236,34.03718],[-118.61416,34.03723],[-118.62267,34.03816],[-118.62456,34.03808],[-118.62611,34.03758],[-118.62726,34.03735],[-118.6287,34.03737],[-118.63067,34.0376],[-118.63151,34.03761],[-118.63427,34.03726],[-118.63565,34.03694],[-118.63642,34.03693],[-118.63797,34.03714],[-118.64062,34.03778],[-118.64518,34.03862],[-118.64671,34.03859],[-118.64874,34.03808],[-118.64957,34.03802],[-118.65529,34.03889],[-118.66278,34.0396],[-118.66541,34.03967],[-118.67076,34.03937],[-118.67289,34.03898],[-118.67616,34.03778],[-118.67696,34.0374],[-118.67775,34.03689],[-118.67948,34.03549],[-118.68033,34.03507],[-118.68151,34.03474],[-118.68498,34.03439],[-118.68727,34.03435],[-118.69539,34.03521],[-118.69676,34.03526],[-118.71476,34.03391],[-118.7158,34.03386],[-118.72554,34.03418],[-118.72688,34.03409],[-118.73234,34.03343],[-118.73737,34.03354],[-118.742,34.03331],[-118.74327,34.03313],[-118.74689,34.03228],[-118.74947,34.03143],[-118.75406,34.03028],[-118.75594,34.02954],[-118.76005,34.02727],[-118.76165,34.02662],[-118.76306,34.02623],[-118.76575,34.02583],[-118.77111,34.02564],[-118.77298,34.02566],[-118.7781,34.02596],[-118.77996,34.02583],[-118.78335,34.02504],[-118.78626,34.02426],[-118.79401,34.02103],[-118.7956,34.02058],[-118.79688,34.02044],[-118.79866,34.02051],[-118.7999,34.02075],[-118.80513,34.02218],[-118.80674,34.02233],[-118.80831,34.02219],[-118.80974,34.02174],[-118.81095,34.02121],[-118.81515,34.018],[-118.81632,34.01732],[-118.81778,34.01683],[-118.81886,34.01659],[-118.8209,34.01646],[-118.82276,34.01676],[-118.82383,34.01715],[-118.82455,34.01755],[-118.83048,34.02243],[-118.83136,34.02301],[-118.83478,34.02489],[-118.83647,34.02594],[-118.83857,34.02771],[-118.84176,34.02975],[-118.84414,34.03158],[-118.84567,34.03254],[-118.84684,34.03318],[-118.85135,34.03498],[-118.85299,34.03552],[-118.85536,34.03598],[-118.86039,34.03644],[-118.86182,34.03667],[-118.86338,34.03709],[-118.86827,34.03884],[-118.86993,34.03927],[-118.8712,34.03949],[-118.87307,34.03967],[-118.88136,34.03997],[-118.88712,34.04054],[-118.89061,34.04094],[-118.91452,34.04421],[-118.91568,34.04445],[-118.92384,34.04683],[-118.92492,34.04704],[-118.92626,34.04709],[-118.92883,34.04701],[-118.92981,34.04689],[-118.93069,34.04668],[-118.93514,34.04509],[-118.93658,34.04488],[-118.93811,34.04496],[-118.94594,34.04699],[-118.95198,34.04905],[-118.96313,34.05313]]]}},{"type":"Feature","properties":{"id":"angeles-crest-west","name":"Angeles Crest Highway \u00b7 western SR 2","difficulty":2,"character":"Medium speed"},"geometry":{"type":"MultiLineString","coordinates":[[[-118.20007,34.21299],[-118.2001,34.21733],[-118.19988,34.21804],[-118.19953,34.21848],[-118.19905,34.21881],[-118.19846,34.21904],[-118.19796,34.21911],[-118.19644,34.21911],[-118.1954,34.21899],[-118.19385,34.21842],[-118.19292,34.21743],[-118.19211,34.21713],[-118.1902,34.21742],[-118.18978,34.21772],[-118.18957,34.21795],[-118.18944,34.21831],[-118.18944,34.21869],[-118.18958,34.21899],[-118.19002,34.21939],[-118.19273,34.22104],[-118.19297,34.22133],[-118.19309,34.22169],[-118.19295,34.2223],[-118.19276,34.22252],[-118.19229,34.22279],[-118.19058,34.223],[-118.18983,34.22336],[-118.18791,34.22512],[-118.1879,34.22552],[-118.18836,34.22627],[-118.18833,34.22663],[-118.18815,34.22687],[-118.18787,34.22707],[-118.18751,34.22717],[-118.18666,34.22714],[-118.18627,34.22723],[-118.18561,34.2282],[-118.1845,34.22875],[-118.18298,34.22884],[-118.18275,34.22905],[-118.18258,34.22978],[-118.18162,34.23023],[-118.18143,34.2306],[-118.18158,34.23166],[-118.18172,34.23189],[-118.18249,34.23222],[-118.1835,34.23289],[-118.18363,34.23317],[-118.18363,34.23427],[-118.18413,34.23549],[-118.18508,34.23617],[-118.18536,34.23688],[-118.1856,34.2372],[-118.18597,34.23745],[-118.18628,34.23753],[-118.18904,34.23741],[-118.18934,34.23751],[-118.18964,34.23781],[-118.18985,34.2382],[-118.18985,34.23863],[-118.18961,34.23891],[-118.18889,34.23924],[-118.1885,34.23959],[-118.18832,34.24007],[-118.18827,34.2411],[-118.18854,34.24163],[-118.18939,34.24205],[-118.18963,34.24234],[-118.18967,34.24335],[-118.18986,34.24365],[-118.19038,34.24411],[-118.19055,34.24443],[-118.19044,34.24547],[-118.19054,34.24582],[-118.19237,34.24787],[-118.1928,34.24802],[-118.1938,34.24808],[-118.19415,34.24821],[-118.19441,34.24845],[-118.19452,34.24867],[-118.19452,34.24906],[-118.19414,34.24969],[-118.194,34.25013],[-118.19402,34.2504],[-118.19422,34.25074],[-118.19536,34.25185],[-118.19586,34.25196],[-118.19679,34.25183],[-118.19731,34.25199],[-118.19756,34.25242],[-118.19744,34.25317],[-118.19752,34.25356],[-118.19793,34.25393],[-118.19862,34.25409],[-118.19892,34.25427],[-118.19909,34.25458],[-118.19909,34.25493],[-118.19811,34.25605],[-118.19784,34.25618],[-118.19707,34.25625],[-118.1966,34.25657],[-118.19652,34.25696],[-118.19702,34.25816],[-118.19712,34.25872],[-118.19697,34.25912],[-118.19663,34.25945],[-118.19612,34.25962],[-118.19542,34.25956],[-118.19487,34.25924],[-118.19429,34.25842],[-118.19397,34.25813],[-118.19357,34.258],[-118.19311,34.25805],[-118.19268,34.25832],[-118.19244,34.25866],[-118.19247,34.26001],[-118.19216,34.26038],[-118.19158,34.26054],[-118.18903,34.26024],[-118.18865,34.26034],[-118.18841,34.2605],[-118.18819,34.26076],[-118.18814,34.261],[-118.18839,34.2618],[-118.18835,34.26209],[-118.18782,34.26269],[-118.18728,34.26302],[-118.18671,34.26307],[-118.18631,34.2629],[-118.18537,34.26199],[-118.18474,34.26087],[-118.18454,34.26069],[-118.18384,34.26054],[-118.18332,34.26071],[-118.18309,34.26089],[-118.18292,34.26128],[-118.18268,34.26267],[-118.18291,34.26444],[-118.18274,34.26472],[-118.18244,34.26492],[-118.18173,34.26498],[-118.18062,34.26453],[-118.17916,34.26428],[-118.17839,34.26397],[-118.17762,34.26334],[-118.17716,34.26309],[-118.17658,34.26296],[-118.17599,34.26299],[-118.17564,34.26307],[-118.17471,34.26353],[-118.17424,34.26395],[-118.17399,34.2654],[-118.17404,34.26632],[-118.17364,34.26697],[-118.17322,34.26725],[-118.17272,34.2674],[-118.17133,34.26736],[-118.17101,34.26743],[-118.17063,34.26769],[-118.16989,34.2685],[-118.16873,34.26937],[-118.16826,34.26959],[-118.16744,34.26967],[-118.16633,34.26951],[-118.16518,34.26888],[-118.16358,34.26851],[-118.16246,34.26764],[-118.16195,34.26748],[-118.16144,34.26763],[-118.16023,34.26848],[-118.1594,34.26952],[-118.15899,34.26974],[-118.15851,34.26977],[-118.15749,34.26959],[-118.15509,34.26965],[-118.15427,34.26983],[-118.15285,34.27035],[-118.15227,34.27034],[-118.14992,34.26981],[-118.14692,34.26929],[-118.1452,34.26851],[-118.14461,34.26835],[-118.14387,34.26842],[-118.14136,34.26951],[-118.14075,34.26955],[-118.14019,34.26922],[-118.13987,34.26841],[-118.13957,34.26813],[-118.13917,34.268],[-118.13841,34.26798],[-118.13781,34.26778],[-118.13658,34.267],[-118.13433,34.26597],[-118.13321,34.26576],[-118.13122,34.26605],[-118.13079,34.26596],[-118.12894,34.26522],[-118.12858,34.26518],[-118.12765,34.26538],[-118.12726,34.26536],[-118.12653,34.26507],[-118.12537,34.26415],[-118.12472,34.26392],[-118.12282,34.26347],[-118.12156,34.26366],[-118.12095,34.26359],[-118.12032,34.26325],[-118.11947,34.26248],[-118.1172,34.26175],[-118.11679,34.26146],[-118.11639,34.26089],[-118.11613,34.26075],[-118.11583,34.26074],[-118.11553,34.26081],[-118.11532,34.261],[-118.11527,34.26146],[-118.11554,34.26176],[-118.11616,34.26199],[-118.11648,34.26221],[-118.11699,34.26317],[-118.11713,34.2637],[-118.1169,34.2651],[-118.1163,34.266],[-118.1163,34.26646],[-118.11643,34.26664],[-118.11677,34.26681],[-118.118,34.26692],[-118.11823,34.26706],[-118.11845,34.26742],[-118.11848,34.26769],[-118.11832,34.26802],[-118.11802,34.26821],[-118.11761,34.26823],[-118.11719,34.26803],[-118.11617,34.26706],[-118.11487,34.26645],[-118.11464,34.26626],[-118.1145,34.26602],[-118.11449,34.26569],[-118.11523,34.26461],[-118.11525,34.26381],[-118.11494,34.26329],[-118.11329,34.2622],[-118.11281,34.26206],[-118.11229,34.26227],[-118.11209,34.2626],[-118.11204,34.26349],[-118.11177,34.26376],[-118.11115,34.26404],[-118.11067,34.26405],[-118.10972,34.26369],[-118.10833,34.26398],[-118.108,34.26396],[-118.10781,34.26385],[-118.10762,34.26359],[-118.10761,34.26336],[-118.10824,34.26267],[-118.10834,34.26239],[-118.10829,34.26215],[-118.10781,34.26149],[-118.10745,34.26067],[-118.10619,34.25904],[-118.10576,34.25865],[-118.10523,34.25847],[-118.10459,34.25857],[-118.10423,34.25876],[-118.1034,34.26013],[-118.10287,34.26063],[-118.10227,34.26083],[-118.10104,34.261],[-118.1005,34.26132],[-118.09974,34.26268],[-118.09985,34.26342],[-118.09977,34.26375],[-118.09825,34.26533],[-118.09749,34.26568],[-118.09698,34.2657],[-118.09563,34.26532],[-118.09506,34.26527],[-118.09426,34.26538],[-118.09343,34.26571],[-118.09279,34.26575],[-118.09221,34.26549],[-118.09061,34.26438],[-118.08999,34.2643],[-118.08945,34.2645],[-118.08856,34.26539],[-118.08799,34.26571],[-118.08746,34.2658],[-118.08657,34.2657],[-118.08609,34.26578],[-118.08576,34.26594],[-118.08534,34.26641],[-118.08494,34.26657],[-118.0845,34.26655],[-118.08377,34.26633],[-118.0833,34.26633],[-118.08297,34.26649],[-118.08209,34.26719],[-118.08075,34.26725],[-118.08033,34.26752],[-118.07987,34.26838],[-118.07942,34.26864],[-118.07876,34.26866],[-118.07748,34.26836],[-118.07688,34.26846],[-118.07662,34.26865],[-118.07593,34.26955],[-118.07532,34.26982],[-118.07484,34.26986],[-118.07438,34.26971],[-118.07318,34.26894],[-118.07078,34.26777],[-118.07003,34.26768],[-118.06851,34.2679],[-118.06646,34.26795],[-118.06601,34.26807],[-118.06461,34.26876],[-118.06334,34.26897],[-118.06263,34.26953],[-118.06167,34.26987],[-118.06126,34.2703],[-118.06111,34.27125],[-118.06093,34.27147],[-118.0606,34.27162],[-118.06006,34.27157],[-118.05918,34.27102],[-118.0586,34.2709],[-118.05818,34.27097],[-118.05645,34.27162],[-118.05587,34.27169],[-118.05487,34.27137],[-118.0537,34.27139],[-118.05267,34.27082],[-118.05233,34.27071],[-118.05088,34.27059],[-118.05028,34.27074],[-118.04575,34.27273],[-118.04518,34.27286],[-118.04339,34.27295]]]}},{"type":"Feature","properties":{"id":"angeles-forest","name":"Angeles Forest Highway \u00b7 N3","difficulty":2,"character":"Medium speed"},"geometry":{"type":"MultiLineString","coordinates":[[[-118.15346,34.27023],[-118.15374,34.2711],[-118.15402,34.2714],[-118.1544,34.2716],[-118.15478,34.27169],[-118.15525,34.27167],[-118.15637,34.27138],[-118.15689,34.27141],[-118.15735,34.27154],[-118.15786,34.27181],[-118.15975,34.27334],[-118.16214,34.27413],[-118.16344,34.2753],[-118.1641,34.27564],[-118.16491,34.27577],[-118.16562,34.27576],[-118.16609,34.27594],[-118.16659,34.27638],[-118.16687,34.27698],[-118.16693,34.27807],[-118.16719,34.27864],[-118.16784,34.27898],[-118.16878,34.27895],[-118.16938,34.27912],[-118.16961,34.27928],[-118.1702,34.28022],[-118.17048,34.28047],[-118.17113,34.28065],[-118.17199,34.28056],[-118.17448,34.28094],[-118.17631,34.28148],[-118.17668,34.28176],[-118.17707,34.28253],[-118.17742,34.28278],[-118.17789,34.28279],[-118.17891,34.2826],[-118.17946,34.28281],[-118.18006,34.28352],[-118.18053,34.28445],[-118.18009,34.28552],[-118.18018,34.28597],[-118.18075,34.28675],[-118.18076,34.28744],[-118.18066,34.2877],[-118.18029,34.28804],[-118.17949,34.28846],[-118.17838,34.28852],[-118.17732,34.28931],[-118.17614,34.28975],[-118.17587,34.28998],[-118.17541,34.29084],[-118.17505,34.29103],[-118.17405,34.29113],[-118.1728,34.29151],[-118.17074,34.29097],[-118.17001,34.291],[-118.1697,34.29124],[-118.16953,34.29175],[-118.17002,34.29279],[-118.17003,34.29322],[-118.16982,34.29377],[-118.16937,34.2942],[-118.1678,34.29516],[-118.16742,34.29522],[-118.16657,34.29519],[-118.16607,34.29535],[-118.16573,34.29576],[-118.16559,34.29649],[-118.16515,34.29689],[-118.16451,34.29696],[-118.16361,34.29657],[-118.1629,34.29647],[-118.16249,34.29651],[-118.16126,34.29691]]]}},{"type":"Feature","properties":{"id":"big-tujunga","name":"Big Tujunga Canyon Road","difficulty":2,"character":"Medium speed"},"geometry":{"type":"MultiLineString","coordinates":[[[-118.31575,34.27215],[-118.31558,34.27249],[-118.31359,34.27328],[-118.31016,34.27578],[-118.30895,34.27635],[-118.30809,34.27655],[-118.30495,34.27688],[-118.30423,34.27683],[-118.30222,34.27632],[-118.30121,34.27633],[-118.30014,34.27654],[-118.29828,34.27748],[-118.29726,34.27834],[-118.29616,34.28043],[-118.2958,34.28087],[-118.295,34.28144],[-118.29389,34.28198],[-118.29343,34.28247],[-118.29238,34.28329],[-118.29172,34.28469],[-118.29151,34.28602],[-118.29029,34.28901],[-118.28997,34.28948],[-118.28801,34.2911],[-118.28612,34.29218],[-118.28501,34.29303],[-118.28211,34.29621],[-118.27873,34.29822],[-118.27657,34.2994],[-118.276,34.29945],[-118.27566,34.29936],[-118.27473,34.29868],[-118.2742,34.29857],[-118.27382,34.29865],[-118.27136,34.29984],[-118.27091,34.29991],[-118.26999,34.29982],[-118.26948,34.29992],[-118.26779,34.30105],[-118.2645,34.30274],[-118.26418,34.30313],[-118.2638,34.30446],[-118.26341,34.30481],[-118.26296,34.30496],[-118.26144,34.30501],[-118.26014,34.30468],[-118.25927,34.30432],[-118.25785,34.30346],[-118.25634,34.30298],[-118.25489,34.30237],[-118.25268,34.30168],[-118.24753,34.29809],[-118.24687,34.29773],[-118.24641,34.29765],[-118.24515,34.29769],[-118.24248,34.2974],[-118.24197,34.29725],[-118.24044,34.29649],[-118.23886,34.29604],[-118.23593,34.29413],[-118.23389,34.29334],[-118.23357,34.29299],[-118.23328,34.2923],[-118.23296,34.29185],[-118.23134,34.291],[-118.2304,34.29014],[-118.22979,34.28994],[-118.22664,34.28948],[-118.22636,34.28931],[-118.22523,34.2879],[-118.22483,34.28758],[-118.22432,34.28735],[-118.22306,34.28719],[-118.22254,34.28699],[-118.22223,34.28667],[-118.22178,34.28573],[-118.22106,34.28515],[-118.22048,34.28493],[-118.21804,34.28466],[-118.21753,34.28448],[-118.21729,34.28427],[-118.2167,34.28315],[-118.21665,34.2828],[-118.21679,34.28226],[-118.21667,34.28183],[-118.21636,34.28154],[-118.2153,34.28102],[-118.21462,34.28006],[-118.21404,34.2798],[-118.21289,34.28006],[-118.21193,34.28058],[-118.21057,34.28174],[-118.20919,34.28364],[-118.20869,34.28394],[-118.20799,34.28394],[-118.20759,34.28366],[-118.20741,34.28335],[-118.20722,34.28239],[-118.20683,34.28183],[-118.2063,34.28155],[-118.20554,34.28143],[-118.20491,34.28156],[-118.20407,34.28203],[-118.20331,34.28312],[-118.20258,34.28349],[-118.20212,34.28353],[-118.20028,34.28317],[-118.19979,34.28327],[-118.19897,34.28376],[-118.19827,34.28387],[-118.19618,34.28306],[-118.19529,34.28292],[-118.19448,34.28312],[-118.19283,34.28408],[-118.19121,34.28454],[-118.19095,34.28478],[-118.19083,34.2852],[-118.19131,34.28602],[-118.19138,34.2866],[-118.19096,34.28763],[-118.19034,34.28852],[-118.19002,34.28874],[-118.18961,34.28886],[-118.18828,34.28879],[-118.18782,34.2889],[-118.18743,34.28928],[-118.18722,34.29025],[-118.18666,34.29069],[-118.18407,34.29143],[-118.18202,34.29167],[-118.18154,34.29184],[-118.18115,34.29219],[-118.17983,34.29492],[-118.17925,34.29576],[-118.1787,34.29624],[-118.17659,34.29765],[-118.17608,34.29788],[-118.17563,34.29795],[-118.17512,34.2979],[-118.17463,34.29769],[-118.17428,34.29737],[-118.17404,34.2968],[-118.17418,34.29541],[-118.17387,34.29496],[-118.17332,34.29473],[-118.17271,34.29484],[-118.17188,34.29551],[-118.171,34.29572],[-118.1707,34.2959],[-118.16989,34.29714],[-118.16943,34.29739],[-118.1687,34.29736],[-118.16786,34.29665],[-118.16744,34.29642],[-118.16704,34.29637],[-118.1666,34.29646],[-118.16613,34.29696],[-118.16597,34.29789],[-118.16578,34.29812],[-118.16523,34.29838],[-118.16474,34.29836],[-118.16442,34.29823],[-118.16372,34.29748],[-118.16331,34.29729],[-118.16126,34.29691]]]}},{"type":"Feature","properties":{"id":"upper-big-tujunga","name":"Upper Big Tujunga Canyon Road","difficulty":2,"character":"Medium speed"},"geometry":{"type":"MultiLineString","coordinates":[[[-118.1198,34.32929],[-118.11981,34.32891],[-118.11997,34.32847],[-118.12092,34.32767],[-118.12116,34.3273],[-118.12144,34.32586],[-118.1217,34.32529],[-118.12223,34.32474],[-118.12331,34.32391],[-118.12442,34.32253],[-118.12469,34.32186],[-118.12465,34.32126],[-118.12436,34.32068],[-118.12353,34.31955],[-118.12292,34.31783],[-118.12253,34.31733],[-118.12201,34.31707],[-118.11897,34.31629],[-118.11832,34.31577],[-118.11735,34.31437],[-118.11689,34.314],[-118.11634,34.31375],[-118.11345,34.31297],[-118.1123,34.3127],[-118.11172,34.31271],[-118.11112,34.31291],[-118.11027,34.31366],[-118.10981,34.31392],[-118.10911,34.31404],[-118.10723,34.31386],[-118.10643,34.31389],[-118.10564,34.31424],[-118.10441,34.31515],[-118.10395,34.31534],[-118.10331,34.3154],[-118.10102,34.31485],[-118.0995,34.31495],[-118.0988,34.31486],[-118.0964,34.31402],[-118.09586,34.31366],[-118.09552,34.31318],[-118.09531,34.31187],[-118.09494,34.31119],[-118.09429,34.31081],[-118.09312,34.3106],[-118.08962,34.31002],[-118.08898,34.30998],[-118.08458,34.31068],[-118.08323,34.31067],[-118.08173,34.31029],[-118.07918,34.30899],[-118.07525,34.30818],[-118.07427,34.30836],[-118.07202,34.30966],[-118.07147,34.30989],[-118.07066,34.30996],[-118.07007,34.30979],[-118.06964,34.30954],[-118.06929,34.30915],[-118.06914,34.30881],[-118.06898,34.30774],[-118.06885,34.30752],[-118.06855,34.30717],[-118.0676,34.30645],[-118.06649,34.305],[-118.06589,34.30468],[-118.06324,34.30394],[-118.06262,34.30341],[-118.06219,34.30248],[-118.06161,34.30183],[-118.05996,34.30045],[-118.05843,34.29963],[-118.05814,34.29917],[-118.05785,34.29785],[-118.05798,34.29633],[-118.05778,34.29586],[-118.05736,34.29548],[-118.05532,34.29478],[-118.05335,34.29451],[-118.05271,34.29422],[-118.05091,34.2926],[-118.05034,34.29151],[-118.04999,34.29105],[-118.04971,34.29086],[-118.04809,34.29035],[-118.04769,34.28997],[-118.0472,34.28894],[-118.04685,34.28859],[-118.04495,34.28783],[-118.04396,34.28683],[-118.04202,34.28555],[-118.04171,34.28492],[-118.04173,34.28445],[-118.04228,34.28348],[-118.04245,34.28292],[-118.04224,34.28209],[-118.04186,34.28173],[-118.04107,34.2814],[-118.03702,34.28035],[-118.03617,34.28036],[-118.03391,34.28076],[-118.03297,34.28069],[-118.02876,34.27947],[-118.02807,34.27915],[-118.0277,34.27876],[-118.02753,34.27825],[-118.02759,34.27775],[-118.02789,34.2773],[-118.02833,34.27697],[-118.03043,34.27622],[-118.03164,34.2756],[-118.03237,34.27541],[-118.03451,34.27529],[-118.03732,34.27443],[-118.03984,34.27432],[-118.04313,34.27334],[-118.04332,34.27321],[-118.04339,34.27295]]]}},{"type":"Feature","properties":{"id":"glendora-mountain","name":"Glendora Mountain Road \u00b7 GMR","difficulty":3,"character":"Technical"},"geometry":{"type":"MultiLineString","coordinates":[[[-117.84333,34.15918],[-117.84331,34.15937],[-117.84282,34.15983],[-117.84269,34.1601],[-117.84292,34.16113],[-117.84325,34.16169],[-117.84318,34.16249],[-117.84341,34.16259],[-117.84358,34.16244],[-117.8436,34.16167],[-117.84342,34.1607],[-117.84372,34.16023],[-117.844,34.16017],[-117.84407,34.16042],[-117.84371,34.16082],[-117.8439,34.16133],[-117.84429,34.16163],[-117.84417,34.16223],[-117.84487,34.1627],[-117.84522,34.16313],[-117.84568,34.16336],[-117.84589,34.16386],[-117.84585,34.16434],[-117.84546,34.16504],[-117.84494,34.16534],[-117.84388,34.16561],[-117.84372,34.16579],[-117.84385,34.16613],[-117.84438,34.16662],[-117.84571,34.16724],[-117.84639,34.16779],[-117.84633,34.168],[-117.84586,34.16833],[-117.84476,34.16877],[-117.84466,34.1689],[-117.84466,34.1692],[-117.84491,34.16964],[-117.84522,34.16976],[-117.84539,34.1696],[-117.8452,34.16914],[-117.84531,34.16891],[-117.84672,34.16859],[-117.84734,34.16862],[-117.84763,34.1685],[-117.84768,34.16755],[-117.84729,34.16696],[-117.84748,34.16677],[-117.84781,34.16684],[-117.84817,34.16787],[-117.84864,34.16839],[-117.8487,34.16863],[-117.84779,34.16935],[-117.84752,34.16938],[-117.84688,34.16926],[-117.84662,34.16937],[-117.8466,34.16953],[-117.84791,34.17047],[-117.84805,34.17079],[-117.84788,34.17114],[-117.84792,34.17124],[-117.84829,34.17148],[-117.84851,34.17193],[-117.84968,34.17315],[-117.84977,34.17345],[-117.8496,34.17373],[-117.84914,34.17395],[-117.84855,34.17446],[-117.84861,34.17465],[-117.84913,34.17495],[-117.84919,34.17511],[-117.84835,34.17672],[-117.84824,34.17717],[-117.84721,34.17775],[-117.84638,34.17809],[-117.84592,34.17843],[-117.84492,34.17949],[-117.84394,34.18034],[-117.84325,34.18131],[-117.84236,34.18231],[-117.84238,34.18263],[-117.84272,34.18316],[-117.84268,34.18364],[-117.84286,34.18434],[-117.84311,34.18464],[-117.84353,34.18491],[-117.84339,34.18548],[-117.84354,34.18563],[-117.84402,34.18578],[-117.84412,34.18594],[-117.84376,34.18625],[-117.84346,34.18675],[-117.84185,34.18741],[-117.84168,34.18803],[-117.84124,34.18893],[-117.8412,34.18934],[-117.84133,34.19031],[-117.84147,34.19042],[-117.84189,34.1905],[-117.84221,34.19071],[-117.84206,34.19198],[-117.84261,34.19252],[-117.84293,34.19311],[-117.84281,34.19325],[-117.84231,34.19327],[-117.84163,34.19348],[-117.84143,34.19367],[-117.84129,34.19416],[-117.84102,34.19424],[-117.84038,34.19422],[-117.83974,34.19454],[-117.83963,34.19472],[-117.84015,34.19558],[-117.84003,34.19649],[-117.84027,34.19672],[-117.84077,34.19696],[-117.84108,34.19742],[-117.84221,34.19843],[-117.84225,34.19898],[-117.84218,34.19914],[-117.84194,34.19922],[-117.8417,34.19914],[-117.84119,34.19829],[-117.84054,34.19805],[-117.84014,34.19766],[-117.8399,34.19769],[-117.83946,34.19798],[-117.8392,34.19793],[-117.83865,34.19735],[-117.83849,34.19685],[-117.83797,34.19646],[-117.8376,34.19646],[-117.83733,34.19665],[-117.83705,34.19722],[-117.83655,34.19786],[-117.83525,34.19831],[-117.83519,34.19865],[-117.83555,34.19913],[-117.83545,34.19935],[-117.83514,34.19942],[-117.83444,34.19926],[-117.83409,34.19932],[-117.83386,34.1995],[-117.83363,34.19997],[-117.83284,34.20016],[-117.83253,34.20055],[-117.83199,34.20084],[-117.83176,34.2008],[-117.83143,34.20036],[-117.83088,34.20014],[-117.83059,34.1999],[-117.82993,34.19979],[-117.82928,34.19948],[-117.82815,34.19951],[-117.82735,34.19973],[-117.8267,34.20011],[-117.82594,34.20086],[-117.82513,34.20123],[-117.82461,34.20179],[-117.82427,34.20191],[-117.82375,34.20191],[-117.82346,34.20201],[-117.82268,34.20247],[-117.82179,34.20285],[-117.82003,34.20405],[-117.81957,34.20448],[-117.81954,34.20504],[-117.81895,34.20538],[-117.81884,34.20582],[-117.81817,34.20597],[-117.81785,34.20614],[-117.81757,34.20654],[-117.81739,34.20663],[-117.81716,34.20659],[-117.81686,34.20637],[-117.81675,34.20568],[-117.81657,34.20551],[-117.816,34.20574],[-117.81546,34.20677],[-117.8151,34.20694],[-117.81453,34.20678],[-117.81286,34.20601],[-117.81187,34.20586],[-117.8114,34.20544],[-117.81105,34.20543],[-117.81053,34.20561],[-117.81024,34.20562],[-117.80996,34.20519],[-117.80925,34.2046],[-117.809,34.20417],[-117.80876,34.20404]]]}},{"type":"Feature","properties":{"id":"glendora-ridge","name":"Glendora Ridge Road \u00b7 GRR","difficulty":3,"character":"Technical"},"geometry":{"type":"MultiLineString","coordinates":[[[-117.80876,34.20404],[-117.80861,34.20381],[-117.8084,34.20373],[-117.8067,34.2036],[-117.80542,34.20376],[-117.80477,34.20344],[-117.80449,34.20343],[-117.80327,34.20426],[-117.80273,34.20428],[-117.80226,34.20448],[-117.80092,34.20535],[-117.80005,34.20569],[-117.79904,34.20634],[-117.79802,34.20769],[-117.79781,34.20784],[-117.79697,34.20825],[-117.79611,34.20831],[-117.79544,34.2088],[-117.79483,34.20886],[-117.79426,34.20942],[-117.79391,34.20958],[-117.7932,34.20945],[-117.79268,34.20913],[-117.79179,34.2089],[-117.79102,34.20843],[-117.79073,34.20781],[-117.78948,34.20749],[-117.78894,34.20703],[-117.78882,34.20662],[-117.78852,34.20647],[-117.78787,34.20639],[-117.78698,34.20642],[-117.78653,34.2067],[-117.78581,34.20672],[-117.7853,34.20708],[-117.78472,34.20719],[-117.78422,34.20756],[-117.78345,34.20779],[-117.78294,34.20806],[-117.78234,34.208],[-117.78147,34.20814],[-117.78042,34.20809],[-117.77933,34.20853],[-117.77896,34.20859],[-117.77831,34.20859],[-117.77748,34.20835],[-117.77707,34.20837],[-117.7767,34.2087],[-117.77681,34.20944],[-117.77658,34.20963],[-117.7763,34.20957],[-117.77589,34.20913],[-117.77544,34.20891],[-117.77521,34.20835],[-117.77401,34.20804],[-117.77381,34.20812],[-117.77184,34.20997],[-117.7715,34.21049],[-117.77076,34.21107],[-117.77044,34.21145],[-117.76987,34.2117],[-117.76863,34.21302],[-117.76796,34.21338],[-117.76755,34.21401],[-117.76649,34.21469],[-117.76507,34.2154],[-117.76454,34.21592],[-117.76393,34.21625],[-117.76349,34.21732],[-117.76258,34.21759],[-117.76211,34.21753],[-117.76142,34.21729],[-117.76111,34.2173],[-117.76071,34.2175],[-117.76035,34.2179],[-117.7598,34.21802],[-117.75874,34.21849],[-117.75774,34.21866],[-117.75735,34.21891],[-117.7562,34.21926],[-117.75605,34.21947],[-117.75599,34.21999],[-117.75515,34.22088],[-117.75494,34.22221],[-117.75481,34.22236],[-117.75452,34.22232],[-117.75393,34.22167],[-117.75408,34.22109],[-117.75389,34.22072],[-117.75424,34.22024],[-117.75432,34.21999],[-117.75421,34.21974],[-117.75385,34.2194],[-117.75376,34.21864],[-117.75159,34.21758],[-117.75105,34.21746],[-117.75067,34.21748],[-117.75032,34.21755],[-117.7497,34.21786],[-117.74855,34.218],[-117.74791,34.21794],[-117.74676,34.21803],[-117.74449,34.21772],[-117.74418,34.21783],[-117.74325,34.21856],[-117.74324,34.21879],[-117.74354,34.21917],[-117.74369,34.21959],[-117.74367,34.21982],[-117.74352,34.21997],[-117.74334,34.21999],[-117.7421,34.21956],[-117.74179,34.21956],[-117.74112,34.22003],[-117.74107,34.22069],[-117.74065,34.22106],[-117.74031,34.22113],[-117.73961,34.22098],[-117.73934,34.22111],[-117.73906,34.22169],[-117.73921,34.22206],[-117.73919,34.22226],[-117.73876,34.2225],[-117.73843,34.22294],[-117.73848,34.22316],[-117.73882,34.22347],[-117.73862,34.22445],[-117.73842,34.22454],[-117.73746,34.22442],[-117.73649,34.2244],[-117.73623,34.22449],[-117.73576,34.22503],[-117.73572,34.22534],[-117.73529,34.22572],[-117.73513,34.2261],[-117.7346,34.22652],[-117.73431,34.22646],[-117.73405,34.22614],[-117.73383,34.22537],[-117.73351,34.22486],[-117.73342,34.22416],[-117.73322,34.22397],[-117.73209,34.22383],[-117.73162,34.22404],[-117.73068,34.22421],[-117.73013,34.22372],[-117.7296,34.22357],[-117.7292,34.22313],[-117.72886,34.22296],[-117.72823,34.22304],[-117.72736,34.22367],[-117.72705,34.22378],[-117.72678,34.22371],[-117.72653,34.22342],[-117.72579,34.22297],[-117.72546,34.22291],[-117.72506,34.22302],[-117.72462,34.22341],[-117.72383,34.22356],[-117.72365,34.22342],[-117.72338,34.22266],[-117.72285,34.22243],[-117.72238,34.22186],[-117.72171,34.22166],[-117.72117,34.22192],[-117.72073,34.22162],[-117.72013,34.22158],[-117.71981,34.22129],[-117.71934,34.22114],[-117.71904,34.22056],[-117.71802,34.22012],[-117.71706,34.22006],[-117.71651,34.22018],[-117.71566,34.22053],[-117.71523,34.22029],[-117.71453,34.22008],[-117.713,34.22015],[-117.71279,34.21997],[-117.71272,34.21926],[-117.71239,34.21909],[-117.71216,34.21909],[-117.71073,34.21956],[-117.70996,34.21953],[-117.70934,34.21987],[-117.70864,34.21994],[-117.70738,34.22036],[-117.70624,34.22033],[-117.70586,34.2204],[-117.70495,34.22081],[-117.70461,34.22154],[-117.7034,34.22168],[-117.70292,34.22219],[-117.70268,34.22226],[-117.70252,34.22218],[-117.70239,34.22153],[-117.7019,34.22076],[-117.70184,34.2202],[-117.70163,34.22],[-117.701,34.21969],[-117.70085,34.21912],[-117.70038,34.21858],[-117.69967,34.21835],[-117.69846,34.21772],[-117.69808,34.21763],[-117.69787,34.21774],[-117.69781,34.21787],[-117.69798,34.2185],[-117.69791,34.2187],[-117.69708,34.21879],[-117.69631,34.21993],[-117.69515,34.22061],[-117.69448,34.22079],[-117.69417,34.22111],[-117.69417,34.22138],[-117.69451,34.22192],[-117.69442,34.22232],[-117.69423,34.22242],[-117.69394,34.22243],[-117.69303,34.22196],[-117.6923,34.22184],[-117.69192,34.22188],[-117.69152,34.22214],[-117.69128,34.22247],[-117.69097,34.22314],[-117.69092,34.22366],[-117.6907,34.22385],[-117.69038,34.22386],[-117.68992,34.22352],[-117.68878,34.22327],[-117.68754,34.2235],[-117.68675,34.22419],[-117.68639,34.22437],[-117.68604,34.22439],[-117.68543,34.22418],[-117.68492,34.22416],[-117.6846,34.22419],[-117.684,34.22444],[-117.68333,34.22423],[-117.68289,34.22356],[-117.68243,34.22352],[-117.68208,34.22368],[-117.68178,34.224],[-117.68137,34.22515],[-117.68122,34.22526],[-117.681,34.22526],[-117.6797,34.22464],[-117.67935,34.22471],[-117.67844,34.22527],[-117.67804,34.22566],[-117.67772,34.22578],[-117.6773,34.22569],[-117.67662,34.22526],[-117.67614,34.22523],[-117.67554,34.22606],[-117.67471,34.22646],[-117.67394,34.22641],[-117.67359,34.2265],[-117.67331,34.22674],[-117.67297,34.22732],[-117.67168,34.22767],[-117.67106,34.22804],[-117.66996,34.22819],[-117.66804,34.22887],[-117.66658,34.23014],[-117.66609,34.23115],[-117.66504,34.23164],[-117.66475,34.23187],[-117.66397,34.23298],[-117.66378,34.23383],[-117.66353,34.23423],[-117.66196,34.23555],[-117.66025,34.23627],[-117.66006,34.23623],[-117.65996,34.23607]]]}},{"type":"Feature","properties":{"id":"mount-baldy-road","name":"Mount Baldy Road","difficulty":2,"character":"Medium speed"},"geometry":{"type":"MultiLineString","coordinates":[[[-117.70732,34.13838],[-117.70373,34.14064],[-117.70312,34.14121],[-117.70268,34.14205],[-117.70241,34.14375],[-117.70213,34.14456],[-117.70143,34.14569],[-117.7005,34.14663],[-117.69936,34.14737],[-117.69235,34.15055],[-117.68909,34.15174],[-117.68666,34.15347],[-117.68581,34.15441],[-117.68487,34.15516],[-117.6843,34.1559],[-117.68405,34.15661],[-117.6839,34.15792],[-117.68367,34.15832],[-117.68294,34.1591],[-117.68262,34.15977],[-117.6824,34.16268],[-117.68192,34.16324],[-117.68082,34.16381],[-117.68056,34.16404],[-117.67974,34.16547],[-117.67856,34.17025],[-117.67791,34.17186],[-117.67724,34.1739],[-117.67658,34.17512],[-117.67644,34.17562],[-117.67682,34.17823],[-117.67743,34.17916],[-117.67761,34.17963],[-117.67755,34.18094],[-117.67791,34.18216],[-117.67782,34.18278],[-117.67661,34.18524],[-117.6769,34.1886],[-117.67706,34.18907],[-117.67781,34.19026],[-117.67818,34.19105],[-117.67844,34.19359],[-117.67824,34.19447],[-117.67698,34.19696],[-117.67713,34.19805],[-117.67703,34.19853],[-117.67673,34.19903],[-117.6759,34.19982],[-117.67575,34.20032],[-117.67682,34.20328],[-117.67664,34.20514],[-117.67583,34.20656],[-117.67576,34.20703],[-117.6759,34.20792],[-117.67679,34.20919],[-117.67686,34.20945],[-117.67664,34.21095],[-117.67604,34.21265],[-117.67481,34.21392],[-117.6733,34.21612],[-117.67191,34.21674],[-117.67158,34.21696],[-117.67072,34.21845],[-117.66997,34.21918],[-117.66819,34.22126],[-117.66791,34.22176],[-117.66786,34.22218],[-117.66799,34.22399],[-117.66745,34.2259],[-117.66682,34.22662],[-117.66563,34.22727],[-117.66511,34.2278],[-117.66449,34.22914],[-117.66315,34.23094],[-117.66294,34.23135],[-117.66254,34.23253],[-117.6618,34.23376],[-117.66137,34.23542],[-117.66122,34.2356],[-117.66054,34.23596],[-117.65996,34.23607]]]}},{"type":"Feature","properties":{"id":"santiago-canyon","name":"Santiago Canyon Road","difficulty":2,"character":"High speed"},"geometry":{"type":"MultiLineString","coordinates":[[[-117.76122,33.79236],[-117.75742,33.79101],[-117.75403,33.78848],[-117.75228,33.78677],[-117.75136,33.78562],[-117.74889,33.78145],[-117.74724,33.77949],[-117.74647,33.77747],[-117.74578,33.77648],[-117.74296,33.77395],[-117.74097,33.77236],[-117.7393,33.77124],[-117.7363,33.76944],[-117.73509,33.76904],[-117.73091,33.76797],[-117.72618,33.7675],[-117.72478,33.76761],[-117.72087,33.76863],[-117.71961,33.76867],[-117.71864,33.76845],[-117.71719,33.76774],[-117.7159,33.76696],[-117.7154,33.76645],[-117.71375,33.76428],[-117.71252,33.76335],[-117.71142,33.76285],[-117.70932,33.7621],[-117.7074,33.76157],[-117.70456,33.76044],[-117.70233,33.75971],[-117.70173,33.75941],[-117.69963,33.75782],[-117.69621,33.75604],[-117.69386,33.75348],[-117.6934,33.75309],[-117.69263,33.75267],[-117.69166,33.75239],[-117.69074,33.75232],[-117.68479,33.75291],[-117.68354,33.75278],[-117.68264,33.75247],[-117.68178,33.7519],[-117.68126,33.75133],[-117.67987,33.74935],[-117.67847,33.74831],[-117.67776,33.74797],[-117.67677,33.74774],[-117.6761,33.7477],[-117.67536,33.74777],[-117.67308,33.74824],[-117.67195,33.74824],[-117.67086,33.74795],[-117.66983,33.7474],[-117.66894,33.74639],[-117.668,33.74272],[-117.66783,33.74231],[-117.66726,33.7416],[-117.66608,33.74082],[-117.66383,33.74026],[-117.66283,33.73983],[-117.66195,33.73916],[-117.66095,33.73807],[-117.66058,33.73779],[-117.65765,33.73631],[-117.65568,33.73568],[-117.65495,33.73532],[-117.65217,33.73284],[-117.65172,33.73229],[-117.65073,33.7301],[-117.65019,33.72822],[-117.64853,33.72399],[-117.64822,33.72148],[-117.64642,33.71809],[-117.64624,33.71729],[-117.64626,33.71553],[-117.64534,33.71318],[-117.64484,33.71058],[-117.64236,33.70672],[-117.64213,33.70617],[-117.64201,33.70557],[-117.64204,33.7031],[-117.64188,33.70253],[-117.6416,33.70205],[-117.63972,33.69985],[-117.63934,33.69952],[-117.63809,33.69884],[-117.63533,33.69824],[-117.63416,33.69771],[-117.63332,33.69699],[-117.63234,33.69565],[-117.63191,33.69524],[-117.62973,33.69404],[-117.62809,33.69268],[-117.62682,33.69107],[-117.62634,33.69061],[-117.62564,33.6902],[-117.62287,33.68904],[-117.62218,33.68856],[-117.62157,33.68786],[-117.62113,33.68684],[-117.62077,33.6855],[-117.62063,33.68334]]]}},{"type":"Feature","properties":{"id":"live-oak-trabuco","name":"Live Oak / Trabuco Canyon","difficulty":2,"character":"Low speed"},"geometry":{"type":"MultiLineString","coordinates":[[[-117.62063,33.68334],[-117.61878,33.6843],[-117.61556,33.68641],[-117.61448,33.6868],[-117.61375,33.68687],[-117.61308,33.6868],[-117.61169,33.68648],[-117.60716,33.68598],[-117.60512,33.6849],[-117.60456,33.68445],[-117.60363,33.68324],[-117.60318,33.68195],[-117.6032,33.68125],[-117.60305,33.68052],[-117.60316,33.67983],[-117.60319,33.67857],[-117.60258,33.67644],[-117.60202,33.67554],[-117.60166,33.67417],[-117.60164,33.67272],[-117.60196,33.67147],[-117.60241,33.67063],[-117.60246,33.67022],[-117.60239,33.66989],[-117.60188,33.66917],[-117.60162,33.66732],[-117.60073,33.66478],[-117.60083,33.663],[-117.60069,33.66226],[-117.60098,33.66153],[-117.60103,33.66087],[-117.60084,33.65987],[-117.60088,33.65899],[-117.60048,33.65808],[-117.60044,33.65662],[-117.60061,33.6559],[-117.6004,33.65515],[-117.60039,33.65469],[-117.60053,33.65397],[-117.60044,33.65359],[-117.6002,33.65326],[-117.59978,33.65304],[-117.5993,33.65299],[-117.59832,33.65334],[-117.59775,33.65386],[-117.59584,33.65521],[-117.5951,33.65618],[-117.59364,33.65748],[-117.59071,33.65955],[-117.5901,33.65965]]]}},{"type":"Feature","properties":{"id":"ortega-highway","name":"Ortega Highway \u00b7 SR 74","difficulty":3,"character":"Technical"},"geometry":{"type":"MultiLineString","coordinates":[[[-117.65997,33.50167],[-117.65963,33.50206],[-117.65922,33.5023],[-117.65902,33.50229],[-117.65481,33.5036],[-117.65392,33.5039],[-117.65328,33.50423],[-117.65223,33.50509],[-117.65132,33.50638],[-117.65047,33.50716],[-117.64662,33.50954],[-117.64294,33.5115],[-117.64076,33.5124],[-117.63791,33.51313],[-117.63553,33.51417],[-117.63296,33.51499],[-117.63146,33.51582],[-117.62758,33.51837],[-117.62686,33.51871],[-117.62556,33.51902],[-117.62138,33.51938],[-117.61948,33.51966],[-117.61576,33.52074],[-117.61402,33.52169],[-117.61312,33.52198],[-117.61228,33.522],[-117.60987,33.52182],[-117.60917,33.52194],[-117.60818,33.52235],[-117.6074,33.52254],[-117.60653,33.52252],[-117.60558,33.52237],[-117.605,33.52218],[-117.6044,33.52186],[-117.60201,33.51974],[-117.60132,33.51933],[-117.59329,33.51682],[-117.59252,33.51647],[-117.5915,33.5158],[-117.59101,33.51558],[-117.58767,33.51467],[-117.5858,33.51468],[-117.58495,33.51457],[-117.58337,33.51386],[-117.58256,33.51367],[-117.58187,33.51365],[-117.57644,33.51422],[-117.57362,33.51473],[-117.57294,33.5147],[-117.57105,33.5144],[-117.56777,33.51443],[-117.56671,33.5146],[-117.56548,33.51507],[-117.56467,33.51562],[-117.56313,33.51739],[-117.56151,33.51863],[-117.56068,33.51945],[-117.56014,33.52036],[-117.55979,33.52143],[-117.55926,33.52219],[-117.55831,33.52284],[-117.55493,33.52448],[-117.55414,33.52521],[-117.55377,33.52574],[-117.55323,33.52686],[-117.55275,33.52901],[-117.55072,33.532],[-117.55003,33.53324],[-117.54954,33.53469],[-117.54922,33.53809],[-117.54856,33.54065],[-117.54871,33.54177],[-117.54929,33.54336],[-117.54948,33.5442],[-117.54872,33.54751],[-117.54916,33.55558],[-117.54893,33.55686],[-117.54494,33.56656],[-117.54112,33.5739],[-117.54073,33.57445],[-117.53817,33.57643],[-117.53728,33.57729],[-117.53682,33.57761],[-117.53581,33.57812],[-117.52417,33.58309],[-117.5227,33.58406],[-117.52234,33.58439],[-117.52214,33.58478],[-117.52196,33.58588],[-117.52146,33.58654],[-117.52084,33.58686],[-117.51841,33.58752],[-117.5173,33.58801],[-117.51651,33.58868],[-117.51516,33.58931],[-117.51461,33.58972],[-117.51428,33.59016],[-117.51393,33.59106],[-117.51368,33.59146],[-117.5129,33.59193],[-117.51174,33.59236],[-117.5113,33.59241],[-117.51075,33.59234],[-117.50858,33.59155],[-117.50804,33.5915],[-117.50706,33.59163],[-117.50647,33.59157],[-117.5041,33.5904],[-117.50348,33.59022],[-117.50267,33.59022],[-117.50089,33.5907],[-117.49983,33.5904],[-117.49939,33.59038],[-117.49812,33.59077],[-117.49771,33.59099],[-117.49745,33.59133],[-117.49718,33.592],[-117.49688,33.59224],[-117.49487,33.59278],[-117.49395,33.59262],[-117.49282,33.59225],[-117.49232,33.59233],[-117.49183,33.59257],[-117.49127,33.59321],[-117.49078,33.59344],[-117.48978,33.59338],[-117.48918,33.59343],[-117.48744,33.59414],[-117.4869,33.59411],[-117.48601,33.59386],[-117.48545,33.59395],[-117.48519,33.59412],[-117.48446,33.59488],[-117.48381,33.59524],[-117.48351,33.59529],[-117.48323,33.59527],[-117.48246,33.59498],[-117.48027,33.59445],[-117.47958,33.59407],[-117.47835,33.59308],[-117.47437,33.5919],[-117.47358,33.59188],[-117.47267,33.59221],[-117.47222,33.59223],[-117.47189,33.59217],[-117.47057,33.59156],[-117.46988,33.59157],[-117.46932,33.59187],[-117.46908,33.59219],[-117.46873,33.59304],[-117.4682,33.5934],[-117.46744,33.59349],[-117.46615,33.59331],[-117.46539,33.59363],[-117.46464,33.59452],[-117.46451,33.59479],[-117.46435,33.59543],[-117.46436,33.59652],[-117.46403,33.59696],[-117.46338,33.59712],[-117.46258,33.59685],[-117.46218,33.59682],[-117.46155,33.59707],[-117.46136,33.59732],[-117.46102,33.59835],[-117.46011,33.59975],[-117.45972,33.60108],[-117.45936,33.60148],[-117.45807,33.6021],[-117.45646,33.60245],[-117.45546,33.60297],[-117.45502,33.60309],[-117.45458,33.60311],[-117.45294,33.60288],[-117.45198,33.60326],[-117.45151,33.60333],[-117.45109,33.60322],[-117.4502,33.60278],[-117.44955,33.60284],[-117.44826,33.60404],[-117.44752,33.60521],[-117.44723,33.60543],[-117.44621,33.60583],[-117.44539,33.60658],[-117.44204,33.60745],[-117.4412,33.60785],[-117.44001,33.60869],[-117.43891,33.60898],[-117.43856,33.60916],[-117.4368,33.61135],[-117.43628,33.61258],[-117.43581,33.61292],[-117.43523,33.61299],[-117.43469,33.61284],[-117.4342,33.61221],[-117.4342,33.61131],[-117.43356,33.61016],[-117.43332,33.60846],[-117.43348,33.60738],[-117.43316,33.60612],[-117.43284,33.60581],[-117.43235,33.60561],[-117.43195,33.60558],[-117.43159,33.60569],[-117.43133,33.60606],[-117.43092,33.60775],[-117.43055,33.60839],[-117.42721,33.6114],[-117.42684,33.61193],[-117.42652,33.61292],[-117.42654,33.6152],[-117.42642,33.61562],[-117.42606,33.616],[-117.42493,33.6167],[-117.42441,33.61726],[-117.42376,33.61885],[-117.42307,33.61987],[-117.42311,33.62031],[-117.42327,33.62056],[-117.42367,33.6208],[-117.42426,33.62085],[-117.42462,33.62071],[-117.42494,33.62036],[-117.42512,33.61891],[-117.42548,33.6184],[-117.42608,33.61823],[-117.42659,33.61834],[-117.42691,33.61861],[-117.42705,33.61907],[-117.42687,33.6195],[-117.4262,33.62008],[-117.42579,33.6208],[-117.42502,33.62145],[-117.42484,33.62192],[-117.42487,33.62354],[-117.42592,33.62479],[-117.42616,33.62538],[-117.42587,33.62757],[-117.42524,33.62895],[-117.42506,33.63124],[-117.42506,33.63282],[-117.4244,33.63396],[-117.42416,33.63554],[-117.42395,33.63596],[-117.42362,33.63631],[-117.42245,33.63704],[-117.42203,33.6376],[-117.42171,33.64044],[-117.42047,33.64391],[-117.42014,33.64435],[-117.41702,33.64712],[-117.41668,33.64777],[-117.41655,33.64859],[-117.41634,33.64921],[-117.41592,33.64976],[-117.41496,33.65046],[-117.41429,33.65084],[-117.41382,33.65101],[-117.41217,33.65129],[-117.40888,33.65215],[-117.40362,33.65311],[-117.403,33.65355],[-117.40232,33.65504],[-117.40127,33.65595],[-117.40083,33.6571],[-117.40046,33.65749],[-117.40005,33.65773],[-117.3995,33.65784],[-117.39883,33.65777],[-117.39785,33.65743],[-117.39736,33.65698],[-117.39584,33.65447],[-117.39572,33.65396],[-117.39557,33.65169],[-117.39537,33.65137],[-117.39508,33.65117],[-117.39453,33.65102],[-117.39335,33.65122],[-117.39287,33.65116],[-117.39193,33.65066],[-117.39075,33.65046],[-117.39009,33.64995],[-117.38974,33.64981],[-117.38877,33.6498],[-117.38792,33.64951],[-117.38693,33.64975],[-117.3864,33.64969],[-117.38558,33.64934],[-117.38473,33.64854],[-117.38459,33.64829],[-117.38458,33.64789],[-117.38537,33.64629],[-117.38524,33.64525],[-117.38575,33.64424],[-117.38579,33.64391],[-117.38562,33.64346],[-117.38469,33.6428],[-117.38452,33.64243],[-117.38447,33.64178],[-117.3843,33.64152],[-117.38391,33.64127],[-117.38346,33.64122],[-117.38254,33.64154],[-117.38215,33.64154],[-117.38177,33.64136],[-117.381,33.64047],[-117.38054,33.64034],[-117.38014,33.6404],[-117.37906,33.64101],[-117.37838,33.64166],[-117.3774,33.64198],[-117.37717,33.64213],[-117.37619,33.64403],[-117.37367,33.64658],[-117.37305,33.6467],[-117.37168,33.64644],[-117.37125,33.64621],[-117.37063,33.64566],[-117.37006,33.64549],[-117.36966,33.64553],[-117.36937,33.64565],[-117.36916,33.64587],[-117.36906,33.64618]]]}},{"type":"Feature","properties":{"id":"carbon-canyon","name":"Carbon Canyon Road \u00b7 SR 142","difficulty":2,"character":"Medium speed"},"geometry":{"type":"MultiLineString","coordinates":[[[-117.84766,33.92414],[-117.84542,33.92408],[-117.84261,33.92377],[-117.84167,33.92358],[-117.83859,33.92268],[-117.83739,33.92245],[-117.83569,33.92239],[-117.83359,33.92247],[-117.83265,33.92239],[-117.82464,33.91994],[-117.82404,33.91982],[-117.82341,33.91983],[-117.8201,33.92047],[-117.8191,33.9208],[-117.81694,33.92184],[-117.81431,33.92241],[-117.81289,33.92311],[-117.81146,33.92345],[-117.80935,33.92417],[-117.80804,33.92446],[-117.80599,33.92539],[-117.80358,33.92688],[-117.79846,33.92859],[-117.79784,33.92903],[-117.79684,33.93018],[-117.7964,33.9311],[-117.79611,33.93203],[-117.7957,33.93255],[-117.79439,33.93325],[-117.79371,33.93392],[-117.79273,33.93435],[-117.79236,33.93474],[-117.79215,33.93529],[-117.79222,33.93624],[-117.79212,33.93663],[-117.79162,33.93786],[-117.79123,33.93839],[-117.79003,33.93932],[-117.78949,33.93953],[-117.7885,33.93972],[-117.78788,33.94004],[-117.78759,33.94038],[-117.78711,33.94131],[-117.78606,33.94263],[-117.78531,33.94305],[-117.78306,33.94396],[-117.78262,33.94443],[-117.78228,33.94505],[-117.78083,33.94611],[-117.78037,33.94682],[-117.77927,33.94722],[-117.77844,33.94799],[-117.77791,33.94824],[-117.77729,33.94923],[-117.77657,33.94973],[-117.77606,33.95066],[-117.7744,33.95276],[-117.77277,33.95556],[-117.77192,33.95623],[-117.76918,33.95765],[-117.76789,33.95873],[-117.76567,33.96032],[-117.76385,33.96138],[-117.76219,33.96317],[-117.7605,33.96417],[-117.76023,33.96457],[-117.75982,33.96563],[-117.75974,33.96662],[-117.75959,33.96688],[-117.75927,33.96702],[-117.75817,33.96709],[-117.75639,33.96658],[-117.75627,33.96671],[-117.75633,33.96683],[-117.75718,33.96725],[-117.75719,33.9674],[-117.75703,33.96746],[-117.7552,33.9669],[-117.75433,33.967],[-117.75391,33.96733],[-117.75369,33.96738],[-117.75303,33.96699],[-117.75251,33.96692],[-117.75221,33.96704],[-117.75162,33.96776],[-117.74994,33.96903],[-117.74943,33.96969],[-117.74874,33.97111],[-117.74816,33.97188],[-117.74675,33.97319],[-117.7464,33.97367],[-117.74583,33.9754],[-117.74488,33.97696],[-117.74203,33.97967],[-117.74107,33.98112]]]}},{"type":"Feature","properties":{"id":"pch-orange-county","name":"Pacific Coast Highway \u00b7 Orange County","difficulty":1,"character":"Low speed"},"geometry":{"type":"MultiLineString","coordinates":[[[-117.92313,33.61975],[-117.92071,33.61867],[-117.91914,33.61765],[-117.91786,33.61704],[-117.91425,33.61614],[-117.91346,33.616],[-117.91212,33.61593],[-117.90879,33.61607],[-117.90722,33.61625],[-117.9055,33.61668],[-117.90457,33.61678],[-117.90355,33.61667],[-117.90215,33.61626],[-117.90052,33.61616],[-117.8994,33.61587],[-117.89835,33.61541],[-117.89656,33.61417],[-117.89492,33.61344],[-117.89389,33.61319],[-117.88607,33.61189],[-117.88496,33.61157],[-117.88363,33.61092],[-117.87469,33.60475],[-117.87404,33.60417],[-117.87337,33.60303],[-117.87139,33.59693],[-117.87091,33.59629],[-117.87019,33.59565],[-117.86922,33.59491],[-117.85726,33.58869],[-117.85553,33.5876],[-117.84193,33.57824],[-117.84118,33.57765],[-117.84046,33.57685],[-117.83871,33.57377],[-117.83756,33.57253],[-117.83276,33.56858],[-117.82512,33.56366],[-117.82347,33.56194],[-117.82132,33.56044],[-117.81997,33.55936],[-117.81837,33.55774],[-117.8179,33.55739],[-117.81716,33.55697],[-117.81373,33.55549],[-117.8101,33.55336],[-117.80903,33.55305],[-117.8074,33.55291],[-117.80685,33.55269],[-117.80593,33.552],[-117.80524,33.5509],[-117.80485,33.55046],[-117.80424,33.55002],[-117.80344,33.54962],[-117.80029,33.54842],[-117.79544,33.54677],[-117.79369,33.54582],[-117.78546,33.54281],[-117.78425,33.54216],[-117.78334,33.54205],[-117.78027,33.53853],[-117.77576,33.53247],[-117.76881,33.52672],[-117.76569,33.52424],[-117.76306,33.52195],[-117.76163,33.52104],[-117.76006,33.51899],[-117.75689,33.5158],[-117.75413,33.51247],[-117.75191,33.51065],[-117.75151,33.51022],[-117.75047,33.50868],[-117.75007,33.50823],[-117.74895,33.50742],[-117.74575,33.50433],[-117.74435,33.5025],[-117.74277,33.50018],[-117.74189,33.49943],[-117.74028,33.49846],[-117.73948,33.49776],[-117.73852,33.4965],[-117.73742,33.49475],[-117.73681,33.49404],[-117.73185,33.49066],[-117.73165,33.49062],[-117.73037,33.48962],[-117.72112,33.48167],[-117.71986,33.48044],[-117.71858,33.47882],[-117.71055,33.46682],[-117.71003,33.46624],[-117.70889,33.46566],[-117.70799,33.4655],[-117.70732,33.46552],[-117.69721,33.46741],[-117.69637,33.46748],[-117.69588,33.46742],[-117.69305,33.46633],[-117.68951,33.4656]]]}},{"type":"Feature","properties":{"id":"the-snake","name":"Mulholland Highway \u00b7 The Snake","difficulty":3,"character":"Technical"},"geometry":{"type":"MultiLineString","coordinates":[[[-118.75116,34.11309],[-118.75047,34.11321],[-118.74986,34.1132],[-118.74806,34.11254],[-118.74733,34.11205],[-118.74538,34.11015],[-118.74495,34.10994],[-118.74362,34.11003],[-118.74222,34.10955],[-118.74184,34.1095],[-118.74139,34.1096],[-118.74043,34.11009],[-118.73983,34.11005],[-118.73946,34.10983],[-118.73759,34.10786],[-118.73696,34.10748],[-118.73513,34.10701],[-118.73465,34.10705],[-118.73378,34.1074],[-118.73313,34.1073],[-118.73285,34.10708],[-118.73189,34.10543],[-118.73153,34.1052],[-118.73083,34.10528],[-118.72979,34.10608],[-118.7292,34.10614],[-118.72834,34.10544],[-118.7271,34.10532],[-118.72689,34.10521],[-118.72669,34.10496],[-118.72652,34.10423],[-118.72622,34.10399],[-118.72596,34.10393],[-118.7255,34.10405],[-118.72532,34.10428],[-118.72512,34.10494],[-118.7247,34.10516],[-118.72437,34.10514],[-118.72368,34.10477],[-118.72313,34.10467],[-118.72116,34.105],[-118.72067,34.10523],[-118.72049,34.10545],[-118.72039,34.1058],[-118.72119,34.10755],[-118.72126,34.1079],[-118.72095,34.10829],[-118.72053,34.10836],[-118.72013,34.10821],[-118.71969,34.10728],[-118.71806,34.10578],[-118.71753,34.10439],[-118.71724,34.10407],[-118.71684,34.10383],[-118.71628,34.10369],[-118.71327,34.10346],[-118.71233,34.10357],[-118.71139,34.10391]]]}},{"type":"Feature","properties":{"id":"mulholland-drive","name":"Mulholland Drive","difficulty":2,"character":"Low speed"},"geometry":{"type":"MultiLineString","coordinates":[[[-118.34146,34.12363],[-118.34234,34.12293],[-118.34212,34.12272],[-118.34157,34.12174],[-118.34161,34.12142],[-118.34221,34.12114],[-118.34219,34.12101],[-118.34177,34.12055],[-118.34177,34.12038],[-118.34203,34.12029],[-118.34279,34.12058],[-118.3431,34.12057],[-118.34322,34.12035],[-118.34285,34.11973],[-118.34289,34.11954],[-118.34314,34.11943],[-118.34382,34.1195],[-118.34399,34.11942],[-118.34409,34.11921],[-118.34397,34.11882],[-118.34362,34.11831],[-118.34301,34.1176],[-118.34235,34.11705],[-118.34236,34.11659],[-118.34271,34.11643],[-118.34368,34.11676],[-118.34499,34.11768],[-118.34576,34.11783],[-118.34635,34.11821],[-118.34698,34.11828],[-118.34718,34.11871],[-118.34741,34.11954],[-118.34745,34.1201],[-118.34756,34.12023],[-118.34867,34.12023],[-118.35033,34.11998],[-118.35111,34.12005],[-118.3517,34.11978],[-118.35233,34.11978],[-118.35291,34.11952],[-118.35314,34.11953],[-118.35482,34.12112],[-118.35586,34.12127],[-118.3568,34.12195],[-118.35798,34.12206],[-118.35945,34.12292],[-118.35951,34.12304],[-118.35941,34.12321],[-118.35814,34.12356],[-118.358,34.12364],[-118.35796,34.12381],[-118.35916,34.12503],[-118.35921,34.12554],[-118.35932,34.12568],[-118.36069,34.12621],[-118.36073,34.12648],[-118.36033,34.12727],[-118.36032,34.12752],[-118.36059,34.12783],[-118.36127,34.12824],[-118.36181,34.1283],[-118.36236,34.12819],[-118.36359,34.12832],[-118.36566,34.1289],[-118.36689,34.12896],[-118.36761,34.12941],[-118.36959,34.12923],[-118.3698,34.12936],[-118.36986,34.12969],[-118.37,34.12985],[-118.37098,34.12997],[-118.37169,34.13062],[-118.37237,34.13109],[-118.37336,34.13098],[-118.37353,34.13085],[-118.37355,34.13069],[-118.37347,34.13056],[-118.37298,34.13024],[-118.37266,34.12937],[-118.37182,34.12874],[-118.37198,34.12823],[-118.37164,34.12732],[-118.37158,34.12672],[-118.37179,34.12653],[-118.37245,34.12642],[-118.37267,34.12645],[-118.37306,34.1268],[-118.3733,34.12689],[-118.37372,34.12686],[-118.37398,34.1267],[-118.37421,34.12569],[-118.37476,34.12485],[-118.37476,34.12398],[-118.37502,34.12368],[-118.37558,34.12342],[-118.37582,34.12312],[-118.37583,34.12279],[-118.3756,34.12223],[-118.37576,34.12191],[-118.37669,34.12206],[-118.37731,34.12238],[-118.37785,34.12221],[-118.37813,34.12223],[-118.37877,34.12256],[-118.37991,34.12266],[-118.3804,34.12297],[-118.3809,34.12314],[-118.38118,34.12302],[-118.38137,34.12258],[-118.38161,34.1224],[-118.38187,34.12241],[-118.38238,34.12266],[-118.38258,34.12267],[-118.38347,34.12202],[-118.38466,34.12188],[-118.38565,34.12145],[-118.38613,34.12138],[-118.38647,34.12145],[-118.38685,34.12172],[-118.38733,34.12331],[-118.3876,34.12346],[-118.38863,34.12321],[-118.38914,34.12323],[-118.39013,34.12285],[-118.39054,34.12222],[-118.39147,34.12216],[-118.39201,34.12157],[-118.39283,34.12117],[-118.3931,34.12039],[-118.39328,34.12014],[-118.39408,34.12021],[-118.39465,34.11987],[-118.39525,34.11968],[-118.39615,34.11911],[-118.39676,34.11901],[-118.39745,34.1191],[-118.39796,34.11957],[-118.39817,34.12006],[-118.3982,34.12137],[-118.39874,34.12193],[-118.39904,34.12255],[-118.39979,34.12305],[-118.40014,34.12351],[-118.40082,34.1241],[-118.40193,34.12452],[-118.40233,34.12493],[-118.40292,34.12534],[-118.40317,34.12579],[-118.40322,34.12643],[-118.40378,34.12711],[-118.40382,34.12763],[-118.40398,34.12795],[-118.40422,34.12799],[-118.40568,34.12757],[-118.40609,34.12758],[-118.40645,34.1278],[-118.40666,34.12805],[-118.40691,34.12904],[-118.4072,34.12928],[-118.40756,34.12945],[-118.40887,34.12969],[-118.41225,34.12955],[-118.41257,34.12946],[-118.41299,34.12905],[-118.41322,34.12895],[-118.41351,34.12894],[-118.41397,34.12908],[-118.41413,34.12904],[-118.4143,34.12876],[-118.41412,34.12796],[-118.41449,34.12756],[-118.41483,34.12658],[-118.41507,34.12642],[-118.41539,34.12637],[-118.41626,34.12667],[-118.41701,34.12718],[-118.41803,34.12711],[-118.41926,34.12746],[-118.41979,34.12793],[-118.42049,34.12831],[-118.42071,34.12853],[-118.4209,34.1288],[-118.42115,34.12963],[-118.42138,34.12985],[-118.42256,34.12977],[-118.42286,34.12985],[-118.42324,34.13023],[-118.42458,34.13016],[-118.42567,34.1306],[-118.4267,34.13117],[-118.42753,34.13116],[-118.42866,34.13147],[-118.42932,34.13133],[-118.42951,34.13148],[-118.42973,34.13197],[-118.42988,34.13204],[-118.43037,34.13201],[-118.43107,34.13168],[-118.43152,34.13198],[-118.43225,34.13197],[-118.43335,34.13159],[-118.43409,34.13088],[-118.43484,34.13059],[-118.43566,34.13062],[-118.438,34.13159],[-118.43874,34.13168],[-118.44002,34.13142],[-118.44299,34.13038],[-118.44341,34.13032],[-118.44639,34.13054],[-118.44872,34.13132],[-118.44889,34.13142],[-118.44937,34.13203],[-118.45112,34.1318],[-118.45337,34.13211],[-118.454,34.13245],[-118.45455,34.13301],[-118.45483,34.13307],[-118.45585,34.13291],[-118.4564,34.13239],[-118.45689,34.13219],[-118.45777,34.13157],[-118.45863,34.13072],[-118.45907,34.13057],[-118.46076,34.13038],[-118.4616,34.1308],[-118.46214,34.13092],[-118.46266,34.13116],[-118.46303,34.13119],[-118.46329,34.13104],[-118.46357,34.13055],[-118.46418,34.13011],[-118.46444,34.13007],[-118.46547,34.13024],[-118.46632,34.12974],[-118.46677,34.12967],[-118.46711,34.12936],[-118.46741,34.12926],[-118.46875,34.12967],[-118.46969,34.13008],[-118.47026,34.13015],[-118.4708,34.13005],[-118.4713,34.12981],[-118.47159,34.12951],[-118.47344,34.12697],[-118.47386,34.12666],[-118.47451,34.12645],[-118.47753,34.1262],[-118.47802,34.12626],[-118.4785,34.12645],[-118.47886,34.12675],[-118.47913,34.12722],[-118.47925,34.12855],[-118.47945,34.12916],[-118.47992,34.12957]]]}},{"type":"Feature","properties":{"id":"angeles-crest-newcombs","name":"Angeles Crest Highway \u00b7 to Newcomb's Ranch","difficulty":2,"character":"Medium speed"},"geometry":{"type":"MultiLineString","coordinates":[[[-118.04339,34.27295],[-118.04171,34.27351],[-118.04111,34.27364],[-118.03758,34.27352],[-118.03482,34.27383],[-118.03265,34.27332],[-118.03184,34.27278],[-118.03147,34.27269],[-118.02947,34.27296],[-118.02845,34.27293],[-118.02709,34.27302],[-118.02666,34.2729],[-118.02595,34.27243],[-118.02542,34.27233],[-118.02501,34.27246],[-118.02391,34.27308],[-118.02278,34.27318],[-118.02155,34.27349],[-118.02059,34.27339],[-118.02009,34.27343],[-118.01964,34.27362],[-118.01911,34.27403],[-118.01869,34.27417],[-118.01828,34.27415],[-118.01722,34.27378],[-118.01615,34.27394],[-118.01525,34.2739],[-118.01405,34.27467],[-118.01288,34.275],[-118.01185,34.27555],[-118.01064,34.27677],[-118.00998,34.27713],[-118.00826,34.27746],[-118.0073,34.27784],[-118.00621,34.27774],[-118.00572,34.27787],[-118.00539,34.27825],[-118.00488,34.27938],[-118.00365,34.28037],[-118.00186,34.28251],[-117.99952,34.28448],[-117.99858,34.28478],[-117.99606,34.28515],[-117.99534,34.28514],[-117.99423,34.28494],[-117.99385,34.28497],[-117.99323,34.28521],[-117.9929,34.28554],[-117.99273,34.28597],[-117.99271,34.28631],[-117.99298,34.28688],[-117.99446,34.28868],[-117.99502,34.28904],[-117.99573,34.28933],[-117.9962,34.28985],[-117.99618,34.29045],[-117.99556,34.29235],[-117.99555,34.29262],[-117.99571,34.29293],[-117.9963,34.29319],[-117.99765,34.29307],[-117.9984,34.29321],[-117.99912,34.29368],[-117.99963,34.29454],[-118.00009,34.29493],[-118.00059,34.29504],[-118.0019,34.29501],[-118.00231,34.29512],[-118.00278,34.29542],[-118.00312,34.29588],[-118.00323,34.29651],[-118.00309,34.29694],[-118.00257,34.29773],[-118.0026,34.29815],[-118.00283,34.29841],[-118.00312,34.29858],[-118.00361,34.29864],[-118.00528,34.29818],[-118.00595,34.2981],[-118.00881,34.29838],[-118.00954,34.29861],[-118.01022,34.29899],[-118.01249,34.30056],[-118.01294,34.30096],[-118.01348,34.30171],[-118.01376,34.30269],[-118.01371,34.30345],[-118.01323,34.3049],[-118.01333,34.30573],[-118.01374,34.30628],[-118.0149,34.30713],[-118.01577,34.30826],[-118.01604,34.30882],[-118.01594,34.30941],[-118.01554,34.30983],[-118.015,34.31003],[-118.01378,34.31004],[-118.01344,34.31013],[-118.01309,34.31034],[-118.0124,34.31113],[-118.01177,34.3115],[-118.01097,34.31161],[-118.00974,34.31142],[-118.00937,34.31143],[-118.0089,34.31161],[-118.00853,34.31195],[-118.00756,34.31386],[-118.00753,34.31441],[-118.00775,34.3148],[-118.00803,34.31504],[-118.00943,34.31556],[-118.00985,34.31585],[-118.01016,34.31623],[-118.01043,34.31686],[-118.01067,34.31783],[-118.01057,34.31827],[-118.01024,34.31872],[-118.00971,34.31902],[-118.00912,34.31912],[-118.00732,34.31873],[-118.00508,34.31903],[-118.00324,34.31901],[-118.00288,34.3191],[-118.00242,34.31944],[-118.00176,34.32049],[-118.00172,34.32098],[-118.003,34.32278],[-118.00318,34.32349],[-118.00257,34.32688],[-118.00177,34.32947]]]}},{"type":"Feature","properties":{"id":"east-fork-road","name":"East Fork Road","difficulty":2,"character":"Medium speed"},"geometry":{"type":"MultiLineString","coordinates":[[[-117.77198,34.22906],[-117.77357,34.22998],[-117.77418,34.23013],[-117.77501,34.23021],[-117.77591,34.23018],[-117.7772,34.2297],[-117.77805,34.22967],[-117.77916,34.22947],[-117.77949,34.2295],[-117.78006,34.22979],[-117.78051,34.22989],[-117.78212,34.22975],[-117.78415,34.23009],[-117.78569,34.22993],[-117.78661,34.23002],[-117.7876,34.23038],[-117.78803,34.23063],[-117.78852,34.23121],[-117.78927,34.23233],[-117.78977,34.23254],[-117.79021,34.23255],[-117.79055,34.23245],[-117.7913,34.23174],[-117.79199,34.23155],[-117.79252,34.23169],[-117.79383,34.23261],[-117.79446,34.23283],[-117.79584,34.2328],[-117.79751,34.23242],[-117.79898,34.23257],[-117.79952,34.23282],[-117.80039,34.23382],[-117.80077,34.23406],[-117.80218,34.23431],[-117.80338,34.23469],[-117.80383,34.23495],[-117.80435,34.23566],[-117.80475,34.23601],[-117.8068,34.2367],[-117.80733,34.23679],[-117.80908,34.23682],[-117.80973,34.23701],[-117.8106,34.2375],[-117.81103,34.23763],[-117.81152,34.23757],[-117.81259,34.23725],[-117.81457,34.23692],[-117.81662,34.23674],[-117.81744,34.23678],[-117.8189,34.23714],[-117.81953,34.23749],[-117.82011,34.23892],[-117.82176,34.24012],[-117.82235,34.24034],[-117.82277,34.24036],[-117.82336,34.24013],[-117.8245,34.23896],[-117.82532,34.23849],[-117.82595,34.23826],[-117.82753,34.23831],[-117.82908,34.23809],[-117.82969,34.23811],[-117.83474,34.23909],[-117.83534,34.23909],[-117.83607,34.23871],[-117.83728,34.23846],[-117.83883,34.23737],[-117.84047,34.23688],[-117.84128,34.23604],[-117.843,34.23557],[-117.84345,34.23563],[-117.84381,34.23586],[-117.84437,34.23689],[-117.84471,34.23716],[-117.84592,34.23736],[-117.84765,34.23799],[-117.84796,34.23817],[-117.84852,34.23876],[-117.84884,34.23891],[-117.85131,34.23911]]]}},{"type":"Feature","properties":{"id":"bouquet-canyon","name":"Bouquet Canyon Road","difficulty":2,"character":"Medium speed"},"geometry":{"type":"MultiLineString","coordinates":[[[-118.45515,34.50019],[-118.45471,34.50076],[-118.45389,34.5014],[-118.45343,34.5019],[-118.45319,34.50241],[-118.45312,34.50429],[-118.45298,34.50477],[-118.45261,34.5051],[-118.45189,34.5055],[-118.4516,34.50585],[-118.45161,34.5063],[-118.45254,34.5074],[-118.45269,34.50772],[-118.45282,34.50915],[-118.45259,34.50932],[-118.45138,34.50969],[-118.45104,34.51066],[-118.4506,34.51155],[-118.45036,34.51186],[-118.44955,34.51235],[-118.4492,34.51278],[-118.44915,34.51316],[-118.44968,34.51376],[-118.44971,34.51393],[-118.44959,34.51409],[-118.44896,34.51435],[-118.44847,34.51487],[-118.44844,34.51515],[-118.44865,34.51578],[-118.44862,34.51607],[-118.44782,34.51664],[-118.44704,34.51753],[-118.44702,34.51873],[-118.44693,34.51902],[-118.44646,34.51936],[-118.44597,34.52002],[-118.44539,34.5204],[-118.44494,34.52155],[-118.44408,34.52218],[-118.44332,34.52301],[-118.44183,34.52372],[-118.44142,34.52418],[-118.44137,34.52458],[-118.44154,34.52484],[-118.44177,34.525],[-118.44248,34.52518],[-118.44267,34.52546],[-118.44244,34.5263],[-118.44284,34.52738],[-118.44247,34.52805],[-118.44272,34.52883],[-118.44263,34.52945],[-118.44295,34.53027],[-118.44294,34.53058],[-118.44192,34.53268],[-118.4411,34.53306],[-118.44044,34.53361],[-118.43993,34.53415],[-118.43971,34.53463],[-118.43974,34.53687],[-118.43989,34.53792],[-118.43951,34.5385],[-118.43927,34.5396],[-118.43888,34.5403],[-118.43843,34.54178],[-118.43826,34.54196],[-118.43742,34.54235],[-118.43679,34.54348],[-118.43647,34.54427],[-118.43607,34.54455],[-118.43534,34.54469],[-118.4351,34.54488],[-118.43413,34.54618],[-118.43402,34.54684],[-118.43382,34.54721],[-118.4326,34.54799],[-118.43214,34.54898],[-118.43186,34.54924],[-118.43146,34.54933],[-118.43008,34.54928],[-118.42901,34.54962],[-118.42831,34.54947],[-118.4279,34.5495],[-118.42751,34.54981],[-118.42744,34.55058],[-118.42727,34.55092],[-118.42646,34.55152],[-118.42578,34.5524],[-118.42539,34.55273],[-118.42487,34.55292],[-118.42319,34.55325],[-118.42158,34.55337],[-118.42047,34.55397],[-118.41966,34.55425],[-118.41906,34.55424],[-118.4179,34.55391],[-118.41393,34.55375],[-118.41246,34.55347],[-118.41147,34.5535],[-118.41098,34.5543],[-118.41064,34.55457],[-118.41006,34.55477],[-118.4086,34.55504],[-118.40811,34.5553],[-118.40784,34.55558],[-118.40716,34.55671],[-118.40657,34.55735],[-118.40599,34.55891],[-118.40536,34.55962],[-118.40492,34.55991],[-118.40402,34.56004],[-118.40364,34.5602],[-118.40169,34.56149],[-118.40123,34.56161],[-118.40056,34.5616],[-118.40024,34.56169],[-118.3998,34.56221],[-118.39956,34.56274],[-118.3987,34.56344],[-118.39839,34.56422],[-118.3975,34.56469],[-118.39618,34.56639],[-118.39579,34.56663],[-118.39452,34.56709],[-118.39371,34.56803],[-118.39226,34.56922],[-118.39189,34.56965],[-118.3916,34.56987],[-118.39054,34.57033],[-118.39021,34.57057],[-118.38947,34.57156],[-118.38902,34.57173],[-118.38816,34.5717],[-118.38765,34.57194],[-118.38691,34.57324],[-118.38541,34.5743],[-118.38523,34.57465],[-118.38532,34.57547],[-118.38494,34.5759],[-118.38462,34.57602],[-118.38373,34.57607],[-118.3834,34.57632],[-118.38311,34.57679],[-118.3828,34.57695],[-118.38239,34.57701],[-118.37971,34.57666],[-118.37661,34.57596],[-118.37568,34.57596],[-118.3736,34.57642],[-118.37103,34.5777],[-118.36933,34.57826],[-118.36908,34.5785],[-118.36892,34.57887],[-118.3688,34.58029],[-118.36838,34.58083],[-118.36681,34.5818],[-118.36468,34.58285],[-118.36357,34.58359],[-118.36257,34.58397],[-118.36112,34.5843],[-118.36003,34.58434],[-118.3588,34.58417],[-118.35761,34.58386],[-118.35446,34.58337],[-118.35147,34.58376],[-118.34579,34.583],[-118.34077,34.58334],[-118.33982,34.58321],[-118.33833,34.58282],[-118.33738,34.58268],[-118.33612,34.58276],[-118.33268,34.58324],[-118.3268,34.58339],[-118.32424,34.58385],[-118.32146,34.58365],[-118.31904,34.58383],[-118.31833,34.58396],[-118.31608,34.58467],[-118.31498,34.58481],[-118.31344,34.58478],[-118.31081,34.58422],[-118.30966,34.5842],[-118.3076,34.58447],[-118.3068,34.58471],[-118.30629,34.58519],[-118.30524,34.58693],[-118.30487,34.58724],[-118.30439,34.58744],[-118.30371,34.58753],[-118.29931,34.58748],[-118.29683,34.58763],[-118.29481,34.58722],[-118.29404,34.58719],[-118.29144,34.58763],[-118.28896,34.589],[-118.28848,34.58916],[-118.27853,34.59181],[-118.27792,34.59215],[-118.27619,34.59425],[-118.2757,34.59471],[-118.27525,34.59491],[-118.27472,34.59498],[-118.27219,34.59505],[-118.27155,34.59535],[-118.27106,34.59596],[-118.27096,34.59675],[-118.2711,34.61172]]]}},{"type":"Feature","properties":{"id":"lake-hughes-road","name":"Lake Hughes Road","difficulty":2,"character":"Medium speed"},"geometry":{"type":"MultiLineString","coordinates":[[[-118.62384,34.49587],[-118.62137,34.497],[-118.61996,34.49736],[-118.61875,34.49745],[-118.6104,34.49713],[-118.60928,34.49735],[-118.60855,34.49774],[-118.60798,34.49828],[-118.60734,34.49918],[-118.60677,34.49979],[-118.60454,34.50111],[-118.60402,34.50164],[-118.60374,34.50223],[-118.60284,34.50581],[-118.60261,34.50749],[-118.60198,34.50829],[-118.59842,34.51078],[-118.59753,34.51173],[-118.597,34.51284],[-118.59596,34.51759],[-118.59577,34.51803],[-118.59526,34.51858],[-118.59479,34.51884],[-118.59426,34.51901],[-118.5937,34.51906],[-118.59314,34.51899],[-118.58485,34.51654],[-118.58414,34.51639],[-118.58304,34.51644],[-118.58235,34.51665],[-118.58173,34.51698],[-118.58102,34.51753],[-118.57876,34.52007],[-118.57783,34.52187],[-118.57677,34.52299],[-118.57473,34.52546],[-118.57413,34.52607],[-118.57198,34.52742],[-118.5713,34.52815],[-118.57038,34.53015],[-118.56705,34.53344],[-118.56666,34.53406],[-118.56526,34.53756],[-118.56488,34.53814],[-118.56015,34.5432],[-118.55942,34.54371],[-118.55848,34.54404],[-118.55595,34.54416],[-118.55526,34.54427],[-118.55432,34.54467],[-118.54955,34.54728],[-118.54691,34.54829],[-118.54635,34.54861],[-118.5404,34.55327],[-118.54018,34.55383],[-118.54018,34.55445],[-118.54198,34.55753],[-118.54294,34.56024],[-118.54335,34.56071],[-118.54386,34.56106],[-118.54448,34.56133],[-118.54521,34.56145],[-118.5463,34.5613],[-118.54698,34.56099],[-118.54807,34.56027],[-118.54895,34.5601],[-118.54979,34.56034],[-118.55133,34.56135],[-118.55188,34.56148],[-118.55255,34.56146],[-118.55618,34.56014],[-118.55784,34.55892],[-118.55812,34.55876],[-118.55875,34.55862],[-118.56011,34.55851],[-118.56077,34.55864],[-118.56113,34.55883],[-118.56138,34.5591],[-118.56165,34.55957],[-118.56171,34.55981],[-118.5616,34.56036],[-118.56119,34.56087],[-118.56058,34.56119],[-118.55873,34.56154],[-118.55627,34.56314],[-118.55573,34.56384],[-118.55547,34.56503],[-118.55553,34.56558],[-118.55598,34.56634],[-118.55717,34.56729],[-118.55753,34.56774],[-118.55797,34.56923],[-118.55862,34.57031],[-118.55868,34.57058],[-118.55851,34.57121],[-118.55771,34.57219],[-118.55755,34.57251],[-118.55727,34.57379],[-118.55642,34.57473],[-118.55615,34.57525],[-118.55618,34.57576],[-118.55672,34.57706],[-118.55677,34.57745],[-118.55643,34.57799],[-118.55554,34.57893],[-118.55535,34.57928],[-118.55525,34.57983],[-118.55547,34.58007],[-118.55666,34.58034],[-118.5572,34.58071],[-118.55774,34.58144],[-118.55802,34.58259],[-118.55848,34.58289],[-118.55871,34.58341],[-118.55987,34.584],[-118.56035,34.58446],[-118.56043,34.58477],[-118.56031,34.58533],[-118.5599,34.58573],[-118.55978,34.58598],[-118.56007,34.58619],[-118.561,34.5863],[-118.56139,34.58653],[-118.56145,34.58677],[-118.56119,34.58756],[-118.56129,34.5883],[-118.56124,34.58915],[-118.56166,34.58993],[-118.56225,34.59049],[-118.56228,34.59069],[-118.56217,34.59115],[-118.56163,34.59211],[-118.5616,34.59321],[-118.56185,34.5934],[-118.56298,34.59338],[-118.56332,34.59347],[-118.56381,34.59371],[-118.56402,34.59414],[-118.56385,34.59474],[-118.56189,34.59741],[-118.56013,34.59897],[-118.55922,34.60081],[-118.55871,34.60131],[-118.558,34.60172],[-118.55766,34.60271],[-118.5571,34.60344],[-118.55729,34.60435],[-118.55676,34.60508],[-118.5568,34.60529],[-118.55702,34.60543],[-118.55826,34.60514],[-118.55888,34.60484],[-118.55958,34.60413],[-118.56014,34.60379],[-118.56045,34.60371],[-118.56078,34.60383],[-118.56093,34.60402],[-118.56094,34.60442],[-118.56024,34.60598],[-118.5603,34.60623],[-118.56076,34.60651],[-118.56089,34.60671],[-118.56054,34.60765],[-118.56059,34.60843],[-118.56082,34.6087],[-118.56179,34.60907],[-118.56219,34.60931],[-118.56261,34.6098],[-118.56277,34.61029],[-118.56271,34.6106],[-118.56254,34.61083],[-118.56075,34.6123],[-118.56029,34.61306],[-118.56037,34.61345],[-118.56098,34.61384],[-118.5612,34.61414],[-118.56114,34.6149],[-118.56056,34.61562],[-118.56047,34.616],[-118.56096,34.61722],[-118.561,34.61786],[-118.56154,34.61835],[-118.56172,34.61894],[-118.56168,34.61919],[-118.56138,34.61967],[-118.5603,34.62082],[-118.55988,34.62113],[-118.55838,34.62184],[-118.55617,34.62249],[-118.55443,34.62349],[-118.5518,34.6247],[-118.54922,34.62632],[-118.54734,34.62761],[-118.54698,34.62797],[-118.54636,34.62823],[-118.546,34.62854],[-118.54586,34.62884],[-118.54582,34.62931],[-118.54544,34.62979],[-118.54503,34.62998],[-118.5446,34.63005],[-118.54332,34.63001],[-118.54298,34.63019],[-118.5423,34.63102],[-118.54185,34.63129],[-118.54046,34.63169],[-118.53899,34.6318],[-118.53571,34.63233],[-118.53426,34.63224],[-118.53392,34.63235],[-118.53314,34.63307],[-118.53109,34.63379],[-118.52962,34.63501],[-118.52944,34.63532],[-118.52951,34.63645],[-118.52928,34.63709],[-118.52918,34.63811],[-118.52877,34.63872],[-118.5275,34.63955],[-118.52715,34.6397],[-118.52603,34.6397],[-118.52576,34.63982],[-118.5254,34.64045],[-118.52502,34.64081],[-118.524,34.64119],[-118.52296,34.64225],[-118.52023,34.64357],[-118.51924,34.64421],[-118.51828,34.64462],[-118.51717,34.64484],[-118.51541,34.64488],[-118.51496,34.64481],[-118.51445,34.64454],[-118.51414,34.64448],[-118.51309,34.64495],[-118.51274,34.645],[-118.51239,34.64491],[-118.51171,34.64436],[-118.51138,34.64424],[-118.51115,34.64426],[-118.51043,34.64462],[-118.50961,34.64456],[-118.50893,34.64423],[-118.50825,34.64355],[-118.5079,34.64333],[-118.50664,34.64315],[-118.50479,34.64323],[-118.50415,34.64305],[-118.50376,34.64267],[-118.50364,34.6423],[-118.50379,34.64185],[-118.50433,34.6414],[-118.50436,34.64117],[-118.50424,34.64094],[-118.50153,34.64022],[-118.50114,34.64041],[-118.50055,34.64102],[-118.49951,34.64155],[-118.49914,34.64166],[-118.49756,34.64184],[-118.49693,34.64204],[-118.49648,34.64245],[-118.49611,34.6432],[-118.4953,34.64373],[-118.49468,34.64393],[-118.49348,34.64405],[-118.49161,34.64491],[-118.48928,34.64627],[-118.48844,34.64696],[-118.48613,34.64942],[-118.48558,34.64981],[-118.48235,34.65161],[-118.48124,34.65237],[-118.48024,34.65336],[-118.47969,34.65372],[-118.47863,34.65398],[-118.47679,34.65415],[-118.47375,34.65371],[-118.47308,34.65369],[-118.46779,34.65489],[-118.46671,34.65503],[-118.4662,34.65498],[-118.46531,34.65456],[-118.46504,34.65455],[-118.46473,34.65466],[-118.46366,34.65538],[-118.46342,34.65572],[-118.4628,34.65694],[-118.46293,34.65784],[-118.46276,34.65817],[-118.46054,34.65958],[-118.45892,34.6616],[-118.45861,34.66177],[-118.45749,34.66202],[-118.45577,34.66315],[-118.45567,34.66384],[-118.45526,34.66461],[-118.45534,34.66566],[-118.455,34.66637],[-118.45526,34.66696],[-118.45529,34.66767],[-118.45499,34.66838],[-118.45457,34.66891],[-118.45442,34.6697],[-118.45447,34.67003],[-118.45513,34.67108],[-118.45532,34.67185],[-118.45555,34.67363],[-118.45538,34.67401],[-118.45267,34.67735],[-118.45242,34.67794],[-118.45216,34.67903]]]}},{"type":"Feature","properties":{"id":"corral-canyon","name":"Corral Canyon Road","difficulty":3,"character":"Technical"},"geometry":{"type":"MultiLineString","coordinates":[[[-118.74327,34.03313],[-118.74343,34.03336],[-118.7444,34.03376],[-118.74472,34.03402],[-118.74478,34.03443],[-118.7445,34.03493],[-118.7442,34.03486],[-118.74349,34.03431],[-118.74269,34.03414],[-118.74229,34.03419],[-118.74189,34.03395],[-118.74139,34.03398],[-118.73977,34.03452],[-118.73897,34.03523],[-118.73729,34.03557],[-118.7363,34.0359],[-118.73616,34.03603],[-118.73628,34.0363],[-118.73683,34.0364],[-118.73699,34.03651],[-118.73732,34.03707],[-118.73811,34.03764],[-118.73842,34.03775],[-118.73916,34.03775],[-118.73951,34.03784],[-118.74053,34.03852],[-118.74075,34.03885],[-118.74054,34.03962],[-118.74062,34.04054],[-118.73975,34.04115],[-118.73932,34.0418],[-118.73925,34.04217],[-118.73887,34.04245],[-118.73899,34.04255],[-118.73964,34.04225],[-118.73982,34.04249],[-118.73972,34.04294],[-118.73941,34.04342],[-118.73958,34.04437],[-118.7394,34.04462],[-118.73896,34.04492],[-118.73873,34.04535],[-118.73933,34.04715],[-118.73961,34.04832],[-118.73945,34.04994],[-118.73924,34.05058],[-118.73943,34.05243],[-118.73975,34.05297],[-118.73971,34.05339],[-118.74009,34.05414],[-118.74043,34.05448],[-118.74049,34.05485],[-118.74076,34.05516],[-118.7406,34.05589],[-118.74088,34.05644],[-118.7409,34.05709],[-118.74114,34.05746],[-118.74087,34.05829],[-118.74092,34.05903],[-118.74057,34.05946],[-118.74039,34.05997],[-118.7411,34.06007],[-118.74188,34.06035],[-118.74324,34.06065],[-118.74489,34.06049],[-118.74583,34.06138],[-118.74646,34.06218],[-118.74768,34.06303],[-118.74835,34.06335],[-118.74943,34.06343],[-118.74984,34.06378],[-118.75079,34.06402],[-118.75083,34.06421],[-118.75054,34.06494],[-118.75062,34.06515],[-118.75086,34.06521],[-118.75147,34.06496],[-118.75167,34.06498],[-118.75205,34.06551],[-118.75256,34.06551],[-118.75283,34.06591],[-118.75336,34.06594],[-118.7545,34.06657],[-118.75473,34.06651],[-118.7551,34.06598],[-118.75538,34.06603],[-118.75539,34.06622],[-118.75503,34.06662],[-118.75483,34.06677],[-118.75449,34.06683],[-118.75437,34.06719],[-118.75324,34.06804],[-118.75335,34.06822],[-118.75387,34.06847],[-118.75379,34.06917],[-118.75423,34.06991],[-118.75392,34.07063],[-118.75393,34.07086],[-118.75429,34.07139],[-118.75466,34.07163],[-118.75474,34.07189],[-118.75465,34.07216],[-118.75348,34.07269],[-118.75336,34.07298],[-118.75351,34.07343],[-118.75399,34.07383],[-118.75422,34.07446],[-118.75478,34.07469],[-118.75547,34.07531],[-118.75501,34.07568],[-118.75495,34.07652],[-118.75439,34.07702],[-118.7553,34.07826],[-118.75563,34.07921],[-118.75562,34.0795],[-118.75516,34.07988],[-118.75517,34.0801],[-118.75554,34.08032],[-118.75601,34.08032],[-118.75624,34.0807],[-118.75665,34.08058],[-118.75701,34.08069],[-118.75709,34.08107],[-118.7575,34.08133]]]}},{"type":"Feature","properties":{"id":"deer-creek","name":"Deer Creek Road","difficulty":3,"character":"Technical"},"geometry":{"type":"MultiLineString","coordinates":[[[-118.98552,34.06218],[-118.98511,34.06266],[-118.98482,34.06335],[-118.98483,34.06358],[-118.98524,34.06426],[-118.98639,34.06554],[-118.98706,34.06683],[-118.98719,34.06685],[-118.98726,34.06675],[-118.98709,34.06556],[-118.98718,34.06516],[-118.98747,34.06497],[-118.98796,34.065],[-118.98976,34.06588],[-118.99041,34.06636],[-118.99096,34.06734],[-118.99079,34.06812],[-118.99094,34.0684],[-118.99155,34.06864],[-118.99252,34.06926],[-118.99422,34.06947],[-118.99441,34.06961],[-118.99403,34.07011],[-118.99336,34.07038],[-118.99237,34.07154],[-118.99234,34.07176],[-118.99257,34.07251],[-118.99206,34.07318],[-118.99194,34.07361],[-118.99219,34.07456],[-118.99221,34.07527],[-118.9917,34.07559],[-118.99097,34.07635],[-118.99088,34.07722],[-118.99016,34.07858],[-118.99014,34.07913],[-118.98997,34.07967],[-118.98971,34.08001],[-118.9892,34.08019],[-118.9887,34.08061],[-118.98861,34.08094],[-118.98802,34.08182],[-118.98778,34.08245],[-118.9869,34.08397],[-118.98672,34.08467],[-118.98727,34.08533],[-118.98721,34.08625],[-118.9874,34.08649],[-118.9882,34.08677],[-118.98841,34.08718],[-118.98738,34.08785],[-118.98667,34.088]]]}},{"type":"Feature","properties":{"id":"modjeska-grade","name":"Modjeska Grade Road","difficulty":3,"character":"Technical"},"geometry":{"type":"MultiLineString","coordinates":[[[-117.64095,33.70765],[-117.64085,33.70752],[-117.6384,33.70605],[-117.63802,33.70574],[-117.63748,33.70504],[-117.63685,33.7048],[-117.6368,33.70433],[-117.63647,33.70375],[-117.63668,33.70309],[-117.63665,33.70276],[-117.63598,33.70195],[-117.63573,33.70134],[-117.63566,33.70091],[-117.63581,33.70044],[-117.63576,33.70022],[-117.63473,33.69961],[-117.63423,33.69894],[-117.63395,33.69818],[-117.63319,33.69762],[-117.63308,33.6973]]]}},{"type":"Feature","properties":{"id":"old-topanga-canyon","name":"Old Topanga Canyon Road","difficulty":3,"character":"Technical"},"geometry":{"type":"MultiLineString","coordinates":[[[-118.60438,34.08964],[-118.60461,34.08969],[-118.60502,34.09],[-118.60525,34.09084],[-118.60611,34.09139],[-118.60675,34.09201],[-118.60763,34.09236],[-118.60848,34.09286],[-118.60956,34.09311],[-118.60999,34.09357],[-118.61038,34.09379],[-118.61148,34.09411],[-118.61171,34.09428],[-118.61223,34.09503],[-118.61331,34.09579],[-118.61466,34.0963],[-118.61526,34.09688],[-118.61606,34.09715],[-118.61652,34.09741],[-118.61725,34.09823],[-118.61756,34.09905],[-118.61857,34.10011],[-118.61896,34.10033],[-118.62027,34.10071],[-118.62083,34.10121],[-118.62126,34.10185],[-118.62158,34.10321],[-118.62231,34.10394],[-118.62264,34.10412],[-118.62326,34.10416],[-118.62417,34.10437],[-118.62738,34.10405],[-118.6281,34.10414],[-118.62861,34.10439],[-118.62892,34.10469],[-118.6293,34.10557],[-118.62915,34.108],[-118.6293,34.10891],[-118.63043,34.1099],[-118.63123,34.11025],[-118.63205,34.11153],[-118.6337,34.11158],[-118.63405,34.11182],[-118.63414,34.11206],[-118.63409,34.11294],[-118.63431,34.11345],[-118.63378,34.11422],[-118.63365,34.11462],[-118.63367,34.11544],[-118.6338,34.11605],[-118.63349,34.11662],[-118.63351,34.11711],[-118.63362,34.11747],[-118.63404,34.11808],[-118.63447,34.11846],[-118.63502,34.11868],[-118.63508,34.11887],[-118.63496,34.11899],[-118.63466,34.11906],[-118.6339,34.11892],[-118.63371,34.11899],[-118.63363,34.11914],[-118.63379,34.1195],[-118.63375,34.11967],[-118.63303,34.11984],[-118.63272,34.12003],[-118.6324,34.1204],[-118.6321,34.12108],[-118.63137,34.12148],[-118.63117,34.12225],[-118.63077,34.12276],[-118.63045,34.12337],[-118.63045,34.12362],[-118.63164,34.12433],[-118.63186,34.12432],[-118.63195,34.1242],[-118.63192,34.12401],[-118.63143,34.12349],[-118.63124,34.1231],[-118.63143,34.12287],[-118.6317,34.12286],[-118.63227,34.12318],[-118.63263,34.12401],[-118.63323,34.12468],[-118.63401,34.12474],[-118.63514,34.12513],[-118.63537,34.1251],[-118.63581,34.12478],[-118.6361,34.12416],[-118.63639,34.12394],[-118.63664,34.12391],[-118.63711,34.12411],[-118.63793,34.12418],[-118.63819,34.1243],[-118.6382,34.12465],[-118.63775,34.12506],[-118.63793,34.12526],[-118.63856,34.12536],[-118.63903,34.12509],[-118.63934,34.12508],[-118.63954,34.12518],[-118.63983,34.12553],[-118.64111,34.12558],[-118.64198,34.12589],[-118.64211,34.12605],[-118.64203,34.12619],[-118.64182,34.12626],[-118.64142,34.12616],[-118.64095,34.12583],[-118.63927,34.12585],[-118.63826,34.12621],[-118.63729,34.12636],[-118.6372,34.12651],[-118.63721,34.12743],[-118.63624,34.12875],[-118.63589,34.12985],[-118.63565,34.13025],[-118.63576,34.13114],[-118.63559,34.13171],[-118.63567,34.13232],[-118.63555,34.13281],[-118.63486,34.13384],[-118.63428,34.13414],[-118.63344,34.13441],[-118.6332,34.13468]]]}},{"type":"Feature","properties":{"id":"tuna-canyon","name":"Tuna Canyon Road","difficulty":3,"character":"Technical"},"geometry":{"type":"MultiLineString","coordinates":[[[-118.6111,34.06814],[-118.61152,34.06813],[-118.61213,34.06843],[-118.61247,34.06842],[-118.613,34.06806],[-118.61353,34.06793],[-118.61372,34.06763],[-118.61412,34.0676],[-118.61428,34.06732],[-118.61467,34.06724],[-118.61481,34.06689],[-118.61504,34.06677],[-118.61565,34.06693],[-118.61614,34.06667],[-118.61637,34.06682],[-118.61661,34.06724],[-118.61683,34.0673],[-118.61708,34.06713],[-118.6173,34.06684],[-118.61723,34.06651],[-118.61737,34.06625],[-118.61691,34.06556],[-118.61653,34.06447],[-118.61692,34.06409],[-118.61694,34.06363],[-118.61705,34.06339],[-118.61749,34.06303],[-118.61763,34.0628],[-118.61746,34.06244],[-118.61767,34.06199],[-118.61747,34.06132],[-118.61761,34.06078],[-118.61757,34.06052],[-118.61688,34.05982],[-118.61642,34.05964],[-118.61563,34.05988],[-118.61494,34.05987],[-118.61408,34.06035],[-118.61378,34.06039],[-118.61279,34.06042],[-118.61218,34.06054],[-118.61171,34.06036],[-118.61142,34.06047],[-118.61032,34.0606],[-118.60994,34.06077],[-118.60944,34.06063],[-118.60886,34.06073],[-118.60851,34.06062],[-118.60812,34.06077],[-118.60653,34.06025],[-118.60582,34.06036],[-118.60521,34.05984],[-118.60476,34.06001],[-118.60462,34.05987],[-118.60448,34.05926],[-118.60432,34.05908],[-118.60367,34.05897],[-118.60289,34.05898],[-118.60216,34.0591],[-118.60165,34.05839],[-118.60167,34.05805],[-118.60091,34.05726],[-118.601,34.05711],[-118.60119,34.05705],[-118.60193,34.05697],[-118.60218,34.05684],[-118.60224,34.05666],[-118.60217,34.05661],[-118.60176,34.05667],[-118.60064,34.0564],[-118.60054,34.05628],[-118.60043,34.05557],[-118.60013,34.05522],[-118.59972,34.05496],[-118.59926,34.05486],[-118.59915,34.05429],[-118.59896,34.0541],[-118.59847,34.05388],[-118.59851,34.0535],[-118.59772,34.05305],[-118.59749,34.05278],[-118.59722,34.05264],[-118.59715,34.05243],[-118.59761,34.05181],[-118.59742,34.05167],[-118.59675,34.05162],[-118.59702,34.05097],[-118.59683,34.05052],[-118.59697,34.05017],[-118.59693,34.04996],[-118.5962,34.04984],[-118.59608,34.04955],[-118.59524,34.04894],[-118.59424,34.04775],[-118.594,34.04693],[-118.59249,34.04639],[-118.59189,34.04632],[-118.59162,34.04644],[-118.59128,34.0464],[-118.59078,34.04584],[-118.59016,34.04579],[-118.5898,34.04563],[-118.58956,34.04567],[-118.5895,34.0458],[-118.58988,34.046],[-118.59047,34.04651],[-118.5904,34.04672],[-118.58989,34.04653],[-118.58892,34.04634],[-118.58854,34.04596],[-118.58832,34.04555],[-118.58876,34.04479],[-118.58899,34.04409],[-118.58952,34.04377],[-118.5899,34.04368],[-118.59002,34.04349],[-118.58966,34.04283],[-118.58963,34.04234],[-118.58928,34.04137],[-118.58887,34.04106],[-118.58885,34.04094],[-118.58897,34.04023],[-118.58947,34.03946]]]}},{"type":"Feature","properties":{"id":"little-tujunga","name":"Little Tujunga Canyon Road","difficulty":3,"character":"Technical"},"geometry":{"type":"MultiLineString","coordinates":[[[-118.37132,34.28228],[-118.37047,34.28366],[-118.37042,34.28457],[-118.36998,34.28584],[-118.36949,34.2865],[-118.36856,34.28697],[-118.36812,34.2873],[-118.36794,34.28757],[-118.36755,34.28873],[-118.36687,34.28948],[-118.36547,34.29026],[-118.36388,34.29149],[-118.36119,34.29303],[-118.3604,34.29337],[-118.35937,34.29343],[-118.35916,34.29353],[-118.35747,34.29531],[-118.35636,34.29613],[-118.35561,34.29629],[-118.35419,34.2963],[-118.35354,34.29652],[-118.35308,34.29688],[-118.35185,34.2983],[-118.35061,34.2988],[-118.35002,34.29925],[-118.34955,34.29988],[-118.34934,34.30045],[-118.34931,34.30144],[-118.34916,34.30182],[-118.34731,34.30378],[-118.3471,34.30413],[-118.34649,34.30607],[-118.34671,34.3073],[-118.34656,34.3081],[-118.34623,34.30906],[-118.34565,34.31021],[-118.34461,34.31165],[-118.3443,34.31292],[-118.34395,34.31344],[-118.34311,34.31429],[-118.34279,34.31509],[-118.34184,34.31606],[-118.34138,34.31693],[-118.34046,34.31762],[-118.34035,34.31852],[-118.33943,34.32016],[-118.33933,34.3209],[-118.33862,34.3215],[-118.33839,34.32216],[-118.33902,34.3233],[-118.33895,34.32363],[-118.33854,34.32417],[-118.33868,34.32485],[-118.33852,34.32556],[-118.33886,34.32715],[-118.34067,34.32791],[-118.34149,34.32886],[-118.34228,34.32902],[-118.34317,34.32967],[-118.34395,34.32966],[-118.34419,34.32978],[-118.34413,34.32997],[-118.34389,34.33005],[-118.34348,34.32991],[-118.34294,34.32991],[-118.34223,34.32974],[-118.34076,34.33036],[-118.34057,34.33056],[-118.34065,34.33086],[-118.34258,34.33213],[-118.34291,34.33243],[-118.34303,34.33316],[-118.34289,34.33402],[-118.34296,34.33481],[-118.34284,34.33503],[-118.34257,34.33514],[-118.34233,34.33507],[-118.34194,34.33464],[-118.3416,34.33452],[-118.33969,34.33485],[-118.33946,34.33473],[-118.33896,34.3342],[-118.33824,34.33409],[-118.33793,34.33419],[-118.33767,34.33457],[-118.33725,34.33478],[-118.33718,34.33494],[-118.33884,34.33657],[-118.33949,34.33679],[-118.33975,34.33731],[-118.34028,34.33785],[-118.34094,34.33803],[-118.34247,34.33916],[-118.34268,34.3392],[-118.3433,34.33911],[-118.34487,34.33979],[-118.34566,34.33961],[-118.34618,34.33973],[-118.34718,34.34033],[-118.34806,34.3405],[-118.34878,34.34077],[-118.34911,34.34113],[-118.34974,34.34144],[-118.34997,34.3417],[-118.34995,34.34186],[-118.34898,34.3422],[-118.34893,34.343],[-118.34876,34.34317],[-118.3484,34.34331],[-118.34828,34.34347],[-118.34861,34.34432],[-118.349,34.34462],[-118.34925,34.34466],[-118.35022,34.34455],[-118.351,34.34399],[-118.35128,34.34393],[-118.35134,34.34412],[-118.351,34.34448],[-118.35108,34.34482],[-118.35224,34.34549],[-118.35252,34.34547],[-118.35257,34.34534],[-118.35218,34.3449],[-118.35213,34.34456],[-118.35238,34.34411],[-118.35228,34.34372],[-118.35235,34.34358],[-118.3529,34.34339],[-118.35304,34.34325],[-118.35296,34.34303],[-118.35246,34.3427],[-118.35242,34.34252],[-118.35259,34.34216],[-118.35297,34.34198],[-118.35328,34.34206],[-118.35396,34.34259],[-118.3555,34.34284],[-118.35661,34.34353],[-118.3571,34.3433],[-118.35735,34.34335],[-118.35765,34.34385],[-118.35785,34.34392],[-118.35823,34.34384],[-118.35874,34.34331],[-118.35905,34.34312],[-118.3598,34.34297],[-118.36036,34.34306],[-118.36084,34.34331],[-118.36177,34.34419],[-118.36295,34.34442],[-118.36343,34.34497],[-118.36373,34.34517],[-118.36466,34.34554],[-118.36584,34.34576],[-118.36603,34.34641],[-118.36562,34.3477],[-118.36576,34.34794],[-118.36599,34.34807],[-118.36667,34.34814],[-118.36713,34.34809],[-118.36767,34.3478],[-118.36827,34.34708],[-118.36858,34.34686],[-118.36901,34.34673],[-118.36957,34.34675],[-118.37046,34.3471],[-118.37038,34.34803],[-118.37083,34.34844],[-118.37133,34.34852],[-118.37176,34.34843],[-118.37207,34.34825],[-118.37251,34.34768],[-118.37282,34.34758],[-118.37317,34.34777],[-118.37335,34.34836],[-118.37361,34.34868],[-118.37523,34.34957],[-118.37587,34.34965],[-118.37696,34.34955],[-118.37732,34.34966],[-118.37786,34.35015],[-118.37961,34.35098],[-118.38051,34.3518],[-118.38128,34.35276],[-118.38254,34.35351],[-118.38283,34.35352],[-118.38297,34.3532],[-118.3829,34.3529],[-118.38252,34.35226],[-118.3826,34.35198],[-118.38278,34.35191],[-118.3836,34.35199],[-118.38402,34.35248],[-118.38432,34.3536],[-118.38492,34.35439],[-118.38504,34.35483],[-118.38517,34.35497],[-118.3855,34.35506],[-118.38594,34.35482],[-118.38626,34.35484],[-118.38705,34.35533],[-118.38771,34.35616],[-118.38833,34.35735],[-118.38822,34.35761],[-118.38776,34.35801],[-118.38772,34.35821],[-118.38782,34.35839],[-118.38805,34.35848],[-118.38899,34.35843],[-118.39,34.35881],[-118.39031,34.35884],[-118.39055,34.35873],[-118.39074,34.3585],[-118.39079,34.35824],[-118.3907,34.35784],[-118.39079,34.35771],[-118.39111,34.35766],[-118.39163,34.35781],[-118.3925,34.35842],[-118.39299,34.35938],[-118.39309,34.36019]]]}},{"type":"Feature","properties":{"id":"palomar-south-grade","name":"Palomar South Grade \u00b7 S6","difficulty":3,"character":"Technical"},"geometry":{"type":"MultiLineString","coordinates":[[[-116.89025,33.29348],[-116.89007,33.29355],[-116.88998,33.29375],[-116.89026,33.29427],[-116.89021,33.29507],[-116.8903,33.29528],[-116.89075,33.29575],[-116.89143,33.29588],[-116.89153,33.29607],[-116.89148,33.29619],[-116.8911,33.29633],[-116.88934,33.29547],[-116.88906,33.29544],[-116.88885,33.29556],[-116.88888,33.29588],[-116.88912,33.29597],[-116.88944,33.29593],[-116.8898,33.29602],[-116.89003,33.29623],[-116.8901,33.29644],[-116.88993,33.29697],[-116.88962,33.29731],[-116.88923,33.29751],[-116.88881,33.29757],[-116.88686,33.29722],[-116.88662,33.29734],[-116.88657,33.29754],[-116.8867,33.29772],[-116.88729,33.29791],[-116.88764,33.29834],[-116.88795,33.29855],[-116.88982,33.29853],[-116.89,33.29868],[-116.88996,33.29895],[-116.88969,33.29905],[-116.88903,33.29884],[-116.88847,33.299],[-116.88807,33.29933],[-116.88766,33.30004],[-116.88721,33.30024],[-116.88612,33.30038],[-116.88506,33.30021],[-116.88462,33.30029],[-116.8838,33.30067],[-116.88357,33.30068],[-116.88306,33.30049],[-116.88277,33.30066],[-116.88276,33.3009],[-116.883,33.30104],[-116.88398,33.30107],[-116.88485,33.3008],[-116.88507,33.3009],[-116.88511,33.30106],[-116.88493,33.30128],[-116.88439,33.30142],[-116.88272,33.30151],[-116.88252,33.30172],[-116.88266,33.30197],[-116.88459,33.30196],[-116.88572,33.30185],[-116.88707,33.30222],[-116.88739,33.30241],[-116.88743,33.30272],[-116.88721,33.3035],[-116.88771,33.30395],[-116.88768,33.30422],[-116.88729,33.30432],[-116.88626,33.30385],[-116.88614,33.30343],[-116.88647,33.30291],[-116.88638,33.30275],[-116.88614,33.30268],[-116.88587,33.30281],[-116.88577,33.30337],[-116.88541,33.30405],[-116.88559,33.30454],[-116.88686,33.30552],[-116.8869,33.30577],[-116.88673,33.30594],[-116.88644,33.30592],[-116.88552,33.3054],[-116.88528,33.30497],[-116.88486,33.30476],[-116.88448,33.30441],[-116.88375,33.30438],[-116.88326,33.30421],[-116.88283,33.30418],[-116.88179,33.30462],[-116.88158,33.30488],[-116.88142,33.30542],[-116.88084,33.3056],[-116.88019,33.306],[-116.87984,33.3059],[-116.87951,33.3053],[-116.8793,33.30518],[-116.87878,33.30505],[-116.87847,33.30509],[-116.8783,33.30526],[-116.87792,33.30612],[-116.87773,33.30636],[-116.87746,33.30644],[-116.87726,33.30633],[-116.87667,33.30481],[-116.87651,33.30461],[-116.87596,33.30451],[-116.87533,33.30472],[-116.87488,33.30498],[-116.87461,33.30497],[-116.87433,33.3047],[-116.87369,33.30337],[-116.87237,33.30281],[-116.87213,33.3028],[-116.87196,33.30297],[-116.87181,33.30406],[-116.87144,33.30448],[-116.87108,33.30471],[-116.87076,33.30474],[-116.87051,33.30464],[-116.87022,33.30408],[-116.86986,33.30376],[-116.86942,33.30361],[-116.86913,33.30369],[-116.86904,33.30393],[-116.86914,33.30409],[-116.86979,33.30432],[-116.87029,33.30504],[-116.8712,33.30551],[-116.87154,33.3056],[-116.87174,33.30556],[-116.87244,33.30506],[-116.87262,33.30509],[-116.87276,33.30526],[-116.87261,33.30557],[-116.87164,33.30598],[-116.87113,33.306],[-116.8702,33.30577],[-116.87,33.30582],[-116.86988,33.306],[-116.87,33.307],[-116.87026,33.30777],[-116.87044,33.30797],[-116.87072,33.30808],[-116.87111,33.308],[-116.87145,33.30745],[-116.87181,33.3073],[-116.87218,33.30738],[-116.87249,33.30757],[-116.87267,33.30775],[-116.87277,33.30807],[-116.87254,33.30881],[-116.87238,33.30904],[-116.87105,33.30993],[-116.87079,33.31027],[-116.8707,33.31089],[-116.87085,33.31132],[-116.87109,33.31149],[-116.87193,33.3117],[-116.87209,33.31182],[-116.87214,33.31201],[-116.87199,33.31223],[-116.87147,33.31239],[-116.87124,33.31258],[-116.87099,33.31345],[-116.87102,33.3141],[-116.87085,33.31428],[-116.87045,33.31436]]]}},{"type":"Feature","properties":{"id":"palomar-east-grade","name":"Palomar East Grade \u00b7 S7","difficulty":2,"character":"Medium speed"},"geometry":{"type":"MultiLineString","coordinates":[[[-116.78674,33.28038],[-116.78767,33.28164],[-116.79092,33.28428],[-116.79152,33.28447],[-116.79285,33.28454],[-116.7932,33.28463],[-116.79351,33.28485],[-116.79393,33.28569],[-116.79432,33.28588],[-116.79514,33.28591],[-116.7958,33.28629],[-116.79633,33.2867],[-116.79745,33.28793],[-116.79776,33.28809],[-116.79826,33.28804],[-116.79899,33.28759],[-116.79977,33.28726],[-116.80018,33.28688],[-116.80051,33.28632],[-116.80071,33.28623],[-116.80113,33.28621],[-116.80176,33.28649],[-116.80225,33.28712],[-116.80267,33.28731],[-116.80309,33.28724],[-116.80372,33.28686],[-116.8043,33.28695],[-116.80455,33.28722],[-116.8047,33.28799],[-116.80508,33.2886],[-116.80558,33.28878],[-116.80616,33.28869],[-116.80649,33.28876],[-116.80763,33.2901],[-116.80789,33.29026],[-116.80838,33.29035],[-116.80898,33.29016],[-116.81293,33.28701],[-116.81377,33.28672],[-116.81451,33.28666],[-116.81508,33.28671],[-116.81602,33.28702],[-116.81757,33.28783],[-116.81907,33.28864],[-116.82032,33.28953],[-116.82114,33.28995],[-116.82229,33.29014],[-116.82458,33.28997],[-116.8254,33.29006],[-116.82601,33.2903],[-116.8265,33.29064],[-116.82744,33.29175],[-116.82782,33.29209],[-116.82861,33.29257],[-116.82935,33.2927],[-116.82967,33.29265],[-116.83044,33.29232],[-116.83112,33.29237],[-116.83421,33.29369],[-116.8345,33.29391],[-116.8349,33.2946],[-116.83573,33.29501],[-116.8359,33.29532],[-116.83575,33.29618],[-116.83589,33.29673],[-116.83643,33.29766],[-116.83676,33.29794],[-116.83733,33.298],[-116.83775,33.29779],[-116.83802,33.29739],[-116.8381,33.29687],[-116.83847,33.29651],[-116.83904,33.29644],[-116.83962,33.29666],[-116.84007,33.29702],[-116.84066,33.29802],[-116.84094,33.29819],[-116.84164,33.29837],[-116.84203,33.29868],[-116.84273,33.30016],[-116.84284,33.30062],[-116.84279,33.30135],[-116.84307,33.3017],[-116.84349,33.3018],[-116.84431,33.30175],[-116.84586,33.30212],[-116.84625,33.30238],[-116.84652,33.30318],[-116.84683,33.30339],[-116.84708,33.30343],[-116.8478,33.30327],[-116.84818,33.30331],[-116.8485,33.30347],[-116.8493,33.30411],[-116.84969,33.30425],[-116.84995,33.30428],[-116.85071,33.30413],[-116.8512,33.30418],[-116.85157,33.30442],[-116.85194,33.30508],[-116.85242,33.30536],[-116.85291,33.30537],[-116.8535,33.30523],[-116.85405,33.30521],[-116.85452,33.30538],[-116.855,33.30578],[-116.85538,33.30595],[-116.85618,33.306],[-116.85661,33.30614],[-116.85709,33.30656],[-116.85719,33.30718],[-116.85739,33.30753],[-116.85878,33.30809],[-116.85915,33.30845],[-116.85968,33.30937],[-116.86043,33.30992],[-116.86089,33.31047],[-116.86111,33.31061],[-116.86175,33.31077],[-116.86206,33.31101],[-116.86216,33.31119],[-116.86219,33.31177],[-116.86234,33.31204],[-116.86273,33.31221],[-116.86446,33.31234],[-116.86492,33.31262],[-116.86514,33.313]]]}},{"type":"Feature","properties":{"id":"sunrise-highway","name":"Sunrise Highway \u00b7 S1","difficulty":2,"character":"Medium speed"},"geometry":{"type":"MultiLineString","coordinates":[[[-116.51125,32.81014],[-116.509,32.81343],[-116.50882,32.81385],[-116.50862,32.8153],[-116.5088,32.81568],[-116.50968,32.81653],[-116.50982,32.81701],[-116.5098,32.81771],[-116.51009,32.81832],[-116.51017,32.81877],[-116.50995,32.81931],[-116.50898,32.82011],[-116.50849,32.82143],[-116.50829,32.82172],[-116.50768,32.82207],[-116.50608,32.82205],[-116.50536,32.8223],[-116.50499,32.82262],[-116.50475,32.82299],[-116.50433,32.82422],[-116.50377,32.82464],[-116.50201,32.82492],[-116.50038,32.82442],[-116.49986,32.82441],[-116.49828,32.82509],[-116.49692,32.82525],[-116.49649,32.82547],[-116.49613,32.82592],[-116.4953,32.828],[-116.49525,32.82844],[-116.49538,32.82902],[-116.49589,32.82998],[-116.49595,32.83099],[-116.49628,32.83194],[-116.49628,32.83239],[-116.49597,32.83342],[-116.49597,32.83408],[-116.49672,32.83621],[-116.49672,32.83674],[-116.49653,32.83714],[-116.49619,32.83746],[-116.49525,32.83805],[-116.49506,32.83836],[-116.49504,32.83862],[-116.49526,32.83941],[-116.49522,32.84043],[-116.49568,32.84164],[-116.49566,32.84228],[-116.49532,32.84285],[-116.49464,32.84354],[-116.49435,32.84483],[-116.49342,32.84563],[-116.4925,32.84597],[-116.49014,32.84629],[-116.48981,32.84628],[-116.48824,32.84593],[-116.48768,32.84599],[-116.48727,32.84614],[-116.48686,32.84642],[-116.48599,32.84743],[-116.48561,32.849],[-116.48505,32.84964],[-116.48373,32.8503],[-116.48242,32.8516],[-116.48164,32.85209],[-116.48101,32.85224],[-116.47922,32.85234],[-116.47849,32.85258],[-116.47803,32.8529],[-116.47693,32.85424],[-116.47638,32.85465],[-116.47584,32.8549],[-116.47465,32.85521],[-116.47154,32.85563],[-116.47044,32.85557],[-116.46918,32.85524],[-116.46865,32.8552],[-116.46801,32.8553],[-116.46724,32.85559],[-116.46616,32.85637],[-116.46487,32.85688],[-116.46413,32.85742],[-116.46177,32.86143],[-116.46122,32.86191],[-116.46031,32.86218],[-116.45991,32.86218],[-116.45931,32.86205],[-116.45895,32.86186],[-116.4585,32.86148],[-116.45817,32.86074],[-116.45788,32.85866],[-116.45753,32.85791],[-116.45702,32.85745],[-116.45592,32.85681],[-116.45534,32.85631],[-116.45496,32.85582],[-116.45419,32.85415],[-116.4537,32.85347],[-116.45323,32.85303],[-116.45161,32.85196],[-116.451,32.85142],[-116.44862,32.84822],[-116.44637,32.84628],[-116.44582,32.84597],[-116.44322,32.84483],[-116.44249,32.84459],[-116.44163,32.84448],[-116.4406,32.84457],[-116.44009,32.84469],[-116.43952,32.84492],[-116.43881,32.84536],[-116.43737,32.84666],[-116.43636,32.84719],[-116.43579,32.84738],[-116.43443,32.84757],[-116.43236,32.84754],[-116.43132,32.8476],[-116.42645,32.84862],[-116.42584,32.84891],[-116.42525,32.84942],[-116.42422,32.85085],[-116.42318,32.85176],[-116.4228,32.85253],[-116.42271,32.85341],[-116.42319,32.85551],[-116.42311,32.85663],[-116.42271,32.85786],[-116.42188,32.85957],[-116.42053,32.86137],[-116.42031,32.8618],[-116.4202,32.86263],[-116.42054,32.86454],[-116.42039,32.86542],[-116.41936,32.86678],[-116.4185,32.86765],[-116.41601,32.86934],[-116.41575,32.86976],[-116.4157,32.87046],[-116.41741,32.87365],[-116.41817,32.87474],[-116.42496,32.88081],[-116.43677,32.88804],[-116.43797,32.88862],[-116.4387,32.88886],[-116.44126,32.88946],[-116.44299,32.8901],[-116.44403,32.89071],[-116.44614,32.89233],[-116.44734,32.89285],[-116.44806,32.89334],[-116.44854,32.89404],[-116.44895,32.89614],[-116.44978,32.89734],[-116.45022,32.89762],[-116.45066,32.89778],[-116.45196,32.89786],[-116.45241,32.89798],[-116.4529,32.89825],[-116.45333,32.89869],[-116.45539,32.90277],[-116.45877,32.90745],[-116.45999,32.91002],[-116.46067,32.91096],[-116.4619,32.91201],[-116.46501,32.91378],[-116.46559,32.91421],[-116.47717,32.92434],[-116.478,32.92467],[-116.47875,32.92468],[-116.48041,32.92405],[-116.48155,32.92392],[-116.48266,32.92418],[-116.48351,32.92476],[-116.48384,32.92516],[-116.48414,32.92581],[-116.48569,32.93388],[-116.4859,32.93454],[-116.48622,32.93506],[-116.48752,32.93666],[-116.49026,32.94125],[-116.49077,32.94191],[-116.49347,32.94434],[-116.49417,32.94482],[-116.49475,32.94499],[-116.49528,32.94503],[-116.49854,32.94468],[-116.49955,32.94489],[-116.49994,32.94512],[-116.50042,32.94561],[-116.50089,32.94696],[-116.50135,32.94755],[-116.50207,32.94794],[-116.50347,32.94816],[-116.50397,32.94834],[-116.50469,32.94893],[-116.50499,32.94964],[-116.50511,32.95086],[-116.50541,32.95154],[-116.506,32.95219],[-116.50711,32.95303],[-116.5077,32.95389],[-116.50872,32.95816],[-116.50891,32.95856],[-116.51004,32.96],[-116.51322,32.96693],[-116.51336,32.96754],[-116.51352,32.96964],[-116.51381,32.97042],[-116.51767,32.97484],[-116.51839,32.97532],[-116.51971,32.97551],[-116.52036,32.9757],[-116.52148,32.97664],[-116.52374,32.97755],[-116.52589,32.97918],[-116.52641,32.97937],[-116.52764,32.97963],[-116.52877,32.98042],[-116.53017,32.98076],[-116.53088,32.98116],[-116.53255,32.98378],[-116.53303,32.98471],[-116.53311,32.98516],[-116.53295,32.98773],[-116.53302,32.98886],[-116.53348,32.99019],[-116.53383,32.99079],[-116.53445,32.99152],[-116.53571,32.99252],[-116.53819,32.99389],[-116.53941,32.99415],[-116.54178,32.99418],[-116.54279,32.99433],[-116.54417,32.99479],[-116.5453,32.99548],[-116.55534,33.00435],[-116.55878,33.00934],[-116.55925,33.00991],[-116.56009,33.01049],[-116.56121,33.01092]]]}},{"type":"Feature","properties":{"id":"cuyamaca-79","name":"Highway 79 \u00b7 Cuyamaca","difficulty":2,"character":"Medium speed"},"geometry":{"type":"MultiLineString","coordinates":[[[-116.61301,32.84117],[-116.61242,32.84162],[-116.61176,32.84186],[-116.61115,32.84192],[-116.60972,32.8417],[-116.60892,32.84174],[-116.60288,32.8432],[-116.60199,32.84356],[-116.60124,32.84416],[-116.59906,32.84781],[-116.59449,32.85248],[-116.59499,32.85295],[-116.59523,32.85333],[-116.59543,32.85426],[-116.59529,32.85482],[-116.59456,32.85567],[-116.59438,32.85607],[-116.59431,32.85682],[-116.5945,32.85846],[-116.59435,32.85945],[-116.5931,32.86237],[-116.59239,32.86316],[-116.59206,32.86369],[-116.592,32.86409],[-116.59213,32.86494],[-116.59209,32.86531],[-116.59166,32.86611],[-116.59142,32.86686],[-116.58963,32.87032],[-116.58917,32.87209],[-116.58914,32.87288],[-116.58901,32.87327],[-116.58819,32.87454],[-116.58781,32.87549],[-116.58754,32.87569],[-116.58696,32.8758],[-116.58672,32.87593],[-116.58623,32.87659],[-116.58581,32.87685],[-116.58544,32.87728],[-116.58522,32.8778],[-116.58451,32.87843],[-116.5845,32.87871],[-116.58486,32.87986],[-116.58478,32.88035],[-116.58454,32.88053],[-116.58425,32.88054],[-116.58353,32.88018],[-116.58299,32.87967],[-116.5827,32.8796],[-116.58224,32.87969],[-116.58056,32.88093],[-116.57985,32.8816],[-116.57768,32.88277],[-116.5764,32.88303],[-116.57598,32.88319],[-116.57513,32.88417],[-116.57485,32.88473],[-116.57484,32.88527],[-116.5757,32.88739],[-116.57601,32.88919],[-116.57646,32.89068],[-116.5775,32.89245],[-116.57857,32.89402],[-116.57918,32.89625],[-116.57945,32.89676],[-116.58018,32.89762],[-116.58046,32.8982],[-116.58065,32.89916],[-116.58062,32.90057],[-116.58047,32.90124],[-116.58004,32.90219],[-116.58078,32.90428],[-116.58062,32.90527],[-116.5804,32.9057],[-116.57957,32.90676],[-116.57929,32.90749],[-116.57874,32.90815],[-116.57748,32.90885],[-116.57557,32.90918],[-116.57486,32.90971],[-116.57459,32.91016],[-116.57322,32.91346],[-116.57295,32.91383],[-116.57185,32.91484],[-116.57154,32.9153],[-116.57146,32.91567],[-116.57158,32.91694],[-116.57123,32.91786],[-116.56417,32.92494],[-116.56368,32.92625],[-116.56348,32.92777],[-116.56264,32.93105],[-116.56272,32.93187],[-116.56261,32.93468],[-116.56365,32.93795],[-116.56421,32.93875],[-116.56576,32.93997],[-116.56693,32.94165],[-116.56734,32.9427],[-116.56835,32.94352],[-116.56992,32.9454],[-116.57059,32.94597],[-116.57142,32.94735],[-116.57201,32.94782],[-116.57241,32.94833],[-116.57271,32.94847],[-116.5735,32.94834],[-116.57446,32.94764],[-116.57502,32.94751],[-116.57555,32.94754],[-116.57613,32.94789],[-116.57658,32.948],[-116.57712,32.94808],[-116.57813,32.94806],[-116.5783,32.94814],[-116.57828,32.94837],[-116.5776,32.94911],[-116.57731,32.94978],[-116.57659,32.95054],[-116.57638,32.95135],[-116.57696,32.95214],[-116.57683,32.95256],[-116.57688,32.95273],[-116.57792,32.95326],[-116.57787,32.9534],[-116.57746,32.95356],[-116.5772,32.95383],[-116.57709,32.95426],[-116.57715,32.95459],[-116.57739,32.95499],[-116.57822,32.9555],[-116.57826,32.95575],[-116.57805,32.9564],[-116.5781,32.95671],[-116.57846,32.95725],[-116.57901,32.9576],[-116.57912,32.95778],[-116.57907,32.95868],[-116.57929,32.96171],[-116.57983,32.96401],[-116.57967,32.96458],[-116.58019,32.96602],[-116.5801,32.96659],[-116.58022,32.96754],[-116.58011,32.96803],[-116.57979,32.96849],[-116.57932,32.96872],[-116.57836,32.96883],[-116.57732,32.96971],[-116.5771,32.97078],[-116.57727,32.97205],[-116.57691,32.97311],[-116.57689,32.97346],[-116.57718,32.97424],[-116.57783,32.9749],[-116.57837,32.97602],[-116.57868,32.97639],[-116.57932,32.97656],[-116.58152,32.97652],[-116.58187,32.97672],[-116.58189,32.9771],[-116.58096,32.97904],[-116.58115,32.98058],[-116.58078,32.98163],[-116.58098,32.98222],[-116.58175,32.98326],[-116.58223,32.98496],[-116.58241,32.98527],[-116.58332,32.9862],[-116.58371,32.98694],[-116.58436,32.9876],[-116.58479,32.98783],[-116.58577,32.988],[-116.58698,32.98858],[-116.58834,32.98985],[-116.5885,32.99056],[-116.58832,32.99108],[-116.58804,32.99142],[-116.58754,32.99172],[-116.5871,32.99183],[-116.58106,32.99112],[-116.57964,32.99063],[-116.57938,32.99066],[-116.57866,32.99111],[-116.57831,32.99117],[-116.57786,32.99113],[-116.57691,32.99077],[-116.57646,32.99073],[-116.57608,32.99088],[-116.57541,32.99142],[-116.57437,32.99169],[-116.57354,32.99252],[-116.57241,32.99291],[-116.5717,32.99404],[-116.56683,32.9989],[-116.56654,32.9993],[-116.56568,33.0014],[-116.56451,33.00237],[-116.56372,33.00783],[-116.56351,33.00821],[-116.56134,33.01073],[-116.56111,33.01127],[-116.56119,33.01246],[-116.56164,33.01407],[-116.56246,33.01553],[-116.56255,33.01592],[-116.56234,33.01724],[-116.56128,33.0187],[-116.56114,33.02013],[-116.56117,33.0221],[-116.56208,33.02496],[-116.56232,33.02627],[-116.56287,33.02724],[-116.5629,33.02753],[-116.56253,33.02861],[-116.5626,33.02889],[-116.56309,33.02969],[-116.56315,33.03019],[-116.56311,33.03055],[-116.56296,33.03079],[-116.56207,33.03124],[-116.56159,33.03162],[-116.56148,33.03181],[-116.56145,33.03231],[-116.56161,33.03278],[-116.56214,33.03347],[-116.56275,33.03382],[-116.56301,33.03407],[-116.56345,33.03506],[-116.56325,33.0354],[-116.56257,33.03569],[-116.5622,33.03629],[-116.56219,33.03648],[-116.56236,33.03671],[-116.56318,33.03724],[-116.56332,33.03826],[-116.56394,33.03872],[-116.56441,33.03887],[-116.56556,33.0386],[-116.56592,33.03858],[-116.56709,33.03915],[-116.56785,33.0398],[-116.56792,33.04],[-116.56786,33.04023],[-116.56709,33.04078],[-116.56688,33.04171],[-116.56663,33.04211],[-116.5662,33.04241],[-116.56595,33.04294],[-116.56595,33.04311],[-116.56623,33.04366],[-116.56631,33.04444],[-116.56648,33.04484],[-116.56664,33.04506],[-116.56721,33.04542],[-116.56761,33.04633],[-116.56793,33.04656],[-116.5688,33.04691],[-116.56921,33.04727],[-116.56941,33.04765],[-116.56976,33.04904],[-116.57006,33.04949],[-116.57222,33.05094],[-116.573,33.05166],[-116.57472,33.05444],[-116.57603,33.05634],[-116.57803,33.05866],[-116.57888,33.06079],[-116.5794,33.06154],[-116.58324,33.06544],[-116.58437,33.06634],[-116.59765,33.0739],[-116.59815,33.07441],[-116.59846,33.07498],[-116.59861,33.07552],[-116.59865,33.07643]]]}},{"type":"Feature","properties":{"id":"banner-grade","name":"Banner Grade \u00b7 SR 78","difficulty":3,"character":"Technical"},"geometry":{"type":"MultiLineString","coordinates":[[[-116.59865,33.07643],[-116.59138,33.07654],[-116.59078,33.07667],[-116.5903,33.07695],[-116.59001,33.07732],[-116.58988,33.07779],[-116.58984,33.07902],[-116.58923,33.08011],[-116.58922,33.08043],[-116.58949,33.0815],[-116.58924,33.08211],[-116.58925,33.08231],[-116.58981,33.0832],[-116.59009,33.08426],[-116.59065,33.08563],[-116.59171,33.08666],[-116.59174,33.08754],[-116.5919,33.08784],[-116.59219,33.08798],[-116.59397,33.08816],[-116.59439,33.08828],[-116.59462,33.08854],[-116.5948,33.08944],[-116.59499,33.08974],[-116.59657,33.09096],[-116.59679,33.09134],[-116.59667,33.09181],[-116.59604,33.09232],[-116.59573,33.09272],[-116.59546,33.09379],[-116.59493,33.09432],[-116.59475,33.0951],[-116.59404,33.09612],[-116.59378,33.09749],[-116.59348,33.09764],[-116.59267,33.09761],[-116.59225,33.09747],[-116.59057,33.09659],[-116.58942,33.09581],[-116.58907,33.09575],[-116.58844,33.09591],[-116.58812,33.09585],[-116.58772,33.09504],[-116.58744,33.09469],[-116.58698,33.09449],[-116.58605,33.09437],[-116.58525,33.09396],[-116.58447,33.09384],[-116.58414,33.09371],[-116.58345,33.09318],[-116.58297,33.09267],[-116.5828,33.09206],[-116.58178,33.09175],[-116.58132,33.0913],[-116.58026,33.09077],[-116.57964,33.08991],[-116.57915,33.08953],[-116.5791,33.08883],[-116.57898,33.08864],[-116.57689,33.08683],[-116.57566,33.08648],[-116.57474,33.08578],[-116.57465,33.08535],[-116.5752,33.08477],[-116.5752,33.08461],[-116.57504,33.08441],[-116.57413,33.084],[-116.57352,33.08396],[-116.57257,33.08372],[-116.57212,33.08339],[-116.5718,33.0829],[-116.57171,33.08257],[-116.57204,33.08158],[-116.57253,33.08084],[-116.57241,33.08042],[-116.57191,33.08029],[-116.5712,33.08044],[-116.57024,33.08048],[-116.56948,33.07999],[-116.56926,33.08006],[-116.56872,33.08049],[-116.56841,33.08058],[-116.56809,33.08054],[-116.56762,33.08021],[-116.56681,33.07936],[-116.56637,33.07869],[-116.56535,33.0782],[-116.56499,33.07791],[-116.56471,33.07739],[-116.56474,33.07692],[-116.56453,33.07668],[-116.56303,33.07667],[-116.56225,33.0765],[-116.56195,33.07623],[-116.56127,33.07507],[-116.56023,33.07509],[-116.56005,33.0749],[-116.55989,33.07444],[-116.55962,33.07428],[-116.55901,33.07457],[-116.55859,33.07456],[-116.55832,33.07431],[-116.55818,33.07369],[-116.55762,33.07315],[-116.55707,33.07293],[-116.55611,33.07308],[-116.55581,33.073],[-116.55544,33.07221],[-116.55522,33.0721],[-116.55459,33.07205],[-116.55433,33.07165],[-116.55386,33.07141],[-116.55367,33.07091],[-116.55292,33.07082],[-116.55216,33.07035],[-116.55192,33.06999],[-116.55204,33.06963],[-116.55273,33.06943],[-116.55299,33.06877],[-116.55364,33.0682],[-116.55362,33.06654],[-116.55349,33.06635],[-116.55322,33.06631],[-116.55301,33.06647],[-116.55276,33.06712],[-116.55229,33.06771],[-116.55139,33.06819],[-116.54971,33.06816],[-116.5485,33.06727],[-116.54816,33.06718],[-116.54788,33.06728],[-116.54735,33.06814],[-116.54674,33.06879],[-116.54431,33.07076],[-116.54395,33.0709],[-116.54334,33.07085],[-116.54301,33.07091],[-116.54224,33.0714],[-116.5411,33.072],[-116.54011,33.07238],[-116.53888,33.0731],[-116.53798,33.07401],[-116.53455,33.07608],[-116.53302,33.07775],[-116.53207,33.07833],[-116.48125,33.09449],[-116.47534,33.09677]]]}},{"type":"Feature","properties":{"id":"montezuma-grade","name":"Montezuma Valley Road \u00b7 S22","difficulty":3,"character":"Technical"},"geometry":{"type":"MultiLineString","coordinates":[[[-116.60477,33.21978],[-116.60333,33.22039],[-116.6013,33.22057],[-116.60035,33.22051],[-116.59756,33.22012],[-116.59621,33.2198],[-116.59533,33.21945],[-116.59319,33.21808],[-116.59174,33.21735],[-116.59032,33.21697],[-116.58927,33.21687],[-116.58588,33.21682],[-116.58469,33.2169],[-116.58314,33.21727],[-116.58085,33.21822],[-116.57991,33.21851],[-116.57828,33.21875],[-116.57666,33.21867],[-116.57469,33.21818],[-116.57357,33.21774],[-116.56601,33.21317],[-116.56471,33.21265],[-116.56351,33.21243],[-116.56234,33.21242],[-116.56135,33.21257],[-116.55851,33.21324],[-116.55666,33.21341],[-116.55582,33.21338],[-116.55305,33.21308],[-116.55137,33.21277],[-116.54547,33.21086],[-116.54366,33.21044],[-116.54229,33.21028],[-116.49182,33.21051],[-116.48613,33.21102],[-116.48434,33.21093],[-116.47961,33.20999],[-116.47906,33.21017],[-116.4787,33.21063],[-116.47867,33.21091],[-116.47887,33.21165],[-116.47865,33.21222],[-116.47782,33.21306],[-116.4771,33.21346],[-116.47562,33.21379],[-116.47352,33.2145],[-116.47223,33.21471],[-116.47131,33.21455],[-116.47042,33.214],[-116.47007,33.21388],[-116.4696,33.21388],[-116.46877,33.21429],[-116.46826,33.2144],[-116.46737,33.21434],[-116.4663,33.21411],[-116.46567,33.21423],[-116.46545,33.21436],[-116.46511,33.21478],[-116.46493,33.21531],[-116.465,33.21577],[-116.46557,33.21668],[-116.46572,33.21715],[-116.46558,33.21771],[-116.46528,33.21804],[-116.46305,33.21947],[-116.46198,33.21993],[-116.45821,33.22058],[-116.45724,33.22064],[-116.45575,33.22045],[-116.45444,33.21987],[-116.45382,33.21935],[-116.4529,33.21828],[-116.45233,33.21777],[-116.45135,33.21715],[-116.451,33.21681],[-116.45086,33.21625],[-116.45093,33.21597],[-116.45127,33.21553],[-116.4519,33.21524],[-116.45285,33.21522],[-116.45366,33.21499],[-116.45413,33.21464],[-116.45451,33.21391],[-116.45442,33.21331],[-116.45329,33.2108],[-116.45298,33.2104],[-116.45224,33.20993],[-116.45142,33.20972],[-116.45097,33.20973],[-116.44767,33.21019],[-116.44691,33.21044],[-116.44594,33.21122],[-116.44502,33.21146],[-116.44447,33.21141],[-116.44365,33.21109],[-116.44314,33.21103],[-116.44161,33.21137],[-116.43971,33.21149],[-116.43503,33.21061],[-116.4335,33.21063],[-116.43235,33.21079],[-116.43185,33.21063],[-116.43136,33.2103],[-116.43095,33.21029],[-116.43038,33.21057],[-116.43002,33.21099],[-116.43001,33.21147],[-116.43029,33.21205],[-116.43012,33.21245],[-116.42828,33.2131],[-116.42723,33.21383],[-116.42675,33.21392],[-116.42627,33.21381],[-116.42423,33.21286],[-116.42391,33.21293],[-116.42371,33.21316],[-116.42379,33.21359],[-116.4243,33.2141],[-116.42488,33.2145],[-116.42509,33.21482],[-116.42506,33.21537],[-116.42449,33.21742],[-116.42425,33.21792],[-116.42321,33.21869],[-116.42272,33.21943],[-116.42232,33.21961],[-116.4217,33.21969],[-116.42134,33.2199],[-116.42092,33.22087],[-116.42043,33.2214],[-116.42036,33.2216],[-116.42038,33.22178],[-116.4206,33.2221],[-116.42247,33.22337],[-116.42301,33.22361],[-116.42399,33.22374],[-116.42435,33.22388],[-116.42453,33.22418],[-116.42438,33.22453],[-116.42397,33.2249],[-116.4236,33.22508],[-116.42177,33.22547],[-116.42108,33.2253],[-116.41949,33.22509],[-116.41914,33.2251],[-116.41831,33.22531],[-116.41781,33.2253],[-116.41729,33.22511],[-116.41662,33.22459],[-116.41604,33.22448],[-116.41574,33.2246],[-116.41501,33.22544],[-116.41464,33.22568],[-116.4143,33.22573],[-116.41324,33.22562],[-116.41259,33.22587],[-116.41216,33.22642],[-116.41202,33.22803],[-116.41079,33.22954],[-116.41085,33.22996],[-116.41157,33.23052],[-116.41176,33.23093],[-116.41163,33.23124],[-116.41077,33.23178],[-116.41038,33.23221],[-116.41048,33.23266],[-116.41117,33.23318],[-116.41132,33.2335],[-116.41111,33.23381],[-116.41051,33.23398],[-116.41024,33.23416],[-116.41015,33.23457],[-116.41041,33.23522],[-116.41031,33.23551],[-116.41002,33.23572],[-116.4098,33.23576],[-116.40893,33.23559],[-116.40839,33.23587],[-116.40821,33.23619],[-116.40833,33.23704],[-116.4081,33.23747],[-116.40762,33.23748],[-116.40671,33.23701],[-116.40636,33.23716],[-116.4062,33.23745],[-116.4065,33.23818],[-116.40636,33.23845],[-116.406,33.23855],[-116.40404,33.23857],[-116.40354,33.23874],[-116.40325,33.239],[-116.403,33.23957],[-116.40317,33.24069],[-116.40356,33.24109],[-116.40383,33.24121],[-116.40496,33.24148],[-116.40522,33.24173],[-116.4053,33.24215],[-116.40517,33.2424],[-116.4049,33.24257],[-116.40199,33.24354],[-116.40163,33.24381],[-116.40147,33.24434],[-116.40166,33.24474],[-116.40355,33.24666],[-116.40582,33.24867],[-116.40609,33.24915],[-116.40613,33.24967],[-116.40579,33.25035],[-116.40531,33.25071],[-116.40092,33.25211],[-116.4004,33.25238],[-116.39989,33.25284],[-116.3995,33.25351],[-116.39941,33.25399],[-116.39943,33.25647],[-116.37622,33.25657],[-116.37565,33.25681]]]}},{"type":"Feature","properties":{"id":"mesa-grande","name":"Mesa Grande Road","difficulty":3,"character":"Technical"},"geometry":{"type":"MultiLineString","coordinates":[[[-116.67931,33.13644],[-116.68089,33.1368],[-116.68137,33.13701],[-116.68387,33.13976],[-116.6915,33.14681],[-116.69273,33.14764],[-116.69559,33.1506],[-116.69584,33.15064],[-116.69632,33.15055],[-116.69651,33.15041],[-116.69653,33.15022],[-116.69619,33.14963],[-116.69617,33.14934],[-116.69626,33.14916],[-116.69744,33.14828],[-116.69857,33.14768],[-116.69868,33.14748],[-116.69868,33.14697],[-116.69891,33.14681],[-116.69965,33.14706],[-116.70065,33.14714],[-116.7009,33.14736],[-116.701,33.14764],[-116.70129,33.14779],[-116.70222,33.14751],[-116.70278,33.14754],[-116.70331,33.14735],[-116.70373,33.14732],[-116.70419,33.14743],[-116.70479,33.14789],[-116.70586,33.14835],[-116.70709,33.14852],[-116.70801,33.14889],[-116.7087,33.14942],[-116.70987,33.1507],[-116.71142,33.15276],[-116.71539,33.15483],[-116.71622,33.15606],[-116.71801,33.15833],[-116.71873,33.15886],[-116.72001,33.15933],[-116.72283,33.15995],[-116.72681,33.16198],[-116.73267,33.16359],[-116.73463,33.16425],[-116.73587,33.1649],[-116.73759,33.16606],[-116.739,33.16739],[-116.74149,33.16893],[-116.74309,33.16974],[-116.74531,33.17059],[-116.7459,33.17073],[-116.74757,33.17084],[-116.75231,33.17093],[-116.75625,33.17199],[-116.75944,33.17219],[-116.76341,33.17395],[-116.76392,33.17433],[-116.77148,33.18216],[-116.77193,33.18236],[-116.7737,33.18237],[-116.77449,33.18265],[-116.7763,33.1844],[-116.77802,33.18636],[-116.77824,33.18682],[-116.77816,33.18775],[-116.7783,33.18839],[-116.77861,33.1889],[-116.77962,33.18986],[-116.77981,33.19022],[-116.78,33.19226],[-116.77969,33.1925],[-116.77926,33.19264],[-116.77831,33.19258],[-116.77775,33.19314],[-116.7772,33.1934],[-116.77612,33.19338],[-116.77501,33.19315],[-116.77492,33.19326],[-116.77495,33.19391],[-116.77442,33.19422],[-116.77399,33.1942],[-116.77355,33.19407],[-116.77316,33.19348],[-116.77295,33.19348],[-116.77264,33.1939],[-116.77284,33.19463],[-116.77246,33.19521],[-116.77254,33.19604],[-116.77205,33.19662],[-116.77166,33.19677],[-116.77057,33.19692],[-116.76892,33.19702],[-116.76776,33.19742],[-116.76599,33.19736],[-116.76495,33.19773],[-116.76423,33.19785],[-116.76315,33.19792],[-116.76116,33.19786],[-116.75879,33.19829],[-116.75864,33.1985],[-116.75865,33.19927],[-116.75748,33.20053],[-116.75712,33.20078],[-116.75647,33.20101],[-116.75518,33.20214],[-116.75503,33.2028],[-116.7549,33.20296],[-116.7536,33.20361],[-116.75283,33.20468],[-116.75161,33.20583],[-116.74878,33.207],[-116.74779,33.20794],[-116.74675,33.20817],[-116.74535,33.20799],[-116.74493,33.20814],[-116.74454,33.20816],[-116.74418,33.20802],[-116.74396,33.20759],[-116.74381,33.20749],[-116.74298,33.2074],[-116.74249,33.20775],[-116.74219,33.20775],[-116.74128,33.20742],[-116.74052,33.20739],[-116.73946,33.20669],[-116.73934,33.20681],[-116.73939,33.20749],[-116.73892,33.208],[-116.73922,33.20848],[-116.73901,33.20911],[-116.7389,33.2092],[-116.73689,33.20893],[-116.7364,33.20843],[-116.73588,33.20862],[-116.73522,33.20858],[-116.73472,33.20874],[-116.73461,33.20894],[-116.73462,33.20945],[-116.73475,33.20977],[-116.73495,33.2099],[-116.73517,33.20987],[-116.73553,33.20933],[-116.73573,33.20927],[-116.73641,33.20978],[-116.73724,33.20994],[-116.73794,33.21035],[-116.73881,33.21037],[-116.73956,33.21029],[-116.73953,33.21046],[-116.73894,33.21085],[-116.73833,33.21164],[-116.73932,33.21308],[-116.7395,33.21351],[-116.73943,33.21379]]]}},{"type":"Feature","properties":{"id":"highland-valley","name":"Highland Valley Road","difficulty":2,"character":"Medium speed"},"geometry":{"type":"MultiLineString","coordinates":[[[-117.0672,33.05287],[-117.06685,33.05301],[-117.06566,33.05305],[-117.0647,33.05368],[-117.06408,33.05386],[-117.06157,33.05394],[-117.05924,33.05365],[-117.05805,33.05341],[-117.05627,33.05263],[-117.05447,33.0524],[-117.0528,33.05201],[-117.05127,33.05139],[-117.04999,33.05136],[-117.04768,33.05157],[-117.04602,33.05126],[-117.04538,33.05125],[-117.04276,33.05239],[-117.04144,33.05236],[-117.03998,33.05254],[-117.03943,33.0527],[-117.03772,33.05388],[-117.03586,33.05551],[-117.03505,33.05642],[-117.03434,33.05662],[-117.03297,33.05669],[-117.03118,33.05771],[-117.03071,33.05817],[-117.0304,33.05871],[-117.0301,33.06161],[-117.02998,33.0619],[-117.02956,33.06214],[-117.02811,33.06203],[-117.02773,33.06212],[-117.02749,33.06234],[-117.02742,33.06285],[-117.02719,33.06318],[-117.02714,33.06348],[-117.02699,33.06361],[-117.02681,33.0636],[-117.02444,33.06254],[-117.02326,33.06255],[-117.02258,33.06306],[-117.02235,33.06343],[-117.02222,33.06349],[-117.02197,33.06345],[-117.02154,33.06316],[-117.02078,33.06283],[-117.0206,33.06294],[-117.02035,33.06359],[-117.0202,33.06374],[-117.01797,33.06507],[-117.01674,33.06531],[-117.01486,33.06547],[-117.01458,33.06567],[-117.01438,33.06618],[-117.01401,33.06639],[-117.00047,33.06623],[-117.00026,33.06635],[-116.99985,33.06717],[-116.99966,33.06734],[-116.99926,33.06747],[-116.99828,33.0676],[-116.99677,33.06824],[-116.99467,33.06787],[-116.99397,33.06739],[-116.99321,33.06718],[-116.9922,33.06736],[-116.99132,33.06711],[-116.98379,33.067],[-116.98344,33.06679],[-116.98287,33.0658],[-116.98235,33.06538],[-116.98229,33.06448],[-116.98209,33.06381],[-116.98152,33.06351],[-116.9808,33.0634],[-116.98059,33.06327],[-116.98025,33.0627],[-116.98001,33.06254],[-116.97889,33.06251],[-116.97861,33.0624],[-116.97748,33.06136],[-116.97655,33.06099],[-116.9761,33.06043],[-116.97367,33.05896],[-116.97346,33.05873],[-116.97307,33.05795],[-116.97263,33.0576],[-116.9715,33.05708],[-116.97121,33.05679],[-116.97083,33.05606],[-116.97086,33.05526],[-116.97039,33.05437],[-116.97042,33.05378],[-116.97011,33.05183],[-116.97017,33.0512],[-116.97054,33.05042],[-116.97066,33.04869],[-116.97106,33.04743],[-116.97124,33.04716],[-116.97146,33.04695],[-116.97194,33.04671],[-116.97243,33.046],[-116.9737,33.04516],[-116.97413,33.04443],[-116.97398,33.04418],[-116.97314,33.04394],[-116.97256,33.04337],[-116.97168,33.04305],[-116.97148,33.04287],[-116.97123,33.04222],[-116.97136,33.04166],[-116.97197,33.04108],[-116.97239,33.04038],[-116.9723,33.04024],[-116.9718,33.04007],[-116.97109,33.03962],[-116.97094,33.0394],[-116.97133,33.03874],[-116.97101,33.03846],[-116.97154,33.03765],[-116.97154,33.03744],[-116.97135,33.03713],[-116.97149,33.03702],[-116.97213,33.03695],[-116.97298,33.03641],[-116.97352,33.03644],[-116.97361,33.03631],[-116.97362,33.03573],[-116.97392,33.03512],[-116.97374,33.03432],[-116.97408,33.03253],[-116.97403,33.03194],[-116.97371,33.03135],[-116.97286,33.03054],[-116.97213,33.03011],[-116.97154,33.02991],[-116.9709,33.02981],[-116.96969,33.02979],[-116.96892,33.03],[-116.96741,33.03077],[-116.96597,33.03111],[-116.96489,33.03186],[-116.96448,33.03205],[-116.96311,33.03218],[-116.96164,33.03268],[-116.95959,33.03308],[-116.95583,33.0332],[-116.95525,33.03304],[-116.95488,33.03276],[-116.9539,33.03311],[-116.95321,33.03316],[-116.93616,33.03291],[-116.93607,33.02774],[-116.93587,33.02733],[-116.93485,33.02696],[-116.92667,33.02274],[-116.92137,33.01826],[-116.92094,33.01807],[-116.91914,33.01769],[-116.91529,33.01761],[-116.91436,33.01738],[-116.91101,33.01556],[-116.91024,33.01505],[-116.90857,33.01317]]]}},{"type":"Feature","properties":{"id":"couser-canyon","name":"Couser Canyon Road","difficulty":3,"character":"Technical"},"geometry":{"type":"MultiLineString","coordinates":[[[-117.0853,33.29844],[-117.08569,33.29881],[-117.08654,33.30003],[-117.08675,33.30071],[-117.08731,33.3011],[-117.08788,33.30129],[-117.08924,33.30218],[-117.08969,33.30262],[-117.09179,33.3057],[-117.09197,33.30732],[-117.0921,33.30756],[-117.09299,33.30825],[-117.09397,33.30837],[-117.09445,33.30856],[-117.09486,33.30899],[-117.09528,33.30896],[-117.09562,33.30918],[-117.09601,33.31041],[-117.09619,33.31062],[-117.09657,33.31083],[-117.09682,33.31148],[-117.09726,33.31177],[-117.09792,33.3127],[-117.09829,33.31295],[-117.09858,33.31356],[-117.09851,33.31423],[-117.09925,33.3152],[-117.09932,33.31569],[-117.09977,33.316],[-117.09981,33.31655],[-117.10038,33.31712],[-117.10076,33.31777],[-117.10172,33.31875],[-117.10251,33.32094],[-117.10318,33.32163],[-117.10398,33.32377],[-117.10474,33.32452],[-117.10568,33.32494],[-117.10631,33.32538],[-117.10696,33.32528],[-117.10729,33.32533],[-117.1081,33.32633],[-117.10946,33.32694],[-117.10991,33.32692],[-117.11082,33.32667],[-117.11141,33.32693],[-117.11162,33.32692],[-117.11193,33.32657],[-117.11193,33.32613],[-117.11221,33.32603],[-117.11279,33.32648],[-117.11301,33.32646],[-117.11339,33.32619],[-117.11389,33.32642],[-117.1144,33.3265],[-117.11535,33.32694],[-117.11583,33.32687],[-117.11626,33.32724],[-117.11674,33.32722],[-117.11712,33.32744],[-117.11746,33.3275],[-117.11798,33.32796],[-117.11816,33.32797],[-117.11858,33.32778],[-117.1188,33.3278],[-117.11894,33.32792],[-117.119,33.32841],[-117.11938,33.32863],[-117.11965,33.32892],[-117.12026,33.32909],[-117.12036,33.3295],[-117.12051,33.32968],[-117.12108,33.32992],[-117.12154,33.32999],[-117.12188,33.33023],[-117.12225,33.33029],[-117.12244,33.33021],[-117.12302,33.32952],[-117.12352,33.32948],[-117.12383,33.32957],[-117.12432,33.3299],[-117.12493,33.33057],[-117.12504,33.33101],[-117.12492,33.33167],[-117.12517,33.3323],[-117.12574,33.33265],[-117.12671,33.33374],[-117.12695,33.3338],[-117.12768,33.33375],[-117.12866,33.33411],[-117.12966,33.33376],[-117.12991,33.33376],[-117.13067,33.33441],[-117.13124,33.33472],[-117.13132,33.33815],[-117.13123,33.34338],[-117.13131,33.34362]]]}},{"type":"Feature","properties":{"id":"rim-of-the-world","name":"Rim of the World Highway \u00b7 SR 18","difficulty":2,"character":"Medium speed"},"geometry":{"type":"MultiLineString","coordinates":[[[-117.07847,34.21397],[-117.07679,34.21541],[-117.07641,34.21584],[-117.07587,34.21614],[-117.07497,34.21701],[-117.07356,34.21803],[-117.07181,34.21913],[-117.07107,34.21982],[-117.07023,34.22032],[-117.069,34.2207],[-117.06808,34.22145],[-117.06703,34.22155],[-117.06587,34.22205],[-117.06547,34.22239],[-117.06523,34.22303],[-117.06505,34.22324],[-117.06467,34.22332],[-117.06417,34.22325],[-117.06389,34.22334],[-117.06343,34.22377],[-117.06317,34.22432],[-117.06257,34.22436],[-117.0622,34.22478],[-117.06198,34.22486],[-117.06112,34.22435],[-117.06031,34.2244],[-117.05953,34.22478],[-117.05912,34.22516],[-117.05841,34.22504],[-117.0577,34.22531],[-117.05745,34.22547],[-117.05693,34.22605],[-117.05655,34.22623],[-117.05626,34.2262],[-117.05604,34.22602],[-117.05586,34.22517],[-117.05599,34.22497],[-117.0567,34.2245],[-117.05687,34.22315],[-117.05756,34.22229],[-117.05753,34.22197],[-117.05713,34.22154],[-117.0572,34.22076],[-117.05713,34.22045],[-117.05679,34.22016],[-117.05561,34.22021],[-117.05376,34.2199],[-117.05282,34.22],[-117.05148,34.22077],[-117.04982,34.22102],[-117.0487,34.22146],[-117.04664,34.2216],[-117.04578,34.22181],[-117.04272,34.22304],[-117.04186,34.224],[-117.04118,34.22446],[-117.03698,34.22549],[-117.03615,34.22555],[-117.033,34.22531],[-117.03247,34.22507],[-117.03174,34.22437],[-117.03076,34.22411],[-117.029,34.22401],[-117.0272,34.22416],[-117.0268,34.2243],[-117.02598,34.22498],[-117.02582,34.22522],[-117.02588,34.22578],[-117.02608,34.22621],[-117.02641,34.22653],[-117.02672,34.22661],[-117.02773,34.22661],[-117.0288,34.22627],[-117.02923,34.22638],[-117.02953,34.22692],[-117.02923,34.22787],[-117.02924,34.22809],[-117.02986,34.22875],[-117.02993,34.229],[-117.02976,34.22931],[-117.02898,34.22979],[-117.02802,34.23007],[-117.02766,34.23026],[-117.02669,34.23114],[-117.02683,34.23189],[-117.0266,34.23281],[-117.0269,34.23339],[-117.02706,34.23458],[-117.02753,34.23569],[-117.02715,34.23642],[-117.02599,34.23715],[-117.02589,34.23742],[-117.02611,34.23763],[-117.02715,34.23793],[-117.02736,34.23822],[-117.02748,34.23868],[-117.0278,34.23896],[-117.02835,34.239],[-117.02896,34.23873],[-117.02939,34.23868],[-117.03067,34.2392],[-117.03086,34.23942],[-117.03093,34.23972],[-117.03039,34.24084],[-117.03055,34.24168],[-117.02948,34.24303],[-117.02905,34.24326],[-117.02849,34.24329],[-117.02827,34.2434],[-117.02801,34.24456],[-117.02776,34.24494],[-117.02749,34.245],[-117.02607,34.24462],[-117.02575,34.24461],[-117.02551,34.2447],[-117.0253,34.24492],[-117.02501,34.24572],[-117.02476,34.24604],[-117.02447,34.24615],[-117.02356,34.24615],[-117.02316,34.24627],[-117.02261,34.247],[-117.02256,34.24781],[-117.02157,34.24863],[-117.02124,34.2492],[-117.02114,34.24974],[-117.02097,34.25005],[-117.02055,34.25032],[-117.01975,34.25042],[-117.01864,34.25096],[-117.01815,34.25099],[-117.01762,34.25075],[-117.0174,34.25046],[-117.01701,34.24893],[-117.0163,34.24841],[-117.01594,34.24832],[-117.01555,34.24838],[-117.01524,34.24855],[-117.0149,34.24923],[-117.01448,34.24965],[-117.01419,34.25012],[-117.01296,34.25093],[-117.0125,34.25107],[-117.01197,34.25103],[-117.01149,34.25077],[-117.0105,34.24901],[-117.0103,34.24884],[-117.01001,34.24876],[-117.00875,34.24892],[-117.0073,34.24864],[-117.00677,34.24866],[-117.00628,34.24883],[-117.00558,34.24932],[-117.0044,34.24984],[-117.00397,34.24996],[-117.00339,34.24994],[-117.003,34.24976],[-117.00264,34.24946],[-117.00248,34.24903],[-117.00239,34.2478],[-117.00218,34.24752],[-117.00175,34.24735],[-116.99985,34.24784],[-116.99819,34.24794],[-116.99789,34.24825],[-116.99714,34.25011],[-116.99685,34.25033],[-116.99631,34.25039],[-116.99593,34.25024],[-116.99454,34.24929],[-116.99374,34.24737],[-116.99318,34.24646],[-116.99288,34.24623],[-116.99242,34.2462],[-116.99091,34.2465],[-116.99056,34.24679],[-116.99034,34.24759],[-116.98995,34.24804],[-116.98942,34.24826],[-116.98881,34.24822],[-116.9877,34.24758],[-116.9859,34.24713],[-116.98536,34.24618],[-116.98459,34.24512],[-116.9841,34.24485],[-116.98252,34.24445],[-116.982,34.24389],[-116.98137,34.24352],[-116.98086,34.24256],[-116.98061,34.24233],[-116.98031,34.24225],[-116.97905,34.24218],[-116.97809,34.24197]]]}},{"type":"Feature","properties":{"id":"san-jacinto-243","name":"Banning\u2013Idyllwild Panoramic Highway \u00b7 SR 243","difficulty":3,"character":"Technical"},"geometry":{"type":"MultiLineString","coordinates":[[[-116.87667,33.91198],[-116.87633,33.91108],[-116.87441,33.90846],[-116.87402,33.90765],[-116.8726,33.90652],[-116.8722,33.90641],[-116.87187,33.90643],[-116.8704,33.90712],[-116.86973,33.90725],[-116.8694,33.90721],[-116.86848,33.90686],[-116.86773,33.90641],[-116.86727,33.90629],[-116.86679,33.90639],[-116.86607,33.9067],[-116.86544,33.90675],[-116.86321,33.90612],[-116.86221,33.90613],[-116.86176,33.90605],[-116.86136,33.90571],[-116.86103,33.9052],[-116.86067,33.90492],[-116.85971,33.90448],[-116.85888,33.9043],[-116.85855,33.90412],[-116.85838,33.90372],[-116.85871,33.9029],[-116.85862,33.90246],[-116.85789,33.90198],[-116.85741,33.90147],[-116.85673,33.90103],[-116.85601,33.90041],[-116.85518,33.90006],[-116.85487,33.89973],[-116.85488,33.89908],[-116.85517,33.89876],[-116.8555,33.89861],[-116.85633,33.89861],[-116.85676,33.89879],[-116.8571,33.89925],[-116.85722,33.90005],[-116.85758,33.90048],[-116.85806,33.90075],[-116.85907,33.90096],[-116.85964,33.90119],[-116.86054,33.90176],[-116.8612,33.90187],[-116.86295,33.90164],[-116.86348,33.90166],[-116.8646,33.90213],[-116.86566,33.90217],[-116.86769,33.90278],[-116.86802,33.90273],[-116.86834,33.90253],[-116.86866,33.90198],[-116.86892,33.90173],[-116.86997,33.90152],[-116.8705,33.90123],[-116.87067,33.90075],[-116.8705,33.9003],[-116.87017,33.90006],[-116.86941,33.89978],[-116.86898,33.89976],[-116.86855,33.89988],[-116.86819,33.90028],[-116.86817,33.90099],[-116.86806,33.90128],[-116.86782,33.90152],[-116.8673,33.90163],[-116.86693,33.90153],[-116.86526,33.90063],[-116.86465,33.89993],[-116.86411,33.89963],[-116.86365,33.89956],[-116.86229,33.89966],[-116.86159,33.8994],[-116.86109,33.89878],[-116.86089,33.89809],[-116.86046,33.89736],[-116.86033,33.89638],[-116.86004,33.89579],[-116.85996,33.89531],[-116.86024,33.89435],[-116.86025,33.89373],[-116.86043,33.89339],[-116.8608,33.89318],[-116.86199,33.89287],[-116.86257,33.8923],[-116.86268,33.89163],[-116.86259,33.89121],[-116.86237,33.89088],[-116.86171,33.89047],[-116.86055,33.89011],[-116.85924,33.8894],[-116.85869,33.88948],[-116.85838,33.88976],[-116.85807,33.89025],[-116.8576,33.89042],[-116.85641,33.89012],[-116.85513,33.89024],[-116.85454,33.89005],[-116.85427,33.8897],[-116.85407,33.88863],[-116.85414,33.88832],[-116.85435,33.88812],[-116.85461,33.88799],[-116.85498,33.88796],[-116.85606,33.88828],[-116.85658,33.88832],[-116.85711,33.88819],[-116.85755,33.88773],[-116.85757,33.88728],[-116.85721,33.88665],[-116.85692,33.88549],[-116.85672,33.88522],[-116.85622,33.88488],[-116.8547,33.88484],[-116.85413,33.88466],[-116.8537,33.88439],[-116.85264,33.88289],[-116.85179,33.88198],[-116.85112,33.88102],[-116.8508,33.88077],[-116.85019,33.8806],[-116.84925,33.88065],[-116.84824,33.88045],[-116.84725,33.88063],[-116.84675,33.88056],[-116.84471,33.87977],[-116.84305,33.87878],[-116.84255,33.87836],[-116.84226,33.8777],[-116.8419,33.87502],[-116.84162,33.87454],[-116.83993,33.87274],[-116.83965,33.87231],[-116.83964,33.87175],[-116.84036,33.87082],[-116.84047,33.87034],[-116.84035,33.86989],[-116.83989,33.86921],[-116.83942,33.86739],[-116.839,33.86674],[-116.83737,33.86531],[-116.83693,33.86449],[-116.83685,33.86369],[-116.83702,33.86293],[-116.83832,33.86092],[-116.83854,33.86043],[-116.83845,33.85976],[-116.83804,33.85926],[-116.83648,33.85815],[-116.83398,33.85588],[-116.83219,33.85493],[-116.83159,33.85404],[-116.83015,33.853],[-116.8292,33.85205],[-116.82871,33.85186],[-116.82759,33.85188],[-116.82684,33.85169],[-116.82639,33.85138],[-116.82586,33.85049],[-116.82536,33.85017],[-116.82473,33.8501],[-116.82331,33.85024],[-116.82265,33.84998],[-116.82239,33.84963],[-116.82222,33.84891],[-116.82198,33.84864],[-116.82024,33.84793],[-116.81981,33.84757],[-116.81962,33.84697],[-116.81967,33.84624],[-116.81951,33.84599],[-116.81897,33.84567],[-116.81733,33.84533],[-116.81661,33.84502],[-116.81628,33.84465],[-116.81562,33.84334],[-116.81512,33.84297],[-116.81406,33.84274],[-116.81378,33.84259],[-116.81348,33.84225],[-116.81329,33.84167],[-116.81303,33.84135],[-116.81241,33.84113],[-116.81208,33.84115],[-116.81125,33.84146],[-116.81084,33.84143],[-116.81046,33.84125],[-116.81018,33.8409],[-116.81014,33.84054],[-116.81023,33.84029],[-116.81067,33.83975],[-116.81073,33.83918],[-116.81048,33.83885],[-116.80927,33.83821],[-116.80908,33.83797],[-116.80868,33.83699],[-116.80816,33.83653],[-116.8076,33.83627],[-116.80317,33.83525],[-116.80209,33.8349],[-116.80088,33.83423],[-116.79651,33.83117],[-116.79627,33.83084],[-116.79612,33.83021],[-116.7963,33.82884],[-116.79623,33.82822],[-116.79362,33.82312],[-116.79401,33.82218],[-116.79405,33.82189],[-116.79393,33.82157],[-116.79351,33.82122],[-116.79274,33.82091],[-116.79159,33.8208],[-116.79108,33.82057],[-116.79037,33.82001],[-116.78931,33.81942],[-116.78897,33.81886],[-116.78892,33.81856],[-116.78906,33.81807],[-116.79006,33.81709],[-116.79025,33.81677],[-116.79028,33.81637],[-116.79009,33.8159],[-116.78937,33.81508],[-116.78922,33.81368],[-116.78793,33.8121],[-116.7879,33.8116],[-116.78854,33.81051],[-116.78862,33.80991],[-116.78854,33.80949],[-116.7872,33.80579],[-116.78679,33.80522],[-116.78622,33.80469],[-116.78517,33.80422],[-116.78415,33.80406],[-116.78128,33.8043],[-116.78063,33.80394],[-116.78046,33.80369],[-116.78038,33.8033],[-116.78066,33.80224],[-116.78038,33.80137],[-116.77943,33.79927],[-116.77862,33.79844],[-116.77807,33.79752],[-116.7777,33.79729],[-116.77731,33.79719],[-116.77588,33.7973],[-116.77462,33.79672],[-116.77368,33.79664],[-116.77316,33.79683],[-116.76807,33.79984],[-116.76725,33.7999],[-116.76633,33.79953],[-116.76581,33.79944],[-116.76524,33.79953],[-116.7646,33.79983],[-116.76415,33.79988],[-116.76367,33.79972],[-116.7629,33.79878],[-116.76218,33.79836],[-116.76046,33.79812],[-116.75789,33.79675],[-116.75733,33.79662],[-116.75547,33.79649],[-116.7541,33.79617],[-116.75364,33.79618],[-116.75253,33.79645],[-116.75161,33.79642],[-116.75124,33.79648],[-116.75088,33.79668],[-116.75053,33.79701],[-116.7502,33.79806],[-116.74982,33.79865],[-116.7493,33.79892],[-116.74853,33.79887],[-116.74799,33.79856],[-116.7473,33.79751],[-116.74699,33.79679],[-116.74626,33.79613],[-116.74617,33.79541],[-116.74597,33.79495],[-116.74568,33.79471],[-116.74526,33.7946],[-116.7444,33.79483],[-116.74371,33.79552],[-116.74285,33.79607],[-116.74241,33.79666],[-116.74209,33.79692],[-116.74152,33.79702],[-116.74111,33.79682],[-116.74093,33.79639],[-116.74099,33.79615],[-116.74187,33.79548],[-116.74239,33.79482],[-116.74314,33.7942],[-116.74338,33.79369],[-116.74349,33.79282],[-116.74367,33.7925],[-116.74515,33.79143],[-116.7455,33.79139],[-116.74643,33.79163],[-116.74783,33.79159],[-116.74822,33.79146],[-116.74897,33.791],[-116.74993,33.79065],[-116.7502,33.79041],[-116.75036,33.7901],[-116.75025,33.78936],[-116.75031,33.78912],[-116.75049,33.78888],[-116.75161,33.78804],[-116.75191,33.78752],[-116.75202,33.78687],[-116.75187,33.78637],[-116.75112,33.78575],[-116.75083,33.78527],[-116.75092,33.78487],[-116.7514,33.7843],[-116.75154,33.78377],[-116.75142,33.78337],[-116.75109,33.78302],[-116.75067,33.78287],[-116.74962,33.78274],[-116.74902,33.78252],[-116.74695,33.78051],[-116.74383,33.77878],[-116.74338,33.77868],[-116.74301,33.77871],[-116.74186,33.77921],[-116.74126,33.77931],[-116.74049,33.7792],[-116.7398,33.77881],[-116.73928,33.77824],[-116.73877,33.77788],[-116.73791,33.7775],[-116.73662,33.77717],[-116.73628,33.77699],[-116.73611,33.77674],[-116.73612,33.77645],[-116.73639,33.77609],[-116.73752,33.77567],[-116.73897,33.77485],[-116.73944,33.77435],[-116.73962,33.77397],[-116.73981,33.7728],[-116.74046,33.77193],[-116.74091,33.77043],[-116.74077,33.76934],[-116.74091,33.76842],[-116.74054,33.7674],[-116.74055,33.76683],[-116.7404,33.76639],[-116.73981,33.76573],[-116.7382,33.76497],[-116.73794,33.76473],[-116.73775,33.76435],[-116.73777,33.76112],[-116.73816,33.75996],[-116.73886,33.75889],[-116.73887,33.75851],[-116.73787,33.75704],[-116.73723,33.7559],[-116.73674,33.75563],[-116.736,33.75552],[-116.73553,33.75536],[-116.73526,33.75512],[-116.73513,33.75484],[-116.7352,33.7544],[-116.73593,33.75302],[-116.736,33.75258],[-116.73581,33.75197],[-116.73493,33.75092],[-116.73486,33.75023],[-116.73508,33.74973],[-116.73554,33.74933],[-116.73598,33.74915],[-116.73709,33.74904]]]}},{"type":"Feature","properties":{"id":"ojai-33","name":"Highway 33 \u00b7 Ojai","difficulty":3,"character":"Technical"},"geometry":{"type":"MultiLineString","coordinates":[[[-119.2609,34.44141],[-119.26129,34.44171],[-119.26179,34.44189],[-119.26442,34.44229],[-119.267,34.44292],[-119.26834,34.44357],[-119.26924,34.44433],[-119.27012,34.44557],[-119.27206,34.44987],[-119.27259,34.45086],[-119.273,34.45131],[-119.27342,34.45161],[-119.27524,34.45239],[-119.276,34.45283],[-119.27664,34.45351],[-119.27787,34.4551],[-119.27826,34.45596],[-119.27832,34.45824],[-119.27916,34.46032],[-119.27961,34.46071],[-119.28432,34.46357],[-119.28486,34.46414],[-119.28587,34.46703],[-119.2874,34.46913],[-119.28765,34.47091],[-119.2879,34.47128],[-119.28927,34.47258],[-119.28954,34.47299],[-119.2899,34.47386],[-119.29017,34.47523],[-119.29099,34.47682],[-119.29106,34.47732],[-119.29058,34.48052],[-119.29072,34.48121],[-119.29112,34.48188],[-119.29175,34.48243],[-119.29269,34.48287],[-119.29581,34.48342],[-119.29635,34.4836],[-119.29676,34.48392],[-119.29767,34.485],[-119.29843,34.48543],[-119.29913,34.48553],[-119.30053,34.48543],[-119.30271,34.48547],[-119.30327,34.48561],[-119.30369,34.48583],[-119.30445,34.48667],[-119.30519,34.48726],[-119.30543,34.48759],[-119.30563,34.48935],[-119.30545,34.49018],[-119.30611,34.49121],[-119.30642,34.49251],[-119.30641,34.49296],[-119.30552,34.49505],[-119.30512,34.49553],[-119.30425,34.49596],[-119.30186,34.49657],[-119.30115,34.4971],[-119.30108,34.49744],[-119.30146,34.49844],[-119.30133,34.49961],[-119.30018,34.50103],[-119.29876,34.502],[-119.29821,34.50268],[-119.29725,34.50421],[-119.29717,34.50462],[-119.29733,34.50526],[-119.29718,34.50562],[-119.29601,34.50619],[-119.29546,34.50697],[-119.29504,34.50731],[-119.29454,34.50742],[-119.29344,34.50738],[-119.29182,34.50801],[-119.28952,34.50801],[-119.28832,34.50863],[-119.28794,34.50873],[-119.2875,34.50872],[-119.28655,34.5085],[-119.28613,34.50852],[-119.28522,34.50899],[-119.28447,34.50908],[-119.28389,34.50882],[-119.28362,34.50844],[-119.28358,34.508],[-119.28395,34.50699],[-119.28376,34.50653],[-119.28348,34.50631],[-119.28251,34.50604],[-119.28149,34.50552],[-119.28116,34.50552],[-119.28014,34.50573],[-119.27843,34.50539],[-119.27785,34.50568],[-119.27736,34.50627],[-119.27473,34.50852],[-119.27458,34.50887],[-119.2746,34.50904],[-119.27497,34.50955],[-119.27509,34.50995],[-119.27495,34.51062],[-119.27138,34.51438],[-119.27079,34.51552],[-119.27077,34.51631],[-119.27102,34.51915],[-119.27119,34.51968],[-119.2716,34.52018],[-119.27192,34.5204],[-119.27252,34.52063],[-119.27301,34.52071],[-119.27363,34.52065],[-119.27425,34.5204],[-119.27701,34.51868],[-119.2775,34.51823],[-119.27765,34.51794],[-119.27757,34.51649],[-119.27765,34.51611],[-119.278,34.51565],[-119.27843,34.51538],[-119.27925,34.5152],[-119.28067,34.51553],[-119.28129,34.51551],[-119.28154,34.51538],[-119.28203,34.51478],[-119.28252,34.5146],[-119.28317,34.51481],[-119.28338,34.51511],[-119.28338,34.51539],[-119.28319,34.51575],[-119.28183,34.51651],[-119.28158,34.51683],[-119.28161,34.51741],[-119.2822,34.51814],[-119.28207,34.51857],[-119.28154,34.51879],[-119.28065,34.51849],[-119.27992,34.51863],[-119.279,34.51976],[-119.27866,34.52087],[-119.27843,34.52107],[-119.27777,34.52132],[-119.2774,34.52162],[-119.27725,34.52237],[-119.27706,34.52262],[-119.27682,34.52275],[-119.27475,34.52328],[-119.2742,34.52408],[-119.27346,34.52461],[-119.27309,34.52559],[-119.27268,34.52581],[-119.27147,34.52592],[-119.271,34.52623],[-119.2707,34.52697],[-119.2708,34.52796],[-119.2704,34.52842],[-119.27024,34.5288],[-119.27029,34.52912],[-119.2706,34.52969],[-119.27054,34.52996],[-119.27039,34.5301],[-119.26997,34.5302],[-119.26953,34.53007],[-119.26881,34.53011],[-119.2684,34.53],[-119.26817,34.5298],[-119.26787,34.52885],[-119.26769,34.52863],[-119.26715,34.52837],[-119.26655,34.52843],[-119.26556,34.52904],[-119.2653,34.52929],[-119.26515,34.52967],[-119.26523,34.53032],[-119.26508,34.53061],[-119.26395,34.53099],[-119.26353,34.53167],[-119.26324,34.53189],[-119.26235,34.53203],[-119.26197,34.53221],[-119.26171,34.53251],[-119.26159,34.5332],[-119.26137,34.5335],[-119.26104,34.53364],[-119.26018,34.53373],[-119.25956,34.53398],[-119.25826,34.53459],[-119.25719,34.53541],[-119.25635,34.53573],[-119.25537,34.53579],[-119.25282,34.5355],[-119.2519,34.53575],[-119.25143,34.53576],[-119.24942,34.53482],[-119.24875,34.53471],[-119.24816,34.53492],[-119.24701,34.5362],[-119.24572,34.53699],[-119.24542,34.53707],[-119.24511,34.53704],[-119.24461,34.53672],[-119.24449,34.53641],[-119.24464,34.53603],[-119.24487,34.53586],[-119.24558,34.53558],[-119.24582,34.53534],[-119.2463,34.53335],[-119.24664,34.53282],[-119.24715,34.53238],[-119.24792,34.53204],[-119.24835,34.53194],[-119.2493,34.53189],[-119.25033,34.53153],[-119.2507,34.53151],[-119.25167,34.53168],[-119.25204,34.53161],[-119.25234,34.53142],[-119.25264,34.53086],[-119.25263,34.53041],[-119.25228,34.53002],[-119.25175,34.52989],[-119.24873,34.53057],[-119.24781,34.53118],[-119.24686,34.53137],[-119.24534,34.53188],[-119.24495,34.53212],[-119.24447,34.53274],[-119.24278,34.53342],[-119.24144,34.53345],[-119.23694,34.53491],[-119.23608,34.53498],[-119.23522,34.53491],[-119.2346,34.53513],[-119.23435,34.53545],[-119.23432,34.53598],[-119.23447,34.53626],[-119.23507,34.53687],[-119.23522,34.5373],[-119.23508,34.53772],[-119.23448,34.53822],[-119.23427,34.53852],[-119.23424,34.53887],[-119.23441,34.53914],[-119.23475,34.53932],[-119.23568,34.5395],[-119.23764,34.54042],[-119.2382,34.54049],[-119.23903,34.54041],[-119.23948,34.54049],[-119.24098,34.54122],[-119.24129,34.5415],[-119.24142,34.54178],[-119.24136,34.54236],[-119.24093,34.543],[-119.23903,34.54423],[-119.23852,34.54484],[-119.238,34.54576],[-119.23743,34.54629],[-119.23711,34.54721],[-119.23726,34.54797],[-119.23756,34.54845],[-119.23919,34.55021],[-119.24151,34.55198],[-119.24175,34.55243],[-119.24194,34.5533],[-119.24213,34.55356],[-119.24241,34.55376],[-119.24283,34.55389],[-119.2442,34.55395],[-119.24474,34.55414],[-119.24516,34.55455],[-119.24591,34.55586],[-119.24633,34.55621],[-119.24676,34.5564],[-119.25072,34.55679],[-119.25611,34.55691],[-119.25697,34.5567],[-119.25989,34.55559],[-119.26066,34.5555],[-119.26483,34.55539],[-119.26556,34.55542],[-119.26645,34.55567],[-119.26703,34.55599],[-119.26763,34.55654],[-119.26797,34.55716],[-119.26845,34.55856],[-119.26853,34.55912],[-119.26841,34.55964],[-119.26816,34.56001],[-119.26772,34.56031],[-119.26559,34.56099],[-119.26503,34.56146],[-119.26476,34.56213],[-119.2649,34.56325],[-119.26466,34.56425],[-119.25904,34.57159],[-119.25881,34.57207],[-119.25877,34.57264],[-119.25931,34.57387],[-119.25928,34.57462],[-119.25899,34.57509],[-119.2576,34.57652],[-119.25724,34.57709],[-119.25741,34.57757],[-119.25813,34.57843],[-119.25902,34.57975],[-119.26032,34.58056],[-119.26043,34.58082],[-119.26042,34.58177],[-119.2606,34.5822],[-119.26211,34.58401],[-119.26294,34.58471],[-119.2636,34.58486],[-119.26469,34.58474],[-119.2652,34.58458],[-119.26592,34.58419],[-119.26659,34.58412],[-119.2672,34.5843],[-119.26814,34.58496],[-119.26853,34.58501],[-119.26902,34.5848],[-119.26956,34.58422],[-119.27,34.58357],[-119.2704,34.58334],[-119.271,34.58332],[-119.27222,34.58369],[-119.27305,34.58375],[-119.27351,34.58395],[-119.27385,34.58426],[-119.27442,34.58603],[-119.27462,34.58629],[-119.27498,34.5865],[-119.27658,34.58678],[-119.27744,34.58655],[-119.27792,34.58655],[-119.27887,34.58691],[-119.28007,34.58716],[-119.28119,34.58768],[-119.28221,34.58779],[-119.28251,34.58794],[-119.28273,34.5882],[-119.28279,34.5893],[-119.28315,34.58971],[-119.28367,34.58987],[-119.28554,34.58997],[-119.2861,34.59007],[-119.28655,34.59034],[-119.28728,34.59115],[-119.28765,34.59131],[-119.28836,34.59131],[-119.29089,34.59034],[-119.29175,34.59031],[-119.29231,34.59041],[-119.29303,34.59071],[-119.29413,34.59167],[-119.29499,34.59209],[-119.29563,34.59217],[-119.29823,34.59198],[-119.29918,34.5921],[-119.29983,34.59235],[-119.30042,34.5928],[-119.30091,34.59351],[-119.30115,34.59446],[-119.30138,34.59484],[-119.30158,34.59502],[-119.30208,34.59521],[-119.30279,34.59515],[-119.3046,34.59431],[-119.30544,34.59422],[-119.30646,34.5945],[-119.3079,34.59549],[-119.30828,34.5956],[-119.30872,34.59561],[-119.30944,34.59538],[-119.31032,34.59472],[-119.31081,34.59446],[-119.31172,34.59424],[-119.31389,34.59393],[-119.31475,34.59409],[-119.31664,34.59513],[-119.31706,34.59522],[-119.31872,34.59528],[-119.3193,34.59546],[-119.32064,34.59615],[-119.3217,34.5964],[-119.32258,34.5964],[-119.32627,34.59576],[-119.32728,34.5958],[-119.32913,34.59644],[-119.33599,34.59931],[-119.33665,34.5999],[-119.3386,34.60226],[-119.33921,34.60268],[-119.33999,34.60295],[-119.34082,34.60298],[-119.34151,34.6028],[-119.34211,34.60243],[-119.34333,34.60136],[-119.34538,34.60043],[-119.34672,34.60032],[-119.34746,34.60046],[-119.34844,34.60089],[-119.34884,34.6012],[-119.35259,34.60551],[-119.3534,34.60609],[-119.35462,34.60653],[-119.35537,34.60668],[-119.35769,34.60619],[-119.35934,34.60609],[-119.36038,34.60615],[-119.3613,34.60657],[-119.36225,34.60741],[-119.36258,34.6076],[-119.36306,34.60776],[-119.36454,34.60803],[-119.3653,34.60838],[-119.36573,34.6087],[-119.36745,34.61052],[-119.3686,34.61227],[-119.36941,34.6133],[-119.36997,34.61375],[-119.37117,34.61436],[-119.37163,34.61474],[-119.37203,34.61534],[-119.37219,34.61583],[-119.37202,34.61763],[-119.37247,34.61934],[-119.3725,34.62026],[-119.37235,34.6209],[-119.37189,34.62215],[-119.37156,34.62271],[-119.37139,34.62335],[-119.37134,34.62415],[-119.37186,34.62561],[-119.37205,34.6277],[-119.37184,34.62868],[-119.37134,34.62961],[-119.37128,34.63023],[-119.37143,34.63071],[-119.37211,34.63186],[-119.37275,34.63501],[-119.37278,34.63608],[-119.37296,34.63656],[-119.3734,34.63726],[-119.37337,34.63769],[-119.37299,34.63849],[-119.3731,34.63906],[-119.37335,34.6395],[-119.37431,34.64021],[-119.37469,34.64066],[-119.37712,34.64467],[-119.37728,34.64525],[-119.37707,34.64592],[-119.37641,34.64645],[-119.37578,34.64662],[-119.37418,34.64667],[-119.37373,34.64684],[-119.37331,34.64731],[-119.37332,34.64782],[-119.37362,34.64826],[-119.37385,34.64842],[-119.37541,34.64905],[-119.3759,34.64916],[-119.37638,34.64913],[-119.37808,34.64866],[-119.3797,34.64887],[-119.38035,34.64887],[-119.3835,34.64834],[-119.38423,34.64836],[-119.38485,34.64858],[-119.38522,34.6489],[-119.38545,34.64935],[-119.38551,34.64997],[-119.38532,34.65048],[-119.38488,34.65103],[-119.38433,34.65127],[-119.38307,34.65131],[-119.38257,34.65147],[-119.38123,34.6526],[-119.38047,34.65346],[-119.3804,34.65409],[-119.38066,34.65449],[-119.38116,34.65478],[-119.38247,34.65518],[-119.3831,34.65608],[-119.38302,34.65651],[-119.38216,34.65707],[-119.38163,34.65798],[-119.3813,34.65816],[-119.38057,34.65826],[-119.37955,34.6586],[-119.37917,34.65851],[-119.37849,34.65798],[-119.37794,34.65795],[-119.37748,34.65817],[-119.3762,34.65933],[-119.3757,34.66053],[-119.37498,34.66124],[-119.37481,34.66168],[-119.37483,34.66208],[-119.37512,34.66307],[-119.37588,34.66366],[-119.37606,34.66393],[-119.37605,34.66422],[-119.37588,34.6644],[-119.37532,34.66468],[-119.37484,34.66467],[-119.37457,34.66452],[-119.3742,34.66406],[-119.37326,34.66385],[-119.37297,34.66366],[-119.37243,34.66268],[-119.37235,34.66174],[-119.37186,34.66036],[-119.37153,34.66015],[-119.37116,34.66015],[-119.37091,34.6603],[-119.3708,34.6606],[-119.3713,34.66146],[-119.37108,34.66225],[-119.37108,34.66311],[-119.37071,34.66414],[-119.37142,34.66601],[-119.3714,34.66629],[-119.37123,34.66648],[-119.37086,34.66665],[-119.36866,34.66651],[-119.36821,34.66655],[-119.36767,34.66671],[-119.36605,34.66751],[-119.36555,34.66766],[-119.36488,34.66762],[-119.36438,34.66744],[-119.36378,34.66706],[-119.36308,34.66692],[-119.36261,34.6671],[-119.36208,34.66758],[-119.36202,34.66823],[-119.36218,34.66863],[-119.36281,34.66929],[-119.36337,34.66955],[-119.36431,34.66966],[-119.3658,34.66966],[-119.36875,34.66938],[-119.37019,34.66932],[-119.37215,34.66985],[-119.37283,34.67023],[-119.37297,34.67049],[-119.37297,34.67089],[-119.37223,34.67215],[-119.37158,34.67369],[-119.37153,34.67436],[-119.37162,34.6756],[-119.37138,34.67698],[-119.37104,34.67785],[-119.3707,34.67811],[-119.37037,34.67819],[-119.3666,34.67811],[-119.36385,34.67841],[-119.36001,34.67823],[-119.35913,34.67835],[-119.35847,34.6786],[-119.35811,34.67876],[-119.35755,34.6792],[-119.35566,34.6812],[-119.35536,34.68164],[-119.35504,34.6826],[-119.35499,34.68507],[-119.35522,34.68576],[-119.3555,34.68624],[-119.35589,34.6867],[-119.35655,34.68721],[-119.35735,34.68758],[-119.36054,34.68867],[-119.3621,34.68956],[-119.36418,34.69149],[-119.36973,34.697],[-119.37113,34.69796],[-119.37372,34.69942],[-119.37432,34.69992],[-119.37463,34.70049],[-119.37615,34.70507],[-119.37668,34.70629],[-119.38223,34.71538],[-119.38353,34.71864],[-119.38402,34.71957]]]}}]}
