{"type":"FeatureCollection","features":[{"type":"Feature","properties":{"id":"page-mill","name":"Page Mill Road","difficulty":3,"character":"Technical"},"geometry":{"type":"MultiLineString","coordinates":[[[-122.18727,37.31498],[-122.18657,37.31489],[-122.18617,37.31498],[-122.18547,37.31547],[-122.18551,37.31576],[-122.186,37.31628],[-122.1869,37.31662],[-122.18769,37.31758],[-122.18805,37.3183],[-122.1883,37.31838],[-122.18877,37.31832],[-122.18902,37.31843],[-122.18907,37.31881],[-122.18931,37.31925],[-122.18862,37.31968],[-122.18855,37.31981],[-122.18853,37.32015],[-122.18883,37.3206],[-122.18878,37.32087],[-122.18778,37.32248],[-122.18757,37.32267],[-122.18678,37.32295],[-122.18672,37.32335],[-122.18638,37.32369],[-122.18631,37.32405],[-122.18654,37.32509],[-122.18636,37.32543],[-122.18549,37.32559],[-122.1849,37.32591],[-122.18386,37.32582],[-122.18343,37.32586],[-122.18283,37.32632],[-122.18249,37.3264],[-122.18036,37.32597],[-122.17921,37.32602],[-122.17683,37.32581],[-122.17572,37.32536],[-122.17492,37.32516],[-122.17378,37.32472],[-122.1728,37.32511],[-122.17235,37.32591],[-122.17202,37.3276],[-122.17261,37.32773],[-122.17277,37.32805],[-122.17269,37.32828],[-122.17231,37.3286],[-122.17239,37.32893],[-122.17225,37.32935],[-122.1724,37.32953],[-122.173,37.32973],[-122.17314,37.32998],[-122.17304,37.33035],[-122.17245,37.33045],[-122.17239,37.33066],[-122.17282,37.33123],[-122.1736,37.33183],[-122.1736,37.3325],[-122.17391,37.33294],[-122.17445,37.33315],[-122.17596,37.33321],[-122.17626,37.33334],[-122.1766,37.33391],[-122.17682,37.33452],[-122.17664,37.33606],[-122.17688,37.33629],[-122.17788,37.3366],[-122.17817,37.33694],[-122.17842,37.33751],[-122.17837,37.33802],[-122.17798,37.33918],[-122.17736,37.33955],[-122.17705,37.34],[-122.17615,37.34045],[-122.17637,37.34144],[-122.17628,37.34193],[-122.17636,37.34224],[-122.17611,37.34266],[-122.17639,37.34284],[-122.17678,37.34293],[-122.17705,37.34318],[-122.17792,37.3434],[-122.17889,37.3442],[-122.17938,37.3443],[-122.17981,37.3449],[-122.18042,37.34508],[-122.1807,37.3456],[-122.18065,37.34572],[-122.18042,37.34576],[-122.17988,37.34548],[-122.17827,37.3454],[-122.17757,37.34525],[-122.17723,37.34534],[-122.17679,37.34579],[-122.1763,37.34581],[-122.17582,37.34602],[-122.17588,37.34646],[-122.17574,37.34686],[-122.17583,37.34714],[-122.17546,37.34774],[-122.17572,37.34821],[-122.17522,37.34854],[-122.17504,37.34883],[-122.1755,37.3498],[-122.17544,37.3503],[-122.17534,37.35041],[-122.17523,37.35038],[-122.175,37.34992],[-122.17487,37.34985],[-122.17464,37.34994],[-122.17431,37.35063],[-122.17449,37.35163],[-122.17445,37.35185],[-122.17424,37.35198],[-122.17357,37.35201],[-122.17309,37.35151],[-122.17299,37.35109],[-122.17282,37.35112],[-122.17275,37.3514],[-122.17295,37.35183],[-122.17304,37.35246],[-122.17297,37.35298],[-122.17365,37.35368],[-122.17382,37.35431],[-122.17374,37.35447],[-122.17317,37.35488],[-122.17244,37.35527],[-122.17222,37.35592],[-122.17241,37.3561],[-122.17315,37.35614],[-122.17325,37.35626],[-122.17324,37.35674],[-122.17382,37.35695],[-122.17408,37.35714],[-122.17417,37.35741],[-122.17377,37.35783],[-122.17385,37.35817],[-122.1743,37.35838],[-122.17476,37.35835],[-122.17536,37.35845],[-122.17558,37.35867],[-122.17559,37.35894],[-122.17518,37.35977],[-122.17446,37.36043],[-122.17361,37.36064],[-122.17293,37.36113],[-122.17263,37.36116],[-122.17213,37.36095],[-122.17157,37.36091],[-122.1712,37.36077],[-122.17023,37.36075],[-122.16997,37.36092],[-122.16982,37.36132],[-122.17012,37.36212],[-122.17038,37.36225],[-122.17169,37.36254],[-122.17189,37.3627],[-122.17187,37.36288],[-122.17169,37.36298],[-122.17144,37.36298],[-122.16964,37.36281],[-122.16909,37.36293],[-122.16881,37.36323],[-122.16873,37.364],[-122.16783,37.36427],[-122.16746,37.36456],[-122.1674,37.36525],[-122.16704,37.3659],[-122.16712,37.36616],[-122.16798,37.36673],[-122.1688,37.36701],[-122.16894,37.36744],[-122.1688,37.36814],[-122.16929,37.36854],[-122.16962,37.3693],[-122.16949,37.36993],[-122.16932,37.37014],[-122.16899,37.3703],[-122.16882,37.37079],[-122.16834,37.37116],[-122.16888,37.37155],[-122.16883,37.37202],[-122.16861,37.37236],[-122.16791,37.37274],[-122.16586,37.37286],[-122.16641,37.37374],[-122.16673,37.37468],[-122.16674,37.37573],[-122.16634,37.37648],[-122.1644,37.37667],[-122.16355,37.37697],[-122.16241,37.3768],[-122.16204,37.37709],[-122.162,37.37807],[-122.16237,37.37883],[-122.16394,37.38027],[-122.16487,37.3808],[-122.16554,37.3814],[-122.16562,37.38159],[-122.16551,37.38226],[-122.16622,37.38375],[-122.16616,37.38413],[-122.1653,37.38566],[-122.16423,37.38688],[-122.16403,37.38723],[-122.16361,37.38948]],[[-122.16391,37.38767],[-122.16356,37.38885]]]}},{"type":"Feature","properties":{"id":"west-alpine","name":"West Alpine Road","difficulty":3,"character":"Technical"},"geometry":{"type":"MultiLineString","coordinates":[[[-122.26509,37.29991],[-122.26438,37.29934],[-122.26359,37.29899],[-122.26287,37.29854],[-122.26187,37.29751],[-122.26165,37.29739],[-122.26078,37.2974],[-122.26001,37.29687],[-122.25949,37.29687],[-122.25909,37.29698],[-122.25844,37.29677],[-122.2582,37.29679],[-122.25805,37.29694],[-122.25751,37.29711],[-122.25697,37.29696],[-122.25661,37.29671],[-122.25634,37.29669],[-122.25522,37.2974],[-122.25446,37.29766],[-122.2513,37.29771],[-122.24913,37.29717],[-122.24833,37.2965],[-122.24791,37.29655],[-122.24748,37.29631],[-122.24689,37.29623],[-122.24615,37.29632],[-122.24554,37.29604],[-122.24492,37.29563],[-122.24467,37.29523],[-122.24403,37.29481],[-122.24344,37.29471],[-122.24163,37.29413],[-122.24048,37.29405],[-122.23939,37.2944],[-122.23879,37.29403],[-122.2383,37.29337],[-122.23819,37.29342],[-122.23815,37.2938],[-122.23792,37.29385],[-122.23692,37.29333],[-122.23645,37.29263],[-122.23576,37.29223],[-122.23484,37.292],[-122.23424,37.29172],[-122.23361,37.29162],[-122.23349,37.29168],[-122.2335,37.29182],[-122.23434,37.29234],[-122.23422,37.29252],[-122.23379,37.29246],[-122.23316,37.29195],[-122.2315,37.29161],[-122.23152,37.29131],[-122.23182,37.29108],[-122.23176,37.29095],[-122.23029,37.29066],[-122.22961,37.29075],[-122.22956,37.29063],[-122.22973,37.29018],[-122.23028,37.28996],[-122.23154,37.28975],[-122.23221,37.28941],[-122.23218,37.28925],[-122.23136,37.28953],[-122.23032,37.28948],[-122.22958,37.28925],[-122.22844,37.28944],[-122.22777,37.2897],[-122.22602,37.28972],[-122.22551,37.28988],[-122.22539,37.2902],[-122.22478,37.29018],[-122.22432,37.29057],[-122.22404,37.29063],[-122.22373,37.29054],[-122.22321,37.29003],[-122.22294,37.2899],[-122.22143,37.28961],[-122.22108,37.28922],[-122.22018,37.28885],[-122.21959,37.28874],[-122.21919,37.28831],[-122.21845,37.2881],[-122.21832,37.28736],[-122.21814,37.28719],[-122.21792,37.28721],[-122.21646,37.28801],[-122.21566,37.28878],[-122.21542,37.28883],[-122.21424,37.28874],[-122.21397,37.2888],[-122.21354,37.28936],[-122.21298,37.28963],[-122.21237,37.28954],[-122.21093,37.29064],[-122.21045,37.29148],[-122.21063,37.29209],[-122.21055,37.29286],[-122.21142,37.29408],[-122.21139,37.29436],[-122.21104,37.29443],[-122.21041,37.29433],[-122.21011,37.2944],[-122.20968,37.2947],[-122.20905,37.29477],[-122.20834,37.29522],[-122.208,37.29532],[-122.20714,37.29527],[-122.20608,37.29476],[-122.2058,37.29472],[-122.20563,37.29482],[-122.20556,37.29509],[-122.20566,37.29524],[-122.20667,37.29601],[-122.20685,37.29634],[-122.20659,37.29682],[-122.20668,37.29748],[-122.20613,37.29798],[-122.20591,37.29882],[-122.20555,37.29912],[-122.20528,37.29955],[-122.20524,37.29978],[-122.20555,37.30025],[-122.20552,37.30046],[-122.20498,37.3007],[-122.20457,37.30101],[-122.20409,37.30102],[-122.2037,37.30131],[-122.20348,37.30168],[-122.20298,37.30178],[-122.20285,37.30192],[-122.20274,37.30258],[-122.2023,37.303],[-122.20217,37.30303],[-122.20167,37.30276],[-122.20098,37.30268],[-122.20087,37.30279],[-122.20092,37.30328],[-122.2008,37.3036],[-122.20045,37.30418],[-122.19999,37.30437],[-122.19989,37.30451],[-122.1996,37.30533],[-122.19927,37.30539],[-122.19853,37.30518],[-122.19743,37.30534],[-122.19691,37.30553],[-122.19643,37.30615],[-122.19646,37.30637],[-122.19719,37.30641],[-122.19755,37.30659],[-122.19754,37.30696],[-122.19795,37.30747],[-122.19739,37.30865],[-122.19753,37.31047],[-122.19785,37.31148],[-122.19763,37.31218],[-122.19788,37.31259],[-122.19689,37.3138],[-122.19687,37.31395],[-122.19714,37.3143],[-122.19714,37.31447],[-122.19654,37.31471],[-122.1964,37.31492],[-122.19683,37.31535],[-122.19693,37.316],[-122.19684,37.31619],[-122.19651,37.31634],[-122.19604,37.31636],[-122.19562,37.31687],[-122.19499,37.31653],[-122.19446,37.31653],[-122.19431,37.31621],[-122.19419,37.31616],[-122.19386,37.31624],[-122.19368,37.31644],[-122.19341,37.31645],[-122.19302,37.31623],[-122.19255,37.31612],[-122.19234,37.31558],[-122.19189,37.31536],[-122.19152,37.31538],[-122.1912,37.31529],[-122.19072,37.31469],[-122.19027,37.31458],[-122.18994,37.31439],[-122.1882,37.31496],[-122.18727,37.31498]],[[-122.26547,37.29948],[-122.26508,37.29938],[-122.26461,37.29955]],[[-122.18858,37.32146],[-122.18852,37.32126]]]}},{"type":"Feature","properties":{"id":"pescadero","name":"Pescadero Creek Road","difficulty":2,"character":"Medium speed"},"geometry":{"type":"MultiLineString","coordinates":[[[-122.27548,37.30264],[-122.27515,37.30267],[-122.27368,37.30232],[-122.27299,37.30234],[-122.27258,37.30219],[-122.27228,37.30187],[-122.27171,37.30087],[-122.27065,37.29963],[-122.27028,37.29956],[-122.26961,37.29969],[-122.26929,37.29939],[-122.26873,37.29915],[-122.26778,37.29854],[-122.26724,37.2978],[-122.26644,37.29742],[-122.26626,37.29621],[-122.266,37.29594],[-122.26574,37.29583],[-122.26521,37.29582],[-122.26482,37.296],[-122.26458,37.29642],[-122.26457,37.29689],[-122.26524,37.29762],[-122.26611,37.29828],[-122.26714,37.3],[-122.26764,37.3005],[-122.26773,37.30074],[-122.26768,37.30084],[-122.26743,37.30087],[-122.26561,37.2995],[-122.26528,37.29953],[-122.26509,37.29991]],[[-122.41319,37.25969],[-122.41107,37.25946],[-122.41008,37.25901],[-122.40959,37.25865],[-122.40918,37.25812],[-122.40734,37.25457],[-122.40689,37.25396],[-122.40645,37.25361],[-122.40581,37.25328],[-122.40294,37.25229],[-122.40257,37.252],[-122.40126,37.25049],[-122.40082,37.25017],[-122.39999,37.24984],[-122.39899,37.24972],[-122.39723,37.24988],[-122.37952,37.25207],[-122.37857,37.2523],[-122.37582,37.25341],[-122.37165,37.25466],[-122.37058,37.25485],[-122.36741,37.25519],[-122.36663,37.25506],[-122.36606,37.25463],[-122.36591,37.25419],[-122.36588,37.253],[-122.36578,37.2527],[-122.36487,37.25145],[-122.36414,37.25022],[-122.36355,37.24976],[-122.36284,37.24962],[-122.35976,37.24987],[-122.35667,37.24965],[-122.35538,37.24989],[-122.355,37.25009],[-122.35487,37.2503],[-122.35485,37.25089],[-122.35446,37.25185],[-122.35356,37.25273],[-122.35296,37.25314],[-122.35176,37.25338],[-122.34983,37.254],[-122.34911,37.25391],[-122.34856,37.25365],[-122.34834,37.25369],[-122.34748,37.25436],[-122.34593,37.25504],[-122.34484,37.25593],[-122.34362,37.25659],[-122.34269,37.25778],[-122.34234,37.25805],[-122.34183,37.25821],[-122.34001,37.25827],[-122.33965,37.25837],[-122.33933,37.25884],[-122.33924,37.26046],[-122.33895,37.26084],[-122.33851,37.26105],[-122.33726,37.26141],[-122.33624,37.26184],[-122.33506,37.26188],[-122.334,37.26178],[-122.33107,37.26106],[-122.32808,37.26105],[-122.32771,37.26114],[-122.3266,37.26177],[-122.32463,37.26177],[-122.32292,37.26256],[-122.32192,37.26339],[-122.3217,37.26369],[-122.32168,37.26403],[-122.32207,37.26562],[-122.32273,37.26725],[-122.32246,37.26772],[-122.32164,37.26813],[-122.32067,37.26808],[-122.31794,37.26823],[-122.31681,37.26887],[-122.3162,37.26947],[-122.31589,37.26958],[-122.31554,37.26954],[-122.31503,37.26911],[-122.31471,37.2685],[-122.31473,37.26769],[-122.31461,37.26727],[-122.31392,37.26677],[-122.3133,37.2658],[-122.31328,37.26518],[-122.31347,37.26438],[-122.31347,37.26294],[-122.31329,37.26272],[-122.31273,37.2626],[-122.31214,37.2629],[-122.31022,37.26467],[-122.30997,37.26528],[-122.30994,37.26603],[-122.30958,37.26714],[-122.30963,37.26764],[-122.30992,37.2685],[-122.30988,37.26881],[-122.30975,37.26911],[-122.30913,37.2698],[-122.30798,37.27053],[-122.30782,37.2709],[-122.30759,37.27232],[-122.30682,37.2739],[-122.30639,37.27407],[-122.30459,37.274],[-122.30177,37.27422],[-122.30078,37.27486],[-122.30018,37.27508],[-122.29974,37.27562],[-122.29911,37.27596],[-122.29864,37.27601],[-122.29791,37.27584],[-122.29769,37.27589],[-122.2975,37.276],[-122.29666,37.27713],[-122.29472,37.27832],[-122.29426,37.27829],[-122.2933,37.2779],[-122.29297,37.27773],[-122.29175,37.27661],[-122.29055,37.27615],[-122.28997,37.27619],[-122.28814,37.27673],[-122.28724,37.27682],[-122.28694,37.27708],[-122.28574,37.27878],[-122.28552,37.28018],[-122.28466,37.28139],[-122.2845,37.28288],[-122.2842,37.28321],[-122.28357,37.2834],[-122.28352,37.28349],[-122.28359,37.28366],[-122.28411,37.28384],[-122.28432,37.2841],[-122.28428,37.2844],[-122.28396,37.28494],[-122.28393,37.28584],[-122.2837,37.28599],[-122.2834,37.28582],[-122.28355,37.2851],[-122.28341,37.28475],[-122.28312,37.28456],[-122.28291,37.28454],[-122.2826,37.28465],[-122.28244,37.28558],[-122.28173,37.28674],[-122.28135,37.28716],[-122.27998,37.28919],[-122.27953,37.28959],[-122.27875,37.28979],[-122.27845,37.29007],[-122.2784,37.29093],[-122.2789,37.29183],[-122.27874,37.29277],[-122.27903,37.29304],[-122.2807,37.29398],[-122.28099,37.29426],[-122.28103,37.29443],[-122.28084,37.2947],[-122.28062,37.29479],[-122.27925,37.29513],[-122.2789,37.29559],[-122.2789,37.29583],[-122.27904,37.29604],[-122.28024,37.29669],[-122.28034,37.29685],[-122.28025,37.29708],[-122.28012,37.29716],[-122.27973,37.29715],[-122.27752,37.29678],[-122.27693,37.29685],[-122.27661,37.29709],[-122.2765,37.29778],[-122.27669,37.29833],[-122.27668,37.29867],[-122.27641,37.29929],[-122.27635,37.30002],[-122.27597,37.30068],[-122.27616,37.30152]]]}},{"type":"Feature","properties":{"id":"skyline","name":"Skyline Boulevard \u00b7 Hwy 35","difficulty":2,"character":"High speed"},"geometry":{"type":"MultiLineString","coordinates":[[[-122.36892,37.49556],[-122.36835,37.49473],[-122.36685,37.49323],[-122.3662,37.49283],[-122.36487,37.49228],[-122.36457,37.49197],[-122.36455,37.49157],[-122.36487,37.49118],[-122.36517,37.49107],[-122.36599,37.49098],[-122.36637,37.49075],[-122.36647,37.49044],[-122.36633,37.49014],[-122.36608,37.48998],[-122.36577,37.48992],[-122.3636,37.48995],[-122.36331,37.48982],[-122.36311,37.4896],[-122.36305,37.48934],[-122.36313,37.48908],[-122.36378,37.48857],[-122.36392,37.4882],[-122.36325,37.48602],[-122.36299,37.48453],[-122.36268,37.48432],[-122.36221,37.48429],[-122.36073,37.48513],[-122.36024,37.4852],[-122.35983,37.48501],[-122.35883,37.48407],[-122.35868,37.48363],[-122.35871,37.48322],[-122.35954,37.48174],[-122.35978,37.48095],[-122.35984,37.48026],[-122.35972,37.47942],[-122.35682,37.47275],[-122.35529,37.47061],[-122.35483,37.47015],[-122.35422,37.46984],[-122.35355,37.46971],[-122.35202,37.46966],[-122.35121,37.46954],[-122.35032,37.46918],[-122.34963,37.46867],[-122.34603,37.46423],[-122.34584,37.46338],[-122.34613,37.462],[-122.34599,37.46159],[-122.34567,37.46125],[-122.34513,37.46096],[-122.33909,37.45869],[-122.33869,37.45847],[-122.33846,37.45822],[-122.33833,37.45781],[-122.33844,37.45739],[-122.34011,37.45586],[-122.34052,37.45511],[-122.34066,37.45432],[-122.34034,37.45323],[-122.33815,37.44991],[-122.33669,37.44859],[-122.33559,37.44808],[-122.33191,37.44677],[-122.33076,37.44619],[-122.32518,37.44215],[-122.32381,37.4406],[-122.3207,37.43548],[-122.31991,37.43502],[-122.31793,37.43461],[-122.31702,37.43406],[-122.31553,37.43269],[-122.31388,37.43064],[-122.31097,37.42798],[-122.31081,37.42759],[-122.3108,37.42716],[-122.31122,37.42633],[-122.31176,37.42595],[-122.31369,37.42507],[-122.31511,37.42413],[-122.31554,37.42399],[-122.31609,37.42394],[-122.31833,37.42422],[-122.31894,37.42409],[-122.3194,37.42373],[-122.31952,37.42338],[-122.3189,37.42155],[-122.31866,37.42005],[-122.31869,37.41953],[-122.31917,37.41837],[-122.31905,37.41788],[-122.31877,37.41752],[-122.31743,37.41719],[-122.3167,37.4169],[-122.31058,37.41355],[-122.30977,37.41337],[-122.30918,37.41345],[-122.30857,37.41341],[-122.30807,37.41326],[-122.30764,37.413],[-122.30634,37.41164],[-122.30613,37.41125],[-122.30623,37.41076],[-122.30706,37.40995],[-122.30746,37.40941],[-122.3076,37.40902],[-122.30755,37.40821],[-122.30699,37.40726],[-122.30606,37.40666],[-122.3034,37.40577],[-122.30279,37.40547],[-122.29856,37.40244],[-122.29775,37.40121],[-122.29746,37.40094],[-122.29645,37.40033],[-122.29442,37.39992],[-122.29351,37.39924],[-122.29324,37.3989],[-122.29315,37.39853],[-122.29327,37.39828],[-122.29388,37.39773],[-122.29402,37.39749],[-122.29385,37.39653],[-122.29341,37.39612],[-122.29212,37.3957],[-122.29186,37.3955],[-122.29171,37.39498],[-122.29206,37.39419],[-122.292,37.39363],[-122.29129,37.39286],[-122.29033,37.39217],[-122.28967,37.39191],[-122.2891,37.39201],[-122.28887,37.39224],[-122.28878,37.39247],[-122.28888,37.39337],[-122.2888,37.39355],[-122.28833,37.39383],[-122.28767,37.39374],[-122.28692,37.3934],[-122.28586,37.39236],[-122.28536,37.39228],[-122.2846,37.39242],[-122.28419,37.39231],[-122.28405,37.39213],[-122.284,37.39151],[-122.28379,37.39111],[-122.28202,37.38998],[-122.28182,37.38971],[-122.28153,37.38887],[-122.28127,37.38869],[-122.28092,37.38862],[-122.28048,37.38869],[-122.27975,37.38917],[-122.2794,37.38918],[-122.27858,37.38896],[-122.27743,37.38926],[-122.27707,37.38917],[-122.27637,37.38875],[-122.27585,37.38876],[-122.27536,37.3891],[-122.27473,37.39084],[-122.27441,37.39117],[-122.27399,37.39133],[-122.27356,37.39136],[-122.2722,37.39138],[-122.27147,37.39128],[-122.27027,37.39079],[-122.26624,37.38766],[-122.26285,37.3854],[-122.26249,37.38491],[-122.26242,37.38444],[-122.26253,37.38402],[-122.26292,37.38338],[-122.26302,37.38294],[-122.2628,37.37976],[-122.26253,37.37795],[-122.26261,37.37754],[-122.26306,37.37676],[-122.26298,37.37625],[-122.26271,37.37598],[-122.26232,37.37582],[-122.26121,37.37587],[-122.26077,37.37579],[-122.25968,37.37512],[-122.25867,37.37436],[-122.25804,37.37294],[-122.25767,37.37256],[-122.25709,37.37221],[-122.25649,37.37204],[-122.25451,37.37172],[-122.25275,37.37193],[-122.25206,37.37166],[-122.25121,37.37095],[-122.24792,37.36769],[-122.24768,37.36731],[-122.24759,37.36693],[-122.2479,37.36546],[-122.24789,37.36495],[-122.24768,37.36445],[-122.24707,37.36361],[-122.24693,37.36304],[-122.24764,37.36049],[-122.24768,37.35965],[-122.24743,37.35876],[-122.24685,37.35792],[-122.24632,37.35746],[-122.24472,37.35651],[-122.24409,37.35603],[-122.24045,37.35209],[-122.23963,37.35146],[-122.23631,37.34964],[-122.23564,37.34947],[-122.23314,37.3491],[-122.23177,37.34859],[-122.23098,37.34809],[-122.23044,37.34762],[-122.2299,37.34696],[-122.22888,37.34535],[-122.22832,37.34485],[-122.22659,37.34415],[-122.22433,37.34274],[-122.21865,37.34061],[-122.21766,37.33999],[-122.21712,37.33939],[-122.21702,37.33905],[-122.217,37.3384],[-122.21724,37.33596],[-122.21704,37.33535],[-122.21636,37.3349],[-122.21596,37.33441],[-122.2156,37.33371],[-122.21474,37.33293],[-122.21123,37.33091],[-122.21086,37.33055],[-122.20972,37.32885],[-122.20645,37.32618],[-122.20512,37.32486],[-122.20472,37.32461],[-122.20137,37.32326],[-122.20077,37.32294],[-122.19875,37.32158],[-122.19775,37.32066],[-122.19725,37.32036],[-122.1915,37.31848],[-122.19056,37.31804],[-122.18953,37.31727],[-122.18682,37.31454],[-122.18601,37.31402],[-122.18534,37.31378],[-122.18438,37.31367],[-122.18356,37.31376],[-122.18231,37.31417],[-122.18183,37.31417],[-122.18141,37.31405],[-122.18103,37.3138],[-122.18071,37.31292],[-122.18049,37.31263],[-122.17999,37.31239],[-122.1794,37.3124],[-122.17756,37.31293],[-122.17634,37.31291],[-122.1757,37.31271],[-122.16913,37.30974],[-122.16852,37.30942],[-122.16813,37.30902],[-122.16765,37.30789],[-122.16698,37.307],[-122.16619,37.30641],[-122.16357,37.30528],[-122.1632,37.305],[-122.16257,37.30425],[-122.16163,37.30217],[-122.16151,37.30159],[-122.16177,37.30095],[-122.16284,37.30015],[-122.16297,37.2999],[-122.16308,37.29913],[-122.16405,37.29837],[-122.16434,37.29798],[-122.16444,37.29763],[-122.16417,37.29649],[-122.16452,37.29542],[-122.16446,37.29492],[-122.16416,37.29445],[-122.16367,37.2941],[-122.15955,37.29304],[-122.15639,37.29177],[-122.1538,37.29004],[-122.15303,37.2893],[-122.15279,37.28876],[-122.15256,37.2876],[-122.15211,37.28458],[-122.15184,37.2839],[-122.15134,37.28322],[-122.15101,37.28296],[-122.14917,37.28186],[-122.14882,37.2813],[-122.14871,37.28091],[-122.14884,37.28004],[-122.14951,37.27903],[-122.14953,37.27855],[-122.14934,37.27799],[-122.14939,37.27763],[-122.14963,37.27732],[-122.15038,37.27672],[-122.15059,37.27634],[-122.15059,37.27592],[-122.15035,37.27549],[-122.14974,37.27513],[-122.14846,37.27503],[-122.14775,37.27471],[-122.14589,37.27196],[-122.14403,37.27011],[-122.14087,37.2692],[-122.13953,37.26856],[-122.13777,37.26669],[-122.13614,37.26588],[-122.13567,37.2655],[-122.13438,37.26293],[-122.134,37.26265],[-122.13299,37.26217],[-122.13225,37.26133],[-122.13125,37.26068],[-122.12865,37.25931],[-122.12821,37.25919],[-122.12763,37.25922],[-122.12693,37.2594],[-122.12558,37.25936],[-122.12442,37.2597],[-122.12377,37.25968],[-122.12191,37.25848],[-122.11996,37.25679],[-122.11888,37.25632],[-122.11826,37.25591],[-122.11786,37.25534],[-122.11754,37.25398],[-122.1171,37.25322],[-122.11414,37.25075],[-122.11286,37.2495],[-122.11004,37.24529],[-122.10757,37.24266],[-122.10618,37.24132],[-122.10526,37.24022],[-122.10488,37.2395],[-122.10474,37.23882],[-122.10473,37.23817],[-122.10523,37.23602],[-122.10513,37.23536],[-122.10481,37.23484],[-122.10417,37.23434],[-122.10346,37.23403],[-122.1003,37.23355]]]}},{"type":"Feature","properties":{"id":"la-honda","name":"La Honda Road \u00b7 Hwy 84","difficulty":2,"character":"Medium speed"},"geometry":{"type":"MultiLineString","coordinates":[[[-122.25512,37.42939],[-122.26565,37.42622],[-122.26662,37.42586],[-122.26843,37.42407],[-122.26839,37.42383],[-122.26753,37.42221],[-122.26752,37.42193],[-122.26777,37.42174],[-122.26902,37.42121],[-122.26936,37.42074],[-122.26946,37.4203],[-122.26927,37.41965],[-122.26768,37.41774],[-122.26629,37.41688],[-122.26517,37.41582],[-122.25715,37.40762],[-122.2565,37.40612],[-122.25671,37.4056],[-122.25637,37.40517],[-122.25635,37.40496],[-122.25668,37.40416],[-122.25702,37.4039],[-122.25751,37.40374],[-122.25811,37.40309],[-122.25841,37.40294],[-122.25874,37.40227],[-122.25965,37.40159],[-122.26041,37.40084],[-122.26108,37.39953],[-122.26149,37.39826],[-122.26133,37.39816],[-122.26112,37.39822],[-122.26059,37.3987],[-122.25946,37.40027],[-122.25807,37.4008],[-122.25755,37.40112],[-122.25684,37.40133],[-122.25668,37.4012],[-122.25662,37.40055],[-122.25586,37.39949],[-122.25588,37.39921],[-122.25617,37.3986],[-122.25613,37.39838],[-122.25582,37.39813],[-122.25505,37.39792]],[[-122.25504,37.39722],[-122.25655,37.39725],[-122.25809,37.39831],[-122.25845,37.39827],[-122.25869,37.39814],[-122.25881,37.39786],[-122.25868,37.3977],[-122.25801,37.39759],[-122.25712,37.39688],[-122.25717,37.39575],[-122.25738,37.39511],[-122.25673,37.39435],[-122.25648,37.39347],[-122.25653,37.39322],[-122.25716,37.39288],[-122.2575,37.39252],[-122.25781,37.3924],[-122.25933,37.39243],[-122.25997,37.39282],[-122.26074,37.39306],[-122.26229,37.39229],[-122.2622,37.39212],[-122.26168,37.39207],[-122.26114,37.39152],[-122.26115,37.39132],[-122.26165,37.39078],[-122.26148,37.39027],[-122.26166,37.39016],[-122.26283,37.38992],[-122.26375,37.38931],[-122.26383,37.38915],[-122.26348,37.38827],[-122.26234,37.38775],[-122.26246,37.38661],[-122.26134,37.38613],[-122.26136,37.38511],[-122.26162,37.38503],[-122.26187,37.38509],[-122.26327,37.38604],[-122.26407,37.38636],[-122.26464,37.38636],[-122.26544,37.38621],[-122.26659,37.38631],[-122.26711,37.38613],[-122.26736,37.38585],[-122.26732,37.38543],[-122.26712,37.38502],[-122.26642,37.38445],[-122.26552,37.38405],[-122.26503,37.38366],[-122.26507,37.38294],[-122.26438,37.38218],[-122.26467,37.38073],[-122.26494,37.3804],[-122.2648,37.37924],[-122.26519,37.37703],[-122.26554,37.37604],[-122.26547,37.37519],[-122.26538,37.37496],[-122.26507,37.37467],[-122.26485,37.37403],[-122.26435,37.37355],[-122.2645,37.37264],[-122.26437,37.37229],[-122.264,37.3721],[-122.26305,37.37206],[-122.26284,37.37187],[-122.26279,37.37162],[-122.26293,37.37139],[-122.26402,37.37051],[-122.26409,37.37],[-122.2636,37.36933],[-122.26364,37.36859],[-122.26347,37.36826],[-122.26297,37.36808],[-122.26248,37.36815],[-122.26207,37.36805],[-122.26175,37.36784],[-122.26163,37.36763],[-122.26164,37.36727],[-122.26184,37.36686],[-122.26294,37.36606],[-122.26312,37.36568],[-122.26247,37.36433],[-122.26218,37.36418],[-122.2613,37.36401],[-122.26045,37.36357],[-122.26028,37.36334],[-122.2602,37.3631],[-122.26027,37.36288],[-122.26101,37.3624],[-122.26114,37.36206],[-122.26102,37.36173],[-122.26044,37.36113],[-122.26035,37.36056],[-122.26068,37.35993],[-122.26155,37.35944],[-122.26224,37.35938],[-122.26342,37.35964],[-122.26395,37.3595],[-122.26466,37.3588],[-122.26528,37.35791],[-122.26603,37.35728],[-122.26635,37.35687],[-122.26639,37.35646],[-122.26624,37.35615],[-122.26439,37.3543],[-122.26425,37.35337],[-122.26438,37.35271],[-122.26431,37.35187],[-122.26445,37.35113],[-122.26483,37.35081],[-122.26562,37.35045],[-122.26596,37.34998],[-122.26656,37.34942],[-122.2667,37.34853],[-122.26623,37.34723],[-122.26638,37.34669],[-122.26676,37.34637],[-122.2672,37.34624],[-122.26756,37.34625],[-122.26871,37.34655],[-122.27002,37.34632],[-122.27155,37.34575],[-122.27197,37.34539],[-122.27224,37.34496],[-122.2723,37.34427],[-122.27192,37.3424],[-122.27042,37.34018],[-122.26997,37.33847],[-122.26933,37.33782],[-122.26936,37.33695],[-122.26888,37.33634],[-122.26895,37.33605],[-122.26942,37.33559],[-122.26954,37.33534],[-122.26914,37.33464],[-122.26916,37.33426],[-122.2697,37.33391],[-122.27118,37.33321],[-122.27135,37.33294],[-122.27051,37.33086],[-122.27029,37.33065],[-122.2696,37.33037],[-122.26944,37.33015],[-122.26939,37.32988],[-122.26958,37.32961],[-122.27071,37.32881],[-122.27113,37.32823],[-122.27123,37.32792],[-122.27097,37.3273],[-122.27117,37.32698],[-122.27214,37.32677],[-122.27291,37.32618],[-122.27318,37.32608],[-122.27394,37.32602],[-122.27423,37.32579],[-122.2742,37.32535],[-122.27322,37.32464],[-122.27302,37.32436],[-122.27297,37.32408],[-122.27314,37.32366],[-122.27434,37.32268],[-122.2746,37.32227],[-122.27431,37.31897],[-122.27441,37.31788],[-122.27488,37.31651],[-122.27454,37.31568],[-122.27451,37.31528],[-122.27479,37.31498],[-122.2757,37.31462],[-122.27597,37.31432],[-122.27597,37.31396],[-122.27538,37.31324],[-122.27542,37.31268],[-122.27692,37.31154],[-122.27794,37.31036],[-122.27834,37.31024],[-122.27878,37.31027],[-122.27967,37.31087],[-122.28001,37.311],[-122.28037,37.31101],[-122.28133,37.3108],[-122.28175,37.31088],[-122.28208,37.31126],[-122.28209,37.31207],[-122.28222,37.31237],[-122.28333,37.31325],[-122.28408,37.31353],[-122.28703,37.31349],[-122.28745,37.31338],[-122.28873,37.31243],[-122.28919,37.31235],[-122.28961,37.31243],[-122.29004,37.31277],[-122.29037,37.31333],[-122.29073,37.31419],[-122.29083,37.3149],[-122.2911,37.31523],[-122.29138,37.31536],[-122.29177,37.31536],[-122.29284,37.31473],[-122.29333,37.31459],[-122.29405,37.3147],[-122.29438,37.31494],[-122.29469,37.3156],[-122.29466,37.31781],[-122.29512,37.31839],[-122.29553,37.31849],[-122.29936,37.31792],[-122.29989,37.31764],[-122.30102,37.31675],[-122.30136,37.31661],[-122.30403,37.3165],[-122.30501,37.31632],[-122.30631,37.31572],[-122.30803,37.31441],[-122.30877,37.31396],[-122.30924,37.31379],[-122.31521,37.31237],[-122.31883,37.31183],[-122.32015,37.3119],[-122.32716,37.31368],[-122.32787,37.31393],[-122.32837,37.31427],[-122.32958,37.31559],[-122.33119,37.31639],[-122.33173,37.31677],[-122.33257,37.31813],[-122.33298,37.3185],[-122.33343,37.3187],[-122.33397,37.31879],[-122.33612,37.31866],[-122.33714,37.31899],[-122.34064,37.32182],[-122.34121,37.32203],[-122.34278,37.32225],[-122.3433,37.3225],[-122.34367,37.32287],[-122.34434,37.32407],[-122.34472,37.32452],[-122.34548,37.32513],[-122.34647,37.32561],[-122.3479,37.32589],[-122.35097,37.32579],[-122.35155,37.32585],[-122.35224,37.32613],[-122.35346,37.327],[-122.35443,37.32727],[-122.35784,37.32684],[-122.36351,37.32709],[-122.36407,37.32727],[-122.36458,37.3276],[-122.36576,37.32927],[-122.36645,37.32967],[-122.36691,37.32977],[-122.36742,37.32975],[-122.36999,37.32925],[-122.37154,37.32929],[-122.37245,37.3295],[-122.37813,37.33147],[-122.37873,37.3316],[-122.3796,37.33154],[-122.38231,37.33072],[-122.38293,37.33024],[-122.38388,37.32873],[-122.38498,37.32759],[-122.38542,37.32725],[-122.38612,37.32696],[-122.38909,37.32618],[-122.39168,37.32489],[-122.39303,37.32469],[-122.39947,37.32448],[-122.39989,37.32454]]]}},{"type":"Feature","properties":{"id":"kings","name":"Kings Mountain Road","difficulty":3,"character":"Technical"},"geometry":{"type":"MultiLineString","coordinates":[[[-122.26621,37.42605],[-122.26922,37.42764],[-122.27158,37.42954],[-122.27408,37.43073],[-122.27656,37.43073],[-122.28,37.43001],[-122.28033,37.43004],[-122.28071,37.43017],[-122.28085,37.43033],[-122.28218,37.43236],[-122.28267,37.4324],[-122.28345,37.43222],[-122.28359,37.43271],[-122.28467,37.43316],[-122.28535,37.43308],[-122.28589,37.43314],[-122.28653,37.43341],[-122.28715,37.43322],[-122.28796,37.43273],[-122.28839,37.4323],[-122.28912,37.43187],[-122.28979,37.4303],[-122.29005,37.43011],[-122.29019,37.43014],[-122.29052,37.43148],[-122.29089,37.43213],[-122.29114,37.43231],[-122.29156,37.43244],[-122.29176,37.43274],[-122.29163,37.43305],[-122.29106,37.43337],[-122.29098,37.43364],[-122.29106,37.43501],[-122.29139,37.43562],[-122.29146,37.43611],[-122.2931,37.43752],[-122.29408,37.43785],[-122.29428,37.43784],[-122.29433,37.43771],[-122.29395,37.43749],[-122.29381,37.43726],[-122.29326,37.43595],[-122.29292,37.43474],[-122.29294,37.43445],[-122.29321,37.43405],[-122.29368,37.43383],[-122.29421,37.43325],[-122.2942,37.43297],[-122.29387,37.43245],[-122.29399,37.43097],[-122.29391,37.43068],[-122.29418,37.43077],[-122.29419,37.43142],[-122.2945,37.43174],[-122.29468,37.43217],[-122.29509,37.43221],[-122.29603,37.432],[-122.29615,37.43209],[-122.2957,37.43246],[-122.29587,37.43272],[-122.29686,37.43308],[-122.2972,37.43311],[-122.29784,37.43348],[-122.2982,37.43349],[-122.29864,37.43332],[-122.29875,37.43318],[-122.29875,37.43285],[-122.29819,37.43243],[-122.29904,37.4317],[-122.29934,37.43116],[-122.299,37.42977],[-122.29865,37.429],[-122.2988,37.42867],[-122.29854,37.42838],[-122.29868,37.42807],[-122.2984,37.42774],[-122.29898,37.42663],[-122.2992,37.42664],[-122.29915,37.42713],[-122.29953,37.42761],[-122.29969,37.42806],[-122.30016,37.42839],[-122.30064,37.42892],[-122.30105,37.42888],[-122.30136,37.42922],[-122.30161,37.42924],[-122.30241,37.42879],[-122.303,37.42825],[-122.30336,37.42823],[-122.30395,37.42846],[-122.30398,37.42831],[-122.30373,37.42795],[-122.30382,37.42776],[-122.30481,37.42754],[-122.30538,37.42724],[-122.30642,37.42611],[-122.30679,37.42592],[-122.30755,37.42595],[-122.30861,37.42569],[-122.31066,37.42575],[-122.3112,37.42558],[-122.31179,37.42557],[-122.31352,37.42498],[-122.3139,37.42495]]]}},{"type":"Feature","properties":{"id":"tunitas","name":"Tunitas Creek Road","difficulty":3,"character":"Technical"},"geometry":{"type":"MultiLineString","coordinates":[[[-122.39764,37.35881],[-122.3945,37.35931],[-122.39295,37.35994],[-122.39257,37.3602],[-122.39148,37.36136],[-122.38935,37.36465],[-122.3881,37.36532],[-122.38496,37.36857],[-122.38233,37.37027],[-122.38075,37.37238],[-122.37872,37.37401],[-122.37778,37.37488],[-122.37713,37.37529],[-122.37581,37.37558],[-122.37454,37.37658],[-122.37441,37.37696],[-122.37446,37.37814],[-122.3749,37.37913],[-122.37463,37.3794],[-122.37457,37.37963],[-122.37463,37.38067],[-122.37365,37.38219],[-122.37347,37.38327],[-122.37322,37.38365],[-122.37308,37.38421],[-122.37307,37.3849],[-122.37264,37.38585],[-122.37256,37.38642],[-122.37217,37.38695],[-122.37209,37.38769],[-122.37174,37.38801],[-122.3717,37.38854],[-122.3712,37.38936],[-122.37097,37.3896],[-122.36975,37.39013],[-122.3695,37.3908],[-122.36912,37.39108],[-122.36876,37.39118],[-122.36817,37.39118],[-122.36789,37.39132],[-122.36789,37.39173],[-122.36762,37.39228],[-122.36716,37.39268],[-122.36713,37.39307],[-122.3673,37.39337],[-122.36702,37.39417],[-122.36669,37.3946],[-122.3663,37.39484],[-122.3662,37.39537],[-122.36603,37.39548],[-122.36533,37.39561],[-122.36505,37.39581],[-122.36508,37.39632],[-122.3649,37.39661],[-122.36503,37.39692],[-122.36496,37.39716],[-122.36446,37.39753],[-122.36397,37.39821],[-122.36371,37.39876],[-122.36326,37.39916],[-122.36252,37.40024],[-122.36219,37.40048],[-122.36171,37.40066],[-122.361,37.40127],[-122.3606,37.40232],[-122.36029,37.40268],[-122.35966,37.40311],[-122.35934,37.40365],[-122.35827,37.40433],[-122.35802,37.40476],[-122.35712,37.40495],[-122.35641,37.40496],[-122.35559,37.40518],[-122.3546,37.40593],[-122.3542,37.40607],[-122.35323,37.40615],[-122.35255,37.407],[-122.35183,37.40759],[-122.35121,37.40789],[-122.35093,37.40814],[-122.35075,37.40871],[-122.35102,37.40935],[-122.35069,37.41139],[-122.35115,37.41296],[-122.35161,37.41326],[-122.35155,37.41337],[-122.35108,37.41355],[-122.35097,37.41405],[-122.35116,37.41448],[-122.35064,37.41481],[-122.35178,37.416],[-122.35277,37.41668],[-122.35282,37.41681],[-122.35273,37.41687],[-122.3515,37.41671],[-122.35074,37.41641],[-122.35058,37.41643],[-122.35049,37.41765],[-122.35071,37.41796],[-122.35121,37.41811],[-122.35167,37.41892],[-122.3515,37.41904],[-122.35115,37.41897],[-122.35092,37.41901],[-122.35077,37.41932],[-122.35084,37.41969],[-122.3506,37.41998],[-122.3502,37.42001],[-122.34987,37.41956],[-122.34946,37.41951],[-122.34903,37.41915],[-122.34882,37.41909],[-122.34829,37.41927],[-122.34822,37.41985],[-122.34811,37.42],[-122.34757,37.42016],[-122.34705,37.41996],[-122.3467,37.42023],[-122.34671,37.42085],[-122.347,37.42164],[-122.34735,37.42178],[-122.34835,37.42167],[-122.34891,37.42193],[-122.34846,37.42245],[-122.34806,37.42342],[-122.34785,37.42351],[-122.34685,37.42358],[-122.34639,37.42382],[-122.34614,37.42377],[-122.34511,37.42329],[-122.34448,37.42323],[-122.34384,37.42224],[-122.34357,37.42206],[-122.34334,37.42217],[-122.343,37.42276],[-122.34234,37.42306],[-122.34182,37.42304],[-122.34132,37.42268],[-122.34109,37.42262],[-122.34065,37.42281],[-122.33996,37.4227],[-122.33925,37.42286],[-122.33875,37.42283],[-122.3385,37.42273],[-122.33769,37.42199],[-122.33674,37.42187],[-122.33557,37.42143],[-122.33496,37.42105],[-122.33325,37.42105],[-122.33246,37.42075],[-122.33209,37.42099],[-122.33188,37.42099],[-122.3317,37.42055],[-122.33154,37.42043],[-122.33106,37.42044],[-122.33019,37.42005],[-122.33003,37.42018],[-122.33008,37.42091],[-122.32997,37.42109],[-122.32895,37.42116],[-122.3283,37.42147],[-122.32835,37.42177],[-122.32874,37.42213],[-122.32896,37.42252],[-122.32903,37.42269],[-122.32894,37.42286],[-122.32869,37.4229],[-122.32829,37.42278],[-122.32761,37.42237],[-122.32724,37.42198],[-122.32682,37.42171],[-122.32636,37.42151],[-122.32596,37.42149],[-122.32567,37.42191],[-122.32559,37.42254],[-122.32535,37.42306],[-122.32534,37.42352],[-122.32521,37.42359],[-122.32459,37.42321],[-122.32409,37.4226],[-122.32349,37.42223],[-122.32321,37.4215],[-122.32223,37.42149],[-122.32183,37.42126],[-122.32157,37.42027],[-122.32103,37.41995],[-122.32038,37.42005],[-122.32026,37.42018],[-122.32043,37.42074],[-122.32009,37.4212],[-122.3201,37.42142],[-122.32034,37.42197],[-122.32039,37.42257],[-122.32072,37.42303],[-122.32079,37.42381],[-122.3206,37.42415],[-122.32014,37.42437]]]}},{"type":"Feature","properties":{"id":"old-la-honda","name":"Old La Honda Road","difficulty":3,"character":"Technical"},"geometry":{"type":"MultiLineString","coordinates":[[[-122.24896,37.38996],[-122.24939,37.38916],[-122.24911,37.38882],[-122.24899,37.38833],[-122.24867,37.3881],[-122.24864,37.38772],[-122.24868,37.38761],[-122.24908,37.38738],[-122.24914,37.38723],[-122.24895,37.38709],[-122.24808,37.38683],[-122.24805,37.38664],[-122.24868,37.38601],[-122.24862,37.38536],[-122.24818,37.38494],[-122.24841,37.38424],[-122.248,37.38386],[-122.24813,37.3836],[-122.24842,37.38343],[-122.2492,37.38335],[-122.24943,37.38324],[-122.2495,37.3831],[-122.24941,37.38262],[-122.24969,37.38212],[-122.25002,37.3818],[-122.25046,37.38164],[-122.25111,37.38162],[-122.25204,37.38115],[-122.25282,37.38122],[-122.25324,37.3816],[-122.25384,37.3818],[-122.25405,37.38204],[-122.25398,37.3827],[-122.2542,37.38293],[-122.25445,37.38289],[-122.25491,37.38262],[-122.25567,37.38242],[-122.25578,37.3823],[-122.25563,37.38192],[-122.2551,37.38169],[-122.2548,37.38141],[-122.25458,37.38087],[-122.25428,37.38063],[-122.25417,37.38008],[-122.25386,37.37967],[-122.25349,37.37949],[-122.2527,37.37931],[-122.25186,37.37888],[-122.25186,37.37826],[-122.25156,37.37681],[-122.25343,37.37542],[-122.25384,37.37439],[-122.25368,37.37386],[-122.25386,37.3734],[-122.25372,37.37282],[-122.25356,37.37264],[-122.25279,37.37226],[-122.25249,37.37178],[-122.25258,37.37155],[-122.25286,37.37127],[-122.25342,37.37105],[-122.25357,37.37049],[-122.25414,37.37047],[-122.25445,37.37024],[-122.2546,37.36974],[-122.25536,37.36959],[-122.25633,37.36887],[-122.25643,37.36867],[-122.25611,37.36805],[-122.25613,37.36784],[-122.25656,37.36746],[-122.25725,37.36722],[-122.25744,37.367],[-122.25757,37.36663],[-122.25745,37.36559],[-122.25731,37.36519],[-122.25666,37.36513],[-122.25646,37.36502],[-122.25655,37.36463],[-122.25697,37.36404],[-122.2567,37.36381],[-122.25673,37.36343],[-122.25649,37.36299],[-122.25567,37.36292],[-122.2548,37.36303],[-122.25465,37.36313],[-122.25452,37.36352],[-122.25433,37.3636],[-122.2542,37.36332],[-122.25386,37.36307],[-122.25343,37.36298],[-122.25285,37.36315],[-122.25203,37.36303],[-122.25205,37.36291],[-122.25268,37.36256],[-122.25307,37.36246],[-122.25305,37.36211],[-122.25318,37.36189],[-122.25437,37.36099],[-122.25432,37.36082],[-122.25376,37.36031],[-122.2531,37.3601],[-122.25304,37.35999],[-122.2535,37.35968],[-122.25445,37.35952],[-122.25658,37.36057],[-122.25705,37.36066],[-122.25831,37.36134],[-122.25878,37.36147],[-122.25898,37.36143],[-122.25934,37.3612],[-122.25948,37.36086],[-122.25917,37.36019],[-122.25996,37.35997],[-122.26012,37.35906],[-122.26048,37.35846],[-122.26071,37.35841],[-122.26114,37.35857],[-122.26185,37.35861],[-122.26259,37.35914],[-122.26309,37.35932],[-122.26364,37.35907],[-122.26393,37.35882],[-122.26419,37.35837],[-122.26421,37.35782],[-122.26431,37.35767],[-122.2645,37.3576],[-122.26531,37.35764],[-122.26588,37.35722],[-122.26613,37.35718]],[[-122.24464,37.38991],[-122.2447,37.38923],[-122.24454,37.38884],[-122.24481,37.38865],[-122.24486,37.38849],[-122.24446,37.3883],[-122.24435,37.38814],[-122.24441,37.38806],[-122.24518,37.38819],[-122.24592,37.38913],[-122.24652,37.38958]]]}},{"type":"Feature","properties":{"id":"stage","name":"Stage Road","difficulty":2,"character":"Low speed"},"geometry":{"type":"MultiLineString","coordinates":[[[-122.39418,37.33762],[-122.39239,37.33794],[-122.39185,37.33841],[-122.39165,37.33842],[-122.39149,37.33831],[-122.39152,37.33684],[-122.39135,37.33606],[-122.38998,37.3344],[-122.38983,37.33411],[-122.39009,37.33331],[-122.39041,37.33332],[-122.3907,37.33363],[-122.39094,37.33354],[-122.39077,37.33272],[-122.39041,37.33216],[-122.38945,37.33105],[-122.38854,37.33046],[-122.38731,37.32943],[-122.38683,37.32845],[-122.38645,37.32661],[-122.38643,37.32577],[-122.38656,37.32544],[-122.38855,37.32379],[-122.38836,37.32315],[-122.3878,37.32214],[-122.38731,37.32152],[-122.38728,37.32125],[-122.38766,37.32079],[-122.38771,37.32029],[-122.38881,37.31977],[-122.38916,37.3192],[-122.38996,37.31913],[-122.3904,37.3187],[-122.39095,37.31842],[-122.39103,37.31812],[-122.39069,37.31751],[-122.39114,37.31718],[-122.39112,37.31702],[-122.39068,37.31662],[-122.39038,37.31612],[-122.38961,37.31522],[-122.38827,37.31436],[-122.38733,37.3141],[-122.38687,37.31387],[-122.38547,37.31374],[-122.3852,37.31361],[-122.3854,37.31291],[-122.38508,37.31231],[-122.38511,37.3122],[-122.38537,37.31213],[-122.38587,37.31232],[-122.38614,37.31231],[-122.38683,37.31186],[-122.38696,37.31162],[-122.38675,37.31075],[-122.3865,37.3102],[-122.3862,37.31004],[-122.38557,37.30992],[-122.38507,37.30963],[-122.38521,37.30918],[-122.3858,37.30908],[-122.38598,37.30891],[-122.38624,37.30845],[-122.38643,37.30758],[-122.38638,37.30737],[-122.38621,37.30721],[-122.38519,37.3069],[-122.38489,37.3064],[-122.38523,37.30592],[-122.38539,37.30548],[-122.38604,37.3052],[-122.38598,37.30472],[-122.38443,37.3035],[-122.38428,37.30347],[-122.38394,37.30365],[-122.3839,37.30416],[-122.38362,37.30459],[-122.38332,37.30462],[-122.38325,37.30396],[-122.38248,37.30294],[-122.38208,37.30286],[-122.38102,37.30319],[-122.38055,37.30305],[-122.3803,37.30278],[-122.38027,37.30246],[-122.3804,37.30224],[-122.38174,37.30127],[-122.38284,37.30002],[-122.38331,37.29982],[-122.38384,37.30012],[-122.38438,37.29993],[-122.38442,37.29961],[-122.3843,37.2992],[-122.38444,37.2985],[-122.38393,37.29726],[-122.38416,37.29705],[-122.38487,37.29709],[-122.38516,37.29695],[-122.38551,37.29616],[-122.38603,37.29559],[-122.38636,37.29538],[-122.38642,37.29522],[-122.38618,37.29514],[-122.38462,37.29631],[-122.38362,37.29619],[-122.38274,37.29576],[-122.38262,37.29557],[-122.38267,37.29507],[-122.38258,37.29486],[-122.38208,37.29418],[-122.38159,37.29382],[-122.38129,37.29316],[-122.38139,37.29254],[-122.38106,37.29155],[-122.38063,37.29115],[-122.38014,37.29092],[-122.37983,37.29024],[-122.37986,37.29006],[-122.38033,37.28976],[-122.3805,37.28943],[-122.38016,37.28872],[-122.37978,37.28838],[-122.37948,37.2883],[-122.37868,37.28865],[-122.37788,37.28856],[-122.37743,37.28819],[-122.37737,37.28794],[-122.37752,37.2874],[-122.37776,37.28707],[-122.37774,37.28689],[-122.37662,37.28622],[-122.37602,37.28619],[-122.37577,37.28609],[-122.37557,37.28576],[-122.37561,37.28558],[-122.37599,37.28534],[-122.37626,37.285],[-122.37651,37.28404],[-122.37691,37.28337],[-122.37673,37.28224],[-122.37605,37.28116],[-122.37611,37.28088],[-122.38149,37.2782],[-122.38235,37.27756],[-122.38429,37.27443],[-122.38513,37.27356],[-122.38555,37.27264],[-122.38562,37.27188],[-122.38553,37.27102],[-122.38591,37.26891],[-122.38549,37.26766],[-122.38533,37.26677],[-122.38469,37.26148],[-122.38394,37.25957],[-122.38379,37.25859],[-122.3833,37.25734],[-122.38312,37.25292],[-122.38248,37.24929]]]}},{"type":"Feature","properties":{"id":"highway-1-coast","name":"Highway 1 \u00b7 Coastside","difficulty":1,"character":"High speed"},"geometry":{"type":"MultiLineString","coordinates":[[[-122.51536,37.56954],[-122.51569,37.56995],[-122.51593,37.57059],[-122.51593,37.57128],[-122.51573,37.57187],[-122.5092,37.58382],[-122.50878,37.58429],[-122.50831,37.58463],[-122.50766,37.58491],[-122.50698,37.58505],[-122.50811,37.58458],[-122.50886,37.58385],[-122.51556,37.57163],[-122.51578,37.57105],[-122.51578,37.57048],[-122.51562,37.56997],[-122.51389,37.56768],[-122.5126,37.56455],[-122.51266,37.56363],[-122.51342,37.56258],[-122.51363,37.56204],[-122.51355,37.56163],[-122.51311,37.5607],[-122.51313,37.56018],[-122.51339,37.55977],[-122.51446,37.55898],[-122.51463,37.55846],[-122.51439,37.55785],[-122.51344,37.55709],[-122.51298,37.55636],[-122.51213,37.55184],[-122.51189,37.54999],[-122.51209,37.54876],[-122.51248,37.54784],[-122.51596,37.54259],[-122.51771,37.53657],[-122.51791,37.5353],[-122.5178,37.53371],[-122.51742,37.53241],[-122.51646,37.53068],[-122.51551,37.52961],[-122.50911,37.52314],[-122.50705,37.52141],[-122.5056,37.52048],[-122.49447,37.51449],[-122.48423,37.50697],[-122.48275,37.50601],[-122.48121,37.50522],[-122.47807,37.50389],[-122.45568,37.49524],[-122.45488,37.4948],[-122.45393,37.4941],[-122.453,37.49305],[-122.44535,37.48202],[-122.43629,37.4733],[-122.43425,37.47087],[-122.43376,37.46971],[-122.43359,37.46848],[-122.43437,37.46316],[-122.43457,37.46031],[-122.4345,37.45944],[-122.43408,37.4582],[-122.43127,37.45316],[-122.43046,37.45131],[-122.42934,37.44929],[-122.4288,37.44774],[-122.42895,37.44874],[-122.42925,37.44954],[-122.43127,37.45316]],[[-122.4288,37.44774],[-122.42674,37.43238],[-122.42634,37.42411],[-122.42608,37.4227],[-122.42553,37.42086],[-122.41916,37.40131],[-122.41852,37.39989],[-122.41792,37.399],[-122.41696,37.39796],[-122.40716,37.38925],[-122.40624,37.3882],[-122.40562,37.38709],[-122.40487,37.38457],[-122.40453,37.38298],[-122.40432,37.37965],[-122.40376,37.37434],[-122.40389,37.37346],[-122.40464,37.37173],[-122.40488,37.37071],[-122.40483,37.36739],[-122.40472,37.3664],[-122.40415,37.36505],[-122.40347,37.36416],[-122.39957,37.36034],[-122.39786,37.35905],[-122.39716,37.358],[-122.39697,37.35707],[-122.39713,37.35614],[-122.39836,37.35422],[-122.39867,37.35345],[-122.39873,37.35289],[-122.39862,37.35114],[-122.39835,37.35041],[-122.39748,37.34894],[-122.39696,37.34703],[-122.39669,37.34641],[-122.39617,37.34563],[-122.39508,37.34441],[-122.39475,37.34382],[-122.39457,37.34277],[-122.39494,37.34112],[-122.39488,37.34003],[-122.39283,37.33308],[-122.39243,37.33246],[-122.39143,37.33134],[-122.39121,37.33078],[-122.39126,37.33018],[-122.39149,37.32973],[-122.39186,37.32935],[-122.39236,37.32907],[-122.39329,37.32887],[-122.39494,37.32907],[-122.39558,37.32904],[-122.39661,37.32871],[-122.39732,37.32818],[-122.40007,37.32428],[-122.40091,37.32294],[-122.4018,37.32127],[-122.4028,37.31866],[-122.40332,37.31632],[-122.40457,37.30703],[-122.40471,37.29866],[-122.40507,37.29748],[-122.40609,37.2956],[-122.40639,37.29439],[-122.4064,37.29377],[-122.40622,37.29292],[-122.40477,37.28901],[-122.40465,37.28813],[-122.40472,37.28708],[-122.40518,37.28581],[-122.40731,37.28264],[-122.40797,37.28108],[-122.40823,37.27967],[-122.40813,37.27687],[-122.40822,37.2758],[-122.4097,37.26991],[-122.41021,37.2685],[-122.41119,37.26684],[-122.412,37.26507],[-122.41405,37.25584],[-122.41446,37.25446],[-122.417,37.24903],[-122.41734,37.24808],[-122.41767,37.24649],[-122.41802,37.24216],[-122.41791,37.24119],[-122.41755,37.2402],[-122.41712,37.23947],[-122.41597,37.23798],[-122.41559,37.23725],[-122.41503,37.23441],[-122.41429,37.23277],[-122.40731,37.2244],[-122.40683,37.2237],[-122.40649,37.22297],[-122.40615,37.22137],[-122.4063,37.21574],[-122.40604,37.21382],[-122.40555,37.21244],[-122.40109,37.20282],[-122.40087,37.20184],[-122.40057,37.19811],[-122.40005,37.19638],[-122.39941,37.19525],[-122.39834,37.19378],[-122.39229,37.1859],[-122.39169,37.18532],[-122.39102,37.18486],[-122.38958,37.18431],[-122.38858,37.18415],[-122.38304,37.18361],[-122.38138,37.18325],[-122.37964,37.18268],[-122.37828,37.18205],[-122.37206,37.17867],[-122.36599,37.17533],[-122.36512,37.17477],[-122.36424,37.1739],[-122.36359,37.17289],[-122.36047,37.16504],[-122.3595,37.1632],[-122.35584,37.15785],[-122.35472,37.15642],[-122.34988,37.1512],[-122.34825,37.14986],[-122.34661,37.14901],[-122.34448,37.14823],[-122.32322,37.1412],[-122.32214,37.1407],[-122.32115,37.13999],[-122.31973,37.13855],[-122.3132,37.13146],[-122.31051,37.12831],[-122.30612,37.12138],[-122.30352,37.11639],[-122.3028,37.11539],[-122.30226,37.11487],[-122.30144,37.11427],[-122.29829,37.11253],[-122.29669,37.1115],[-122.29427,37.10899],[-122.29357,37.10838],[-122.29023,37.10588],[-122.28558,37.10273],[-122.28447,37.10157],[-122.28344,37.1],[-122.28206,37.09865],[-122.28065,37.09763],[-122.27844,37.09654],[-122.2776,37.09602],[-122.27523,37.09379],[-122.27466,37.09305],[-122.27424,37.09225],[-122.27362,37.08969],[-122.27289,37.08834],[-122.27207,37.08746],[-122.2696,37.0856],[-122.26839,37.08453],[-122.26376,37.0791],[-122.26316,37.07819],[-122.26143,37.07497],[-122.25861,37.07147],[-122.25598,37.06799],[-122.25238,37.06258],[-122.25168,37.06168],[-122.25061,37.0606],[-122.24689,37.05733],[-122.24246,37.05251],[-122.22807,37.03974],[-122.22754,37.0391],[-122.227,37.0382],[-122.22638,37.0362],[-122.226,37.03536],[-122.22553,37.03468],[-122.22495,37.03405],[-122.22401,37.03334],[-122.21619,37.02846],[-122.21444,37.0272],[-122.21315,37.02601],[-122.20792,37.02067],[-122.20049,37.01414],[-122.1959,37.01157],[-122.18954,37.00858],[-122.18786,37.00763],[-122.18557,37.00587],[-122.17959,37.00019],[-122.17783,36.99869],[-122.1761,36.99758],[-122.168,36.99302],[-122.16393,36.99095],[-122.15032,36.98471],[-122.14916,36.98435],[-122.14669,36.984],[-122.14565,36.98372],[-122.14065,36.98132],[-122.1353,36.97827],[-122.13198,36.97575],[-122.12624,36.97165],[-122.125,36.97095],[-122.12339,36.97051],[-122.12002,36.97031],[-122.11834,36.96996],[-122.11213,36.96733],[-122.10617,36.96525],[-122.10349,36.9637],[-122.10227,36.96316],[-122.10131,36.96288],[-122.09544,36.96157],[-122.09368,36.96135],[-122.09176,36.96139],[-122.08777,36.96193],[-122.08385,36.96219],[-122.07332,36.9621],[-122.07082,36.96199],[-122.05074,36.96041],[-122.04939,36.96065],[-122.04503,36.96211],[-122.04387,36.96259],[-122.04041,36.96656],[-122.03844,36.96792],[-122.03394,36.97484],[-122.0318,36.97682],[-122.03172,36.97856],[-122.0323,36.98085],[-122.03224,36.98188],[-122.03198,36.9825],[-122.03147,36.98315],[-122.03063,36.98384],[-122.02969,36.98436]],[[-122.50698,37.58505],[-122.50479,37.58555],[-122.5044,37.58585],[-122.50422,37.58622],[-122.50432,37.58672],[-122.50521,37.58773],[-122.50537,37.58832],[-122.50515,37.58881],[-122.50408,37.58985],[-122.5039,37.59051],[-122.50413,37.591],[-122.50576,37.59296],[-122.50589,37.59351],[-122.50576,37.59403],[-122.50549,37.59438],[-122.50103,37.5986],[-122.49876,37.60099],[-122.49841,37.60172],[-122.49829,37.60236],[-122.4986,37.60442],[-122.49859,37.60519],[-122.49833,37.60607],[-122.49784,37.60689],[-122.4968,37.60786],[-122.4937,37.60982]],[[-122.43442,37.4619],[-122.43342,37.46797],[-122.43342,37.46916],[-122.43374,37.47029],[-122.43432,37.47131],[-122.43629,37.4733]],[[-122.03228,36.97662],[-122.03268,36.97627],[-122.03316,36.97562]],[[-122.50103,37.5986],[-122.49896,37.60054],[-122.49833,37.60158],[-122.49817,37.60272],[-122.49846,37.60424],[-122.49848,37.60501],[-122.49827,37.60591],[-122.49789,37.60663],[-122.4969,37.60765],[-122.49338,37.60992]],[[-122.05074,36.96041],[-122.05022,36.96037],[-122.04951,36.96049],[-122.04745,36.96126]],[[-122.02972,36.98456],[-122.03069,36.98401],[-122.03139,36.98345],[-122.03203,36.9827],[-122.03238,36.98197],[-122.03245,36.9808],[-122.03186,36.9785],[-122.03194,36.97684]]]}},{"type":"Feature","properties":{"id":"bear-creek","name":"Bear Creek Road","difficulty":3,"character":"Technical"},"geometry":{"type":"MultiLineString","coordinates":[[[-122.12302,37.12848],[-122.12108,37.12853],[-122.12032,37.12877],[-122.11943,37.12881],[-122.11865,37.12862],[-122.11656,37.12839],[-122.11579,37.12867],[-122.11338,37.12925],[-122.1129,37.12946],[-122.109,37.13218],[-122.10777,37.13268],[-122.10688,37.13274],[-122.10541,37.13242],[-122.10455,37.13248],[-122.10367,37.1328],[-122.10248,37.13343],[-122.10207,37.13376],[-122.10164,37.13481],[-122.10084,37.13571],[-122.10049,37.13674],[-122.09997,37.13733],[-122.09921,37.13758],[-122.09654,37.13777],[-122.09592,37.13793],[-122.09555,37.13813],[-122.09492,37.13871],[-122.09439,37.1399],[-122.09369,37.14086],[-122.09299,37.14123],[-122.09132,37.14149],[-122.09104,37.14169],[-122.09069,37.14214],[-122.09071,37.14293],[-122.0905,37.14347],[-122.08955,37.14421],[-122.08814,37.1448],[-122.08782,37.14517],[-122.08771,37.14584],[-122.08816,37.14677],[-122.08816,37.14712],[-122.08767,37.14828],[-122.08695,37.14917],[-122.08661,37.14949],[-122.08513,37.15044],[-122.08445,37.15117],[-122.08295,37.1518],[-122.08257,37.15205],[-122.08233,37.15236],[-122.08223,37.15289],[-122.08268,37.15451],[-122.0823,37.15553],[-122.08157,37.15679],[-122.08152,37.15711],[-122.08178,37.15788],[-122.08162,37.15851],[-122.08169,37.15889],[-122.08269,37.1606],[-122.08269,37.16082],[-122.08245,37.16127],[-122.08201,37.16166],[-122.08146,37.16188],[-122.08079,37.16188],[-122.08026,37.16171],[-122.07976,37.16166],[-122.07916,37.1618],[-122.07867,37.16209],[-122.07835,37.16256],[-122.07747,37.16305],[-122.07707,37.16374],[-122.07666,37.16411],[-122.07542,37.1649],[-122.07452,37.16507],[-122.074,37.16541],[-122.07387,37.16606],[-122.07394,37.16682],[-122.07452,37.16844],[-122.07465,37.16913],[-122.07435,37.16954],[-122.07367,37.16981],[-122.0727,37.17],[-122.07072,37.16994],[-122.07036,37.16989],[-122.06951,37.16959],[-122.06926,37.1696],[-122.06904,37.16972],[-122.06897,37.17],[-122.06906,37.17021],[-122.07001,37.17088],[-122.07254,37.1715],[-122.07269,37.17189],[-122.07249,37.17224],[-122.07237,37.17275],[-122.07221,37.1729],[-122.07175,37.17297],[-122.07111,37.17333],[-122.07056,37.1734],[-122.07022,37.17356],[-122.06991,37.17396],[-122.06988,37.17454],[-122.06976,37.1747],[-122.06954,37.17478],[-122.06859,37.17463],[-122.06749,37.17425],[-122.06691,37.17439],[-122.06562,37.17434],[-122.06526,37.17444],[-122.06513,37.17454],[-122.06511,37.17477],[-122.06562,37.17531],[-122.06583,37.17584],[-122.06614,37.17617],[-122.06606,37.17648],[-122.06543,37.17692],[-122.06487,37.17698],[-122.06409,37.17659],[-122.0635,37.17642],[-122.06322,37.17651],[-122.06295,37.17709],[-122.0626,37.17743],[-122.06232,37.17754],[-122.062,37.17749],[-122.06178,37.17717],[-122.06177,37.17652],[-122.06194,37.17603],[-122.06188,37.17584],[-122.06047,37.175],[-122.05993,37.17433],[-122.05973,37.17385],[-122.05914,37.17343],[-122.05894,37.17312],[-122.05856,37.17307],[-122.05776,37.17335],[-122.05749,37.17368],[-122.05734,37.17373],[-122.05708,37.17368],[-122.05679,37.17347],[-122.0564,37.17245],[-122.05642,37.17204],[-122.05663,37.17136],[-122.05659,37.17121],[-122.05636,37.17104],[-122.05552,37.17089],[-122.05391,37.17092],[-122.05294,37.17067],[-122.0525,37.17065],[-122.05199,37.17082],[-122.05154,37.17133],[-122.05116,37.17134],[-122.05102,37.17121],[-122.05104,37.17096],[-122.05212,37.17037],[-122.05269,37.17022],[-122.05288,37.17001],[-122.05288,37.16979],[-122.05276,37.1696],[-122.05219,37.16935],[-122.05208,37.16923],[-122.05202,37.16886],[-122.05173,37.16862],[-122.05134,37.16862],[-122.05077,37.16886],[-122.0504,37.16872],[-122.05028,37.16847],[-122.05044,37.16763],[-122.05012,37.16732],[-122.04923,37.16731],[-122.04869,37.16777],[-122.04789,37.1679],[-122.04731,37.16823],[-122.04702,37.16828],[-122.04681,37.16816],[-122.04657,37.16771],[-122.04625,37.16743],[-122.04548,37.16706],[-122.04517,37.16703],[-122.04434,37.16741],[-122.0438,37.16754],[-122.04255,37.16734],[-122.04211,37.16756],[-122.04161,37.16811],[-122.0411,37.16829],[-122.04035,37.16797],[-122.03954,37.16792],[-122.03821,37.16757],[-122.0374,37.16761],[-122.03626,37.16732],[-122.0352,37.16731],[-122.03458,37.16749],[-122.03396,37.16739],[-122.0332,37.16748],[-122.03198,37.16715],[-122.0308,37.16623],[-122.03026,37.16603],[-122.02984,37.16607],[-122.02884,37.16639],[-122.02706,37.16646],[-122.02628,37.1668],[-122.02536,37.16684],[-122.02498,37.16678],[-122.02411,37.16636],[-122.02361,37.16641],[-122.02329,37.16618],[-122.02295,37.16617],[-122.02275,37.16625],[-122.02203,37.16694],[-122.02139,37.1668],[-122.02118,37.16642],[-122.02046,37.16642],[-122.01976,37.16589],[-122.01809,37.16587],[-122.01738,37.16556],[-122.01711,37.1651],[-122.01691,37.16506],[-122.01659,37.16522],[-122.01586,37.16583],[-122.01638,37.16665],[-122.01689,37.16693],[-122.01703,37.16714],[-122.01699,37.16759],[-122.01667,37.16788],[-122.01664,37.16829],[-122.01644,37.1686],[-122.0164,37.16903],[-122.01606,37.16985],[-122.01624,37.17019],[-122.0162,37.17038],[-122.01549,37.17097],[-122.01465,37.17126],[-122.01455,37.17175],[-122.01393,37.17198],[-122.01359,37.17245],[-122.0131,37.17257],[-122.01236,37.17248],[-122.01192,37.17286],[-122.01179,37.17355],[-122.01134,37.17418],[-122.0112,37.1749],[-122.01054,37.17544],[-122.01055,37.1761],[-122.01035,37.17669],[-122.0099,37.17724],[-122.01022,37.17803],[-122.01014,37.17827],[-122.00981,37.17839],[-122.00952,37.17867],[-122.00953,37.17881],[-122.00983,37.17918],[-122.00962,37.17983],[-122.0094,37.17999],[-122.0085,37.18011],[-122.00789,37.17991],[-122.00766,37.17993],[-122.00705,37.18048],[-122.00653,37.18056],[-122.00602,37.18099],[-122.00538,37.18122],[-122.005,37.18115],[-122.0043,37.18042],[-122.00401,37.18027],[-122.00373,37.18026],[-122.00297,37.18052],[-122.00271,37.18089],[-122.00274,37.1812],[-122.00349,37.18211],[-122.00455,37.18282],[-122.00518,37.18379],[-122.00516,37.18405],[-122.00496,37.18413],[-122.00425,37.18411],[-122.00335,37.18441],[-122.00254,37.18422],[-122.00249,37.18433],[-122.00285,37.18499],[-122.00321,37.18521],[-122.00295,37.18561],[-122.00269,37.18573],[-122.00202,37.18576],[-121.9989,37.187],[-121.99786,37.18724],[-121.99714,37.18711],[-121.99618,37.18706],[-121.99546,37.18727],[-121.99522,37.18758],[-121.99544,37.1882],[-121.99523,37.18904],[-121.99471,37.18964],[-121.99342,37.19048]]]}},{"type":"Feature","properties":{"id":"empire","name":"Empire Grade","difficulty":2,"character":"Medium speed"},"geometry":{"type":"MultiLineString","coordinates":[[[-122.05813,36.97896],[-122.05865,36.97934],[-122.05936,36.98012],[-122.06198,36.98223],[-122.06315,36.98289],[-122.06487,36.98371],[-122.06623,36.9846],[-122.06759,36.98592],[-122.06845,36.9872],[-122.06913,36.9888],[-122.06933,36.98982],[-122.0694,36.99144],[-122.06989,36.9922],[-122.06988,36.99278],[-122.07011,36.99337],[-122.07002,36.99368],[-122.0693,36.99458],[-122.06893,36.99574],[-122.06913,36.99718],[-122.0688,36.99796],[-122.0687,36.999],[-122.06981,37.00129],[-122.07045,37.0015],[-122.07172,37.00157],[-122.07259,37.00239],[-122.07299,37.00297],[-122.07394,37.00574],[-122.0747,37.00648],[-122.07502,37.00697],[-122.07581,37.0097],[-122.07576,37.01014],[-122.07512,37.01212],[-122.07525,37.0133],[-122.07578,37.01478],[-122.07709,37.01624],[-122.08029,37.01831],[-122.08431,37.02121],[-122.08673,37.02258],[-122.08818,37.02308],[-122.08933,37.02392],[-122.0898,37.02416],[-122.09281,37.02496],[-122.09377,37.02542],[-122.09461,37.02607],[-122.09516,37.02633],[-122.09599,37.02642],[-122.09771,37.02609],[-122.09857,37.02628],[-122.09916,37.02679],[-122.10142,37.02982],[-122.10193,37.03019],[-122.10359,37.03104],[-122.10406,37.03112],[-122.10455,37.03094],[-122.10478,37.03068],[-122.10495,37.0301],[-122.10554,37.02956],[-122.10634,37.02956],[-122.10708,37.02923],[-122.10759,37.02917],[-122.10796,37.02929],[-122.10873,37.02987],[-122.1089,37.0307],[-122.10953,37.03124],[-122.10995,37.03201],[-122.11008,37.03278],[-122.10885,37.03503],[-122.10847,37.03533],[-122.1074,37.03561],[-122.10701,37.03581],[-122.10602,37.03722],[-122.10599,37.03766],[-122.10624,37.03802],[-122.10743,37.03838],[-122.10768,37.03868],[-122.10762,37.03894],[-122.10665,37.03973],[-122.10656,37.04105],[-122.10643,37.04164],[-122.10649,37.04229],[-122.10818,37.04356],[-122.10869,37.04473],[-122.10898,37.04511],[-122.10993,37.04574],[-122.11163,37.04634],[-122.11303,37.04754],[-122.1149,37.04853],[-122.11551,37.04963],[-122.11554,37.04984],[-122.11557,37.05169],[-122.11511,37.05275],[-122.11532,37.05322],[-122.11577,37.0535],[-122.11812,37.0543],[-122.11975,37.05543],[-122.12132,37.05588],[-122.12282,37.05731],[-122.12329,37.05822],[-122.12416,37.05876],[-122.12437,37.05898],[-122.12446,37.05935],[-122.12424,37.05974],[-122.12389,37.05994],[-122.12306,37.06001],[-122.12263,37.06017],[-122.12158,37.06109],[-122.1214,37.06146],[-122.12144,37.06198],[-122.12161,37.06227],[-122.12293,37.06351],[-122.12319,37.06392],[-122.12315,37.06451],[-122.1226,37.06644],[-122.12269,37.06713],[-122.12391,37.06939],[-122.12483,37.07076],[-122.1258,37.07143],[-122.1271,37.07217],[-122.12953,37.07323],[-122.13149,37.07578],[-122.13169,37.07652],[-122.13153,37.07725],[-122.13165,37.07753],[-122.13214,37.07785],[-122.13309,37.07814],[-122.13332,37.0783],[-122.1336,37.07877],[-122.13577,37.08493],[-122.13615,37.0856],[-122.13607,37.08675],[-122.13627,37.08753],[-122.13658,37.08798],[-122.13798,37.0893],[-122.14103,37.09261],[-122.14111,37.09289],[-122.14114,37.09538],[-122.14151,37.09603],[-122.14234,37.09656],[-122.1426,37.09689],[-122.14271,37.09726],[-122.14277,37.09856],[-122.14293,37.09876],[-122.1436,37.09921],[-122.14375,37.09977],[-122.14368,37.10008],[-122.14332,37.10059],[-122.14253,37.10114],[-122.14104,37.10341],[-122.14089,37.1039],[-122.14107,37.10433],[-122.1425,37.10576],[-122.14319,37.10722],[-122.14404,37.10799],[-122.14436,37.10818],[-122.14575,37.10844],[-122.14623,37.10862],[-122.14774,37.11047],[-122.14824,37.11068],[-122.14913,37.11087],[-122.14994,37.11124],[-122.15064,37.11177],[-122.15215,37.11329],[-122.15426,37.11465],[-122.15552,37.11643],[-122.15707,37.11891],[-122.1592,37.12176],[-122.15934,37.1221],[-122.15935,37.12316],[-122.15952,37.12352],[-122.1608,37.12464],[-122.16253,37.12562],[-122.16417,37.12804],[-122.16653,37.12949],[-122.16707,37.13001],[-122.16847,37.1318],[-122.16916,37.13299],[-122.17144,37.13514],[-122.172,37.13583],[-122.17244,37.13668],[-122.17266,37.13754],[-122.17316,37.13867],[-122.17345,37.13908],[-122.1741,37.13914],[-122.1755,37.13882],[-122.17628,37.13847],[-122.17813,37.13852],[-122.17854,37.13875],[-122.17886,37.13943],[-122.17919,37.13979],[-122.17956,37.13996],[-122.18156,37.14025],[-122.18292,37.14002],[-122.18341,37.14002],[-122.18369,37.14012],[-122.18401,37.14041],[-122.18438,37.14113],[-122.18463,37.14138],[-122.18712,37.14189],[-122.18829,37.14194],[-122.18932,37.14256],[-122.19132,37.14281],[-122.19186,37.14277],[-122.19279,37.14254],[-122.19505,37.1426],[-122.19589,37.14264],[-122.19723,37.14306],[-122.19946,37.14253],[-122.20046,37.14267],[-122.20094,37.14261],[-122.20157,37.14211],[-122.20181,37.14153],[-122.20206,37.14034]]]}},{"type":"Feature","properties":{"id":"bonny-doon","name":"Bonny Doon Road","difficulty":2,"character":"Medium speed"},"geometry":{"type":"MultiLineString","coordinates":[[[-122.1453,37.06417],[-122.14604,37.0652],[-122.14693,37.06546],[-122.14741,37.06576],[-122.15752,37.06584],[-122.15808,37.06568],[-122.15851,37.06515],[-122.1587,37.06438],[-122.15857,37.06243],[-122.15862,37.06177],[-122.1608,37.05485],[-122.16081,37.04779],[-122.16056,37.04746],[-122.1604,37.0474],[-122.15522,37.04753],[-122.15514,37.04742],[-122.15515,37.04389],[-122.1522,37.04395],[-122.15188,37.04388],[-122.15134,37.04357],[-122.1512,37.04254],[-122.15074,37.0421],[-122.15053,37.04206],[-122.15052,37.04185],[-122.15071,37.04142],[-122.15151,37.04072],[-122.1519,37.04015],[-122.15194,37.03645],[-122.15257,37.03493],[-122.15357,37.03388],[-122.15833,37.0312],[-122.15956,37.03064],[-122.15989,37.02996],[-122.16034,37.02967],[-122.16111,37.02948],[-122.16167,37.02952],[-122.16214,37.02943],[-122.16269,37.029],[-122.16319,37.02685],[-122.16354,37.02642],[-122.16512,37.02546],[-122.16576,37.02437],[-122.16624,37.0224],[-122.16697,37.02063],[-122.16726,37.01822],[-122.16759,37.01774],[-122.16807,37.01729],[-122.16932,37.01664],[-122.16998,37.01645],[-122.17148,37.01621],[-122.17275,37.01551],[-122.17385,37.0155],[-122.17454,37.0151],[-122.17494,37.01424],[-122.1754,37.0138],[-122.17642,37.01246],[-122.17645,37.01227],[-122.17592,37.01107],[-122.1751,37.00973],[-122.17536,37.00836],[-122.17557,37.00791],[-122.1757,37.00683],[-122.17558,37.00635],[-122.17583,37.00563],[-122.17582,37.00512],[-122.17627,37.00452],[-122.17731,37.00386],[-122.17772,37.00333],[-122.17786,37.00296],[-122.17826,37.00264],[-122.17868,37.00202],[-122.18045,37.00101]],[[-122.15065,37.04155],[-122.15154,37.04083],[-122.15182,37.04046],[-122.15188,37.0402]]]}},{"type":"Feature","properties":{"id":"jamison","name":"Jamison Creek Road","difficulty":3,"character":"Technical"},"geometry":{"type":"MultiLineString","coordinates":[[[-122.15785,37.1462],[-122.15852,37.14628],[-122.15979,37.14671],[-122.16145,37.14766],[-122.16252,37.14809],[-122.16308,37.14849],[-122.16414,37.14958],[-122.16455,37.14979],[-122.16562,37.1498],[-122.1667,37.15014],[-122.16767,37.15016],[-122.16809,37.15007],[-122.16962,37.14929],[-122.17047,37.14922],[-122.17179,37.14946],[-122.17257,37.14991],[-122.17336,37.15004],[-122.1737,37.15024],[-122.17396,37.15054],[-122.17487,37.1505],[-122.17609,37.15074],[-122.17686,37.15077],[-122.17767,37.1512],[-122.178,37.15124],[-122.17811,37.15111],[-122.17807,37.15095],[-122.17689,37.15028],[-122.17733,37.14967],[-122.17751,37.14909],[-122.17739,37.14888],[-122.17711,37.14887],[-122.17667,37.14914],[-122.17594,37.14912],[-122.17528,37.14923],[-122.1749,37.14862],[-122.17436,37.14832],[-122.17423,37.14803],[-122.17454,37.14795],[-122.17576,37.14823],[-122.17607,37.14814],[-122.17647,37.14766],[-122.17731,37.1477],[-122.17767,37.14742],[-122.17779,37.14701],[-122.17802,37.14689],[-122.17842,37.14644],[-122.17858,37.14652],[-122.17897,37.14718],[-122.17964,37.14701],[-122.17995,37.14684],[-122.18066,37.14582],[-122.1807,37.14543],[-122.18054,37.14513],[-122.18054,37.14484],[-122.18007,37.14398],[-122.18047,37.14311],[-122.18075,37.14304],[-122.18119,37.14319],[-122.18176,37.1432],[-122.18229,37.14342],[-122.18257,37.14331],[-122.18253,37.14309],[-122.18201,37.14284],[-122.18157,37.14244],[-122.18151,37.14221],[-122.18168,37.14199],[-122.182,37.14198],[-122.18244,37.1424],[-122.18306,37.14257],[-122.18325,37.14255],[-122.18368,37.14229],[-122.18403,37.14231],[-122.1846,37.14282],[-122.18489,37.14291],[-122.18567,37.14279],[-122.18702,37.14205],[-122.18712,37.14189]]]}},{"type":"Feature","properties":{"id":"big-basin","name":"Big Basin Highway \u00b7 Hwy 236","difficulty":3,"character":"Technical"},"geometry":{"type":"MultiLineString","coordinates":[[[-122.1223,37.12537],[-122.12461,37.12489],[-122.1265,37.12491],[-122.12826,37.12545],[-122.12995,37.12614],[-122.13141,37.12703],[-122.13209,37.12791],[-122.13352,37.12895],[-122.13389,37.1299],[-122.13425,37.13029],[-122.13681,37.13174],[-122.13715,37.13195],[-122.13746,37.13232],[-122.13825,37.1327],[-122.13853,37.13296],[-122.13911,37.13381],[-122.14034,37.13457],[-122.14179,37.13653],[-122.14231,37.13774],[-122.14289,37.13832],[-122.14318,37.13845],[-122.14445,37.13817],[-122.1455,37.13835],[-122.14708,37.13835],[-122.1479,37.13892],[-122.15048,37.13992],[-122.15184,37.13982],[-122.15239,37.14003],[-122.15255,37.14029],[-122.15267,37.14136],[-122.15298,37.14182],[-122.15509,37.14335],[-122.15604,37.14378],[-122.15785,37.1462],[-122.15794,37.14696],[-122.15755,37.14827],[-122.15722,37.14867],[-122.15721,37.14894],[-122.15746,37.14916],[-122.15819,37.14954],[-122.15919,37.1504],[-122.16005,37.15177],[-122.1608,37.15245],[-122.16181,37.15457],[-122.16189,37.15501],[-122.16184,37.15757],[-122.16268,37.15945],[-122.16285,37.1604],[-122.16284,37.16109],[-122.16245,37.16215],[-122.16212,37.16386],[-122.16219,37.16437],[-122.16285,37.16491],[-122.16508,37.16645],[-122.16668,37.16812],[-122.17096,37.17034],[-122.17093,37.17065],[-122.17063,37.17071],[-122.16907,37.17012],[-122.16763,37.1697],[-122.16741,37.16974],[-122.16727,37.16991],[-122.16727,37.17014],[-122.1674,37.1703],[-122.16757,37.17036],[-122.16811,37.17027],[-122.16868,37.1704],[-122.17067,37.1717],[-122.17228,37.17221],[-122.17333,37.17272],[-122.17439,37.17291],[-122.1755,37.17327],[-122.176,37.17328],[-122.17703,37.17273],[-122.17792,37.17245],[-122.17841,37.17162],[-122.17904,37.17097],[-122.17959,37.17084],[-122.18204,37.17124],[-122.18251,37.17123],[-122.18306,37.17109],[-122.18409,37.17048],[-122.18469,37.17023],[-122.18556,37.1696],[-122.18583,37.16898],[-122.18585,37.16813],[-122.18625,37.16752],[-122.18763,37.16641],[-122.18924,37.1654],[-122.1909,37.16525],[-122.19316,37.16534],[-122.19364,37.16508],[-122.19448,37.1649],[-122.19492,37.16444],[-122.19521,37.16432],[-122.19629,37.16423],[-122.19695,37.16363],[-122.19743,37.16347],[-122.198,37.16361],[-122.19895,37.16457],[-122.1991,37.165],[-122.19889,37.16578],[-122.19869,37.16615],[-122.19782,37.16658],[-122.19663,37.16694],[-122.19651,37.16709],[-122.19661,37.16756],[-122.19704,37.16781],[-122.19889,37.16778],[-122.19987,37.16765],[-122.20064,37.1672],[-122.20166,37.16592],[-122.20193,37.16571],[-122.20281,37.16556],[-122.20356,37.16558],[-122.20559,37.1665],[-122.20615,37.16669],[-122.20736,37.16689],[-122.20834,37.16733],[-122.20963,37.16752],[-122.21183,37.16842],[-122.21441,37.16839],[-122.21559,37.16878],[-122.2177,37.16855],[-122.22108,37.16845],[-122.22161,37.16866],[-122.22236,37.1702],[-122.22241,37.17041],[-122.22201,37.17221],[-122.22166,37.1729],[-122.22128,37.1731],[-122.22101,37.17283],[-122.22084,37.17284],[-122.22063,37.17338],[-122.22043,37.17344],[-122.22019,37.17336],[-122.22007,37.1732],[-122.21993,37.17277],[-122.21971,37.17276],[-122.21937,37.17304],[-122.21974,37.17397],[-122.22061,37.17398],[-122.22093,37.17446],[-122.2209,37.17477],[-122.22046,37.17498],[-122.22038,37.1752],[-122.21979,37.17543],[-122.21907,37.1759],[-122.21891,37.17588],[-122.21874,37.17545],[-122.21822,37.17518],[-122.21717,37.175],[-122.21696,37.17503],[-122.21702,37.17552],[-122.21577,37.17663],[-122.21572,37.17729],[-122.21591,37.17789],[-122.21552,37.17821],[-122.21502,37.1783],[-122.21508,37.17872],[-122.21463,37.17921],[-122.2145,37.17952],[-122.21453,37.17992],[-122.21486,37.18047],[-122.21428,37.18092],[-122.21394,37.18142],[-122.21385,37.18176],[-122.21319,37.18252],[-122.2132,37.1838],[-122.21283,37.18446],[-122.21241,37.18492],[-122.21241,37.1852],[-122.21209,37.18561],[-122.21241,37.18634],[-122.2126,37.18637],[-122.21318,37.18616],[-122.21341,37.18632],[-122.21396,37.18711],[-122.21425,37.18825],[-122.21407,37.18864],[-122.21351,37.18903],[-122.21301,37.18916],[-122.21288,37.18977],[-122.2132,37.19051],[-122.21281,37.19172],[-122.21231,37.19231],[-122.21235,37.19264],[-122.21259,37.19288],[-122.21257,37.1931],[-122.21212,37.19366],[-122.21209,37.19427],[-122.21187,37.19438],[-122.21176,37.19458],[-122.21139,37.19457],[-122.21112,37.19471],[-122.21007,37.19646],[-122.20964,37.19671],[-122.20955,37.19696],[-122.20883,37.19679],[-122.20858,37.19686],[-122.20829,37.19709],[-122.20704,37.19725],[-122.20616,37.19701],[-122.20536,37.19714],[-122.20354,37.19721],[-122.20328,37.19705],[-122.20316,37.19642],[-122.20231,37.19616],[-122.20192,37.19638],[-122.20157,37.19677],[-122.201,37.19705],[-122.20054,37.19714],[-122.19864,37.19678],[-122.19558,37.19642],[-122.19465,37.196],[-122.19435,37.19598],[-122.19371,37.19649],[-122.19364,37.19674],[-122.19399,37.19692],[-122.19435,37.19691],[-122.19511,37.19748],[-122.1955,37.1975],[-122.19579,37.19788],[-122.19601,37.19871],[-122.19689,37.19941],[-122.19754,37.19955],[-122.19754,37.19966],[-122.19728,37.19989],[-122.19736,37.2006],[-122.19717,37.20069],[-122.19665,37.20028],[-122.19578,37.20009],[-122.19546,37.19989],[-122.19517,37.19991],[-122.19498,37.20006],[-122.19497,37.20111],[-122.19489,37.2015],[-122.19472,37.20168],[-122.19436,37.2018],[-122.19229,37.20189],[-122.19158,37.2017],[-122.19052,37.2011],[-122.18971,37.2005],[-122.18936,37.2004],[-122.18891,37.20051],[-122.18862,37.20034],[-122.18829,37.19994],[-122.18746,37.19982],[-122.18688,37.19964],[-122.18625,37.19904],[-122.18594,37.19832],[-122.18503,37.19795],[-122.18449,37.19806],[-122.18424,37.19803],[-122.18349,37.19713],[-122.1829,37.19698],[-122.18234,37.19735],[-122.182,37.1973],[-122.18187,37.19717],[-122.18174,37.19661],[-122.18072,37.19585],[-122.18023,37.19566],[-122.17969,37.19561],[-122.1795,37.19537],[-122.17937,37.1949],[-122.1792,37.19479],[-122.17898,37.19478],[-122.17868,37.19495],[-122.17825,37.19468],[-122.17802,37.19479],[-122.17786,37.19503],[-122.17736,37.19495],[-122.17693,37.19504],[-122.17685,37.19462],[-122.17551,37.19409],[-122.17495,37.19353],[-122.17486,37.19311],[-122.175,37.19286],[-122.17488,37.19272],[-122.17458,37.19275],[-122.174,37.19317],[-122.17353,37.19337],[-122.17283,37.19342],[-122.17181,37.19368],[-122.17112,37.1936],[-122.17057,37.19326],[-122.17014,37.19324],[-122.16957,37.19305],[-122.16923,37.19307],[-122.16885,37.19342],[-122.16911,37.19378],[-122.16909,37.1941],[-122.1683,37.19468],[-122.16676,37.19511],[-122.16628,37.1951],[-122.16593,37.19532],[-122.16503,37.19527],[-122.16438,37.19541],[-122.1637,37.19534],[-122.16285,37.19563],[-122.16285,37.19665],[-122.16313,37.1972],[-122.16373,37.19756],[-122.16416,37.19753],[-122.16438,37.19768],[-122.16436,37.19789],[-122.16402,37.19836],[-122.164,37.19863],[-122.16416,37.19882],[-122.1645,37.19896],[-122.16457,37.19914],[-122.16428,37.1994],[-122.16399,37.19996],[-122.16362,37.20019],[-122.16316,37.20103],[-122.16273,37.20145],[-122.16246,37.20152],[-122.16182,37.20124],[-122.16141,37.20127],[-122.16128,37.20141],[-122.16122,37.20176],[-122.16077,37.20212],[-122.16032,37.20238],[-122.15986,37.20245],[-122.1585,37.20217],[-122.15724,37.20157],[-122.15705,37.2016],[-122.1571,37.20182],[-122.15753,37.20207],[-122.15769,37.20236],[-122.15812,37.20269],[-122.15822,37.20299],[-122.15802,37.20346],[-122.15797,37.20472],[-122.15724,37.2054],[-122.15725,37.20584],[-122.15761,37.20625],[-122.15764,37.20661],[-122.15693,37.2073],[-122.15603,37.20771],[-122.15611,37.20791],[-122.15652,37.20821],[-122.15676,37.20857],[-122.15678,37.20891],[-122.15652,37.2094],[-122.15696,37.20978],[-122.15717,37.21011],[-122.15708,37.21086],[-122.15668,37.21157]]]}},{"type":"Feature","properties":{"id":"old-santa-cruz","name":"Old Santa Cruz Highway","difficulty":2,"character":"Low speed"},"geometry":{"type":"MultiLineString","coordinates":[[[-121.99272,37.19104],[-121.99243,37.19066],[-121.99235,37.1898],[-121.99115,37.18785],[-121.99096,37.18718],[-121.99092,37.1865],[-121.99103,37.18581],[-121.99134,37.18504],[-121.99346,37.18133],[-121.99353,37.18088],[-121.99329,37.18055],[-121.99292,37.18041],[-121.99216,37.18053],[-121.98967,37.18063],[-121.98934,37.18054],[-121.98923,37.18039],[-121.98915,37.17958],[-121.98953,37.17822],[-121.98955,37.17748],[-121.98843,37.17571],[-121.98829,37.17467],[-121.98718,37.17345],[-121.9872,37.1733],[-121.98756,37.17285],[-121.98736,37.17242],[-121.98731,37.1719],[-121.9876,37.1715],[-121.98758,37.17125],[-121.98667,37.17101],[-121.98654,37.17094],[-121.98631,37.17044],[-121.98562,37.17023],[-121.98537,37.17005],[-121.9851,37.16971],[-121.98508,37.16902],[-121.98489,37.16888],[-121.98413,37.16864],[-121.98372,37.16837],[-121.9831,37.16678],[-121.98234,37.16608],[-121.9824,37.16574],[-121.98256,37.1656],[-121.98339,37.16538],[-121.98403,37.1648],[-121.98573,37.1643],[-121.98656,37.16434],[-121.98703,37.16401],[-121.98777,37.16392],[-121.98789,37.16368],[-121.98774,37.16357],[-121.98747,37.16354],[-121.98611,37.16369],[-121.98586,37.1636],[-121.98513,37.16307],[-121.98442,37.16313],[-121.98405,37.163],[-121.9839,37.1628],[-121.98375,37.16196],[-121.98275,37.16165],[-121.98217,37.1611],[-121.98195,37.16044],[-121.98008,37.15964],[-121.97998,37.15918],[-121.97914,37.1588],[-121.979,37.15854],[-121.97896,37.15806],[-121.97847,37.15764],[-121.97868,37.1572],[-121.9797,37.1569],[-121.97991,37.15676],[-121.97996,37.15663],[-121.97979,37.15608],[-121.9799,37.15579],[-121.98011,37.15558],[-121.98085,37.15516],[-121.98229,37.15358],[-121.98237,37.15327],[-121.98223,37.15255],[-121.98257,37.15193],[-121.98259,37.15143],[-121.98241,37.15128],[-121.98222,37.15127],[-121.98134,37.15149],[-121.98069,37.1513],[-121.98003,37.15131],[-121.97923,37.15113],[-121.97827,37.15156],[-121.97736,37.15128],[-121.97695,37.15137],[-121.97646,37.15165],[-121.97603,37.15205],[-121.97535,37.15187],[-121.97473,37.15183],[-121.97418,37.15124],[-121.97371,37.15091],[-121.97346,37.15014],[-121.97481,37.14759],[-121.97479,37.14727],[-121.97466,37.14715],[-121.97385,37.1469],[-121.97267,37.1467],[-121.97218,37.14645],[-121.97138,37.14576],[-121.97066,37.14477],[-121.97018,37.14429],[-121.9698,37.1435],[-121.96913,37.14312],[-121.96806,37.14285],[-121.96786,37.14249],[-121.968,37.14186],[-121.96846,37.14108],[-121.96856,37.14073],[-121.96825,37.13947],[-121.9673,37.13816],[-121.96718,37.13767],[-121.96811,37.13666],[-121.96856,37.13645],[-121.96954,37.13653],[-121.97002,37.13644],[-121.97053,37.13664],[-121.97071,37.13656],[-121.97113,37.13598],[-121.97154,37.13598],[-121.9726,37.13664],[-121.97424,37.13803],[-121.97465,37.13893],[-121.97482,37.139],[-121.97504,37.139],[-121.97557,37.1386],[-121.9762,37.1385],[-121.9772,37.13871],[-121.97728,37.13924],[-121.97739,37.1394],[-121.97786,37.13945],[-121.97837,37.13974],[-121.97964,37.1394],[-121.9798,37.13946],[-121.98004,37.13976],[-121.98022,37.13982],[-121.98088,37.13955],[-121.98143,37.13976],[-121.98176,37.13962],[-121.98244,37.13957],[-121.98253,37.13948],[-121.9825,37.13921],[-121.98171,37.13821],[-121.98174,37.13802],[-121.98214,37.13765],[-121.98212,37.1374],[-121.9818,37.13727],[-121.98072,37.13727],[-121.97994,37.13717],[-121.97958,37.13695],[-121.97946,37.13583],[-121.97871,37.13481],[-121.97865,37.13379],[-121.97826,37.13341],[-121.97828,37.13325],[-121.97859,37.13288],[-121.9786,37.13272],[-121.9784,37.13251],[-121.97776,37.13227],[-121.97773,37.13206],[-121.97797,37.1317],[-121.97799,37.13147],[-121.97766,37.1312],[-121.97746,37.13059],[-121.97648,37.12985],[-121.97613,37.12948],[-121.97567,37.12811],[-121.97579,37.1278]]]}},{"type":"Feature","properties":{"id":"soquel","name":"Soquel\u2013San Jose Road","difficulty":2,"character":"Medium speed"},"geometry":{"type":"MultiLineString","coordinates":[[[-121.92538,37.11869],[-121.9261,37.11821],[-121.92834,37.11828],[-121.93005,37.11792],[-121.93054,37.11774],[-121.93075,37.11756],[-121.93117,37.11681],[-121.93138,37.11662],[-121.9325,37.11626],[-121.9341,37.11595],[-121.93509,37.11623],[-121.93569,37.11617],[-121.93599,37.11603],[-121.93759,37.11483],[-121.93955,37.11427],[-121.94061,37.1134],[-121.94296,37.11254],[-121.94417,37.11235],[-121.94501,37.11252],[-121.94656,37.11302],[-121.94733,37.11292],[-121.9476,37.11282],[-121.94832,37.11215],[-121.94869,37.11151],[-121.94869,37.11105],[-121.94782,37.10979],[-121.94747,37.10947],[-121.94639,37.10918],[-121.94598,37.10897],[-121.94512,37.10732],[-121.94507,37.10685],[-121.94533,37.10636],[-121.94811,37.10439],[-121.94828,37.10399],[-121.94824,37.10368],[-121.94751,37.10277],[-121.94753,37.10239],[-121.94782,37.10167],[-121.94741,37.09974],[-121.9475,37.09912],[-121.94776,37.09795],[-121.94844,37.09694],[-121.94856,37.09569],[-121.94874,37.09541],[-121.94915,37.09513],[-121.94996,37.0948],[-121.95034,37.09426],[-121.95033,37.09376],[-121.94954,37.09253],[-121.94953,37.09091],[-121.94995,37.09045],[-121.95113,37.09002],[-121.95159,37.08955],[-121.95163,37.08924],[-121.95145,37.08882],[-121.95092,37.08818],[-121.95094,37.08746],[-121.95121,37.08628],[-121.95107,37.08525],[-121.95027,37.08396],[-121.94962,37.08326],[-121.94931,37.08303],[-121.9486,37.08284],[-121.94812,37.08261],[-121.94711,37.08161],[-121.94589,37.08116],[-121.94536,37.08029],[-121.9449,37.07978],[-121.94246,37.07774],[-121.93999,37.07652],[-121.93874,37.07482],[-121.93824,37.07361],[-121.93822,37.07328],[-121.93845,37.07261],[-121.9385,37.07208],[-121.93824,37.0709],[-121.93858,37.07006],[-121.93859,37.06928],[-121.93869,37.06907],[-121.9399,37.06793],[-121.94009,37.06732],[-121.94091,37.06583],[-121.94091,37.06544],[-121.94058,37.06449],[-121.94066,37.06358],[-121.94133,37.0619],[-121.94104,37.06113],[-121.94103,37.06043],[-121.94128,37.05903],[-121.94192,37.05701],[-121.942,37.05648],[-121.94173,37.05604],[-121.9402,37.05535],[-121.93982,37.05494],[-121.93926,37.05277],[-121.9382,37.05091],[-121.93806,37.05023],[-121.93815,37.04659],[-121.93827,37.04625],[-121.93861,37.04592],[-121.94069,37.04512],[-121.94079,37.045],[-121.94224,37.04217],[-121.94256,37.04057],[-121.9431,37.0393],[-121.94433,37.03835],[-121.94458,37.03803],[-121.94459,37.03726],[-121.94447,37.03687],[-121.94396,37.03591],[-121.94403,37.03532],[-121.94531,37.03372],[-121.94569,37.0331],[-121.94615,37.03273],[-121.94688,37.03237],[-121.94784,37.03124],[-121.94819,37.03057],[-121.94808,37.02874],[-121.94826,37.02816],[-121.94874,37.02767],[-121.94918,37.02744],[-121.95057,37.02708],[-121.95111,37.02664],[-121.95129,37.02619],[-121.95134,37.02588],[-121.95113,37.0252],[-121.95113,37.02439],[-121.95167,37.02188],[-121.95173,37.02109],[-121.95153,37.01978],[-121.95184,37.0188],[-121.95234,37.01815],[-121.95252,37.01749],[-121.95189,37.01631],[-121.95187,37.01572],[-121.95312,37.01149],[-121.95328,37.01013],[-121.95359,37.00916],[-121.95344,37.00839],[-121.95265,37.00705],[-121.95263,37.00658],[-121.95331,37.00532],[-121.95474,37.0032],[-121.95502,37.00183],[-121.9557,37.00062],[-121.95592,36.99999],[-121.95606,36.99929],[-121.95606,36.9979],[-121.95718,36.99341],[-121.9573,36.99073]]]}},{"type":"Feature","properties":{"id":"calaveras","name":"Calaveras Road","difficulty":3,"character":"Technical"},"geometry":{"type":"MultiLineString","coordinates":[[[-121.86666,37.44043],[-121.86603,37.44081],[-121.8657,37.44118],[-121.86533,37.44221],[-121.865,37.44267],[-121.86405,37.44353],[-121.86256,37.4443],[-121.86067,37.44476],[-121.85867,37.44498],[-121.8585,37.44509],[-121.85802,37.44578],[-121.85771,37.44595],[-121.85674,37.44581],[-121.85546,37.44598],[-121.85308,37.44676],[-121.85164,37.44694],[-121.84718,37.44868],[-121.84663,37.44859],[-121.84577,37.44802],[-121.84489,37.44766],[-121.84413,37.44707],[-121.8438,37.44664],[-121.84356,37.44563],[-121.8428,37.44498],[-121.84208,37.44466],[-121.84101,37.44454],[-121.8379,37.44335],[-121.8369,37.44278],[-121.83519,37.44334],[-121.83505,37.44348],[-121.835,37.44403],[-121.83482,37.44432],[-121.83404,37.44462],[-121.83374,37.44483],[-121.83247,37.44616],[-121.83208,37.44629],[-121.83107,37.4464],[-121.83048,37.44634],[-121.82944,37.44608],[-121.82895,37.44629],[-121.82884,37.44651],[-121.829,37.44718],[-121.82995,37.44757],[-121.83041,37.44792],[-121.83222,37.44809],[-121.83211,37.44837],[-121.8315,37.44879],[-121.83138,37.44909],[-121.83203,37.44949],[-121.83211,37.45004],[-121.83254,37.45067],[-121.83245,37.45122],[-121.83277,37.45164],[-121.83209,37.45222],[-121.83209,37.45276],[-121.83194,37.45297],[-121.83114,37.45335],[-121.83028,37.45356],[-121.83005,37.45375],[-121.83011,37.45389],[-121.83049,37.4541],[-121.83204,37.45416],[-121.83305,37.45403],[-121.83325,37.45418],[-121.83333,37.45443],[-121.83254,37.45507],[-121.83118,37.4558],[-121.83083,37.4561],[-121.83082,37.45622],[-121.83094,37.45632],[-121.83193,37.45658],[-121.83211,37.45671],[-121.83199,37.45687],[-121.83109,37.45735],[-121.83096,37.45813],[-121.83139,37.45884],[-121.83155,37.45886],[-121.8321,37.45862],[-121.8325,37.45894],[-121.83282,37.45904],[-121.83356,37.4588],[-121.83482,37.45932],[-121.83472,37.45951],[-121.83377,37.45967],[-121.83334,37.46003],[-121.83254,37.46017],[-121.83227,37.46046],[-121.83178,37.46059],[-121.83169,37.46079],[-121.83179,37.46155],[-121.8321,37.462],[-121.83221,37.46268],[-121.833,37.46348],[-121.8332,37.46381],[-121.83294,37.46474],[-121.83326,37.46545],[-121.83322,37.4667],[-121.83332,37.46696],[-121.83379,37.46745],[-121.83433,37.46825],[-121.83502,37.46822],[-121.83571,37.46846],[-121.83602,37.46867],[-121.83655,37.46861],[-121.83665,37.46868],[-121.83645,37.46904],[-121.83612,37.46922],[-121.8349,37.4693],[-121.8347,37.47012],[-121.83362,37.47004],[-121.83342,37.47012],[-121.83319,37.47053],[-121.83314,37.47099],[-121.83267,37.47132],[-121.83259,37.47161],[-121.83273,37.47192],[-121.83306,37.4723],[-121.83313,37.47283],[-121.83362,37.47316],[-121.83391,37.47358],[-121.83378,37.4737],[-121.833,37.47391],[-121.83234,37.47427],[-121.83254,37.47506],[-121.83287,37.47547],[-121.83214,37.47598],[-121.8317,37.47675],[-121.83205,37.47722],[-121.8322,37.47778],[-121.83239,37.47798],[-121.83299,37.47808],[-121.83348,37.47792],[-121.83358,37.47806],[-121.83343,37.47831],[-121.83286,37.47879],[-121.83194,37.47895],[-121.83095,37.47897],[-121.83057,37.47913],[-121.83047,37.4793],[-121.83064,37.48086],[-121.83109,37.48159],[-121.83125,37.48165],[-121.83171,37.48156],[-121.83278,37.48159],[-121.83294,37.48168],[-121.83291,37.48186],[-121.83226,37.48277],[-121.83218,37.48322],[-121.83244,37.4837],[-121.83312,37.48373],[-121.8333,37.48383],[-121.83289,37.48491],[-121.83297,37.48522],[-121.83321,37.48542],[-121.83396,37.48566],[-121.8345,37.48598],[-121.83509,37.48592],[-121.8353,37.48624],[-121.83615,37.48637],[-121.83635,37.48651],[-121.8363,37.48664],[-121.83529,37.48733],[-121.83512,37.48793],[-121.83457,37.48766],[-121.83413,37.48769],[-121.83356,37.4883],[-121.83338,37.48827],[-121.83324,37.48799],[-121.83304,37.48792],[-121.8327,37.48834],[-121.83245,37.48846],[-121.83196,37.48815],[-121.83167,37.48769],[-121.8312,37.48758],[-121.83056,37.48781],[-121.82992,37.4884],[-121.82998,37.48861],[-121.83051,37.48909],[-121.83038,37.48939],[-121.8304,37.48993],[-121.83092,37.49016],[-121.831,37.4903],[-121.83101,37.49064],[-121.83056,37.49067],[-121.83041,37.49077],[-121.8303,37.49165],[-121.83041,37.49195],[-121.83108,37.49257],[-121.83093,37.49265],[-121.83009,37.49254],[-121.82989,37.49265],[-121.82982,37.4929],[-121.82993,37.49304],[-121.83078,37.49335],[-121.83105,37.49367],[-121.83116,37.49407],[-121.83106,37.4945],[-121.83133,37.49524],[-121.83164,37.49576],[-121.83211,37.49599],[-121.83209,37.49634],[-121.83229,37.4966],[-121.83322,37.49699],[-121.8339,37.49704],[-121.83433,37.49696],[-121.83456,37.49708],[-121.83412,37.49749],[-121.83328,37.49768],[-121.83271,37.49794],[-121.83235,37.49823],[-121.83218,37.49864],[-121.83218,37.49955],[-121.83199,37.50059],[-121.83287,37.50375],[-121.83278,37.50481],[-121.83304,37.506],[-121.83395,37.50765],[-121.83429,37.50797],[-121.83485,37.50819],[-121.83521,37.50897],[-121.83577,37.50917],[-121.83647,37.50924],[-121.83654,37.50985],[-121.83747,37.51066],[-121.83889,37.5112],[-121.83908,37.51138],[-121.83906,37.51154],[-121.83887,37.51169],[-121.83786,37.51177],[-121.83688,37.51166],[-121.83621,37.51187],[-121.83525,37.51239],[-121.83511,37.51258],[-121.83513,37.51273],[-121.8358,37.51312],[-121.83755,37.51364],[-121.83871,37.51427],[-121.84009,37.51423],[-121.84043,37.51431],[-121.84088,37.51474],[-121.84112,37.51533],[-121.84248,37.51599],[-121.84299,37.51644],[-121.84344,37.51709],[-121.84457,37.51745],[-121.84486,37.5179],[-121.84535,37.51833],[-121.84644,37.52002],[-121.84677,37.5202],[-121.84762,37.52031],[-121.84798,37.52052],[-121.8481,37.52084],[-121.84764,37.52142],[-121.84789,37.52211],[-121.84787,37.52352],[-121.8484,37.52485],[-121.84889,37.52555],[-121.84948,37.52603],[-121.8504,37.5273],[-121.85219,37.52911],[-121.85292,37.5301],[-121.85377,37.53362],[-121.85382,37.53418],[-121.85379,37.53443],[-121.85243,37.53686],[-121.85238,37.53728],[-121.85264,37.53785],[-121.85452,37.54057],[-121.85523,37.54121],[-121.85676,37.54295],[-121.85734,37.54383],[-121.85774,37.54914],[-121.85728,37.55076],[-121.85745,37.55122],[-121.85887,37.55359],[-121.85905,37.55411],[-121.85927,37.55583],[-121.85948,37.55654],[-121.86069,37.56049],[-121.86148,37.56234],[-121.86163,37.56392],[-121.86289,37.56821],[-121.86307,37.56953],[-121.86415,37.57218],[-121.8648,37.57579],[-121.86538,37.57807],[-121.86889,37.58696],[-121.86936,37.58781]]]}},{"type":"Feature","properties":{"id":"palomares","name":"Palomares Road","difficulty":3,"character":"Technical"},"geometry":{"type":"MultiLineString","coordinates":[[[-122.02412,37.69551],[-122.02356,37.69389],[-122.02244,37.69246],[-122.02213,37.6916],[-122.01993,37.68854],[-122.01981,37.68819],[-122.02022,37.6873],[-122.01936,37.68628],[-122.01887,37.68513],[-122.01841,37.68441],[-122.0182,37.68342],[-122.01724,37.68214],[-122.01708,37.68143],[-122.01616,37.68067],[-122.01572,37.67992],[-122.01426,37.67842],[-122.01389,37.67679],[-122.01229,37.67518],[-122.01154,37.67486],[-122.00929,37.67464],[-122.00789,37.67421],[-122.00755,37.67426],[-122.00714,37.67453],[-122.00683,37.67455],[-122.00533,37.67362],[-122.0033,37.67201],[-122.00306,37.67162],[-122.00301,37.67098],[-122.00287,37.67071],[-122.00205,37.67003],[-122.00073,37.66856],[-121.99818,37.66761],[-121.99739,37.66741],[-121.99654,37.66693],[-121.99633,37.66616],[-121.99602,37.66564],[-121.99336,37.66343],[-121.99125,37.66084],[-121.98963,37.65867],[-121.98694,37.65434],[-121.98604,37.6534],[-121.98562,37.65322],[-121.98443,37.65295],[-121.98321,37.65228],[-121.98165,37.65166],[-121.98038,37.65129],[-121.97738,37.64981],[-121.97542,37.64906],[-121.97349,37.64778],[-121.97051,37.6461],[-121.97012,37.64601],[-121.96856,37.64599],[-121.96749,37.64575],[-121.96706,37.64555],[-121.96682,37.64531],[-121.96672,37.64498],[-121.96699,37.64441],[-121.96754,37.64417],[-121.96905,37.64413],[-121.96936,37.64388],[-121.96938,37.64351],[-121.96919,37.64323],[-121.96881,37.64312],[-121.96703,37.64323],[-121.96636,37.64305],[-121.96576,37.64236],[-121.96328,37.64068],[-121.96281,37.6401],[-121.96183,37.63828],[-121.9609,37.63771],[-121.96016,37.63698],[-121.95959,37.63662],[-121.95857,37.63622],[-121.95521,37.63604],[-121.9547,37.6359],[-121.95449,37.63567],[-121.95434,37.63522],[-121.95374,37.63478],[-121.95327,37.63397],[-121.95282,37.63347],[-121.95249,37.63329],[-121.95172,37.63316],[-121.95134,37.63242],[-121.95106,37.63214],[-121.94976,37.63147],[-121.94867,37.63047],[-121.94722,37.62986],[-121.9461,37.62906],[-121.94589,37.62855],[-121.94459,37.6273],[-121.94403,37.62664],[-121.94385,37.62631],[-121.94394,37.6256],[-121.9434,37.6246],[-121.94325,37.62403],[-121.94326,37.62381],[-121.94353,37.62327],[-121.94357,37.62207],[-121.94373,37.62151],[-121.94354,37.62096],[-121.94379,37.62046],[-121.94385,37.61974],[-121.94379,37.61913],[-121.94354,37.61833],[-121.94389,37.61779],[-121.94505,37.61695],[-121.94509,37.61655],[-121.94439,37.61537],[-121.94406,37.615],[-121.94358,37.61481],[-121.94252,37.61485],[-121.94194,37.61468],[-121.94101,37.61379],[-121.94091,37.61345],[-121.94122,37.6121],[-121.94149,37.61164],[-121.94138,37.61119],[-121.94148,37.61107],[-121.94212,37.6108],[-121.94261,37.6103],[-121.94407,37.61003],[-121.94527,37.60939],[-121.9454,37.60908],[-121.94523,37.60849],[-121.94559,37.60752],[-121.94564,37.60663],[-121.94774,37.6045],[-121.94818,37.60379],[-121.94829,37.60315],[-121.94804,37.60231],[-121.94792,37.60137],[-121.94624,37.59886],[-121.94589,37.59813],[-121.94609,37.5979],[-121.9467,37.59793],[-121.94687,37.59784]],[[-121.97651,37.64048],[-121.97531,37.64042],[-121.97499,37.64048],[-121.97422,37.641],[-121.97387,37.64139],[-121.97341,37.64155],[-121.97322,37.64184],[-121.97254,37.6423],[-121.9722,37.64266],[-121.97174,37.64292],[-121.971,37.64298],[-121.96982,37.64341],[-121.96957,37.64384],[-121.9694,37.64398],[-121.96927,37.64397]],[[-121.94695,37.63168],[-121.94723,37.63112],[-121.94646,37.6302],[-121.94699,37.62989],[-121.94705,37.62975]]]}},{"type":"Feature","properties":{"id":"mines","name":"Mines Road","difficulty":3,"character":"Technical"},"geometry":{"type":"MultiLineString","coordinates":[[[-121.49039,37.39175],[-121.49022,37.39349],[-121.49042,37.39499],[-121.49092,37.39679],[-121.49135,37.3989],[-121.49196,37.39995],[-121.49197,37.40038],[-121.49142,37.40105],[-121.49103,37.40116],[-121.48994,37.40125],[-121.48896,37.40157],[-121.4877,37.40243],[-121.48738,37.4028],[-121.48713,37.40337],[-121.4868,37.40379],[-121.48677,37.40399],[-121.48692,37.40415],[-121.48762,37.40441],[-121.48887,37.40605],[-121.48979,37.40664],[-121.49052,37.40755],[-121.49106,37.40789],[-121.49148,37.40861],[-121.49222,37.40925],[-121.49272,37.41],[-121.49281,37.41045],[-121.49271,37.41105],[-121.49311,37.41191],[-121.49321,37.41241],[-121.49372,37.41263],[-121.49425,37.4131],[-121.49493,37.41348],[-121.49549,37.4141],[-121.49588,37.4142],[-121.49686,37.41417],[-121.49816,37.41483],[-121.49953,37.4164],[-121.50051,37.41661],[-121.50136,37.41749],[-121.50206,37.41771],[-121.50239,37.41792],[-121.50341,37.4194],[-121.50403,37.41975],[-121.50475,37.42053],[-121.50483,37.42149],[-121.50611,37.42314],[-121.50618,37.42375],[-121.50605,37.42401],[-121.50563,37.42414],[-121.50526,37.42414],[-121.50432,37.42391],[-121.50415,37.42406],[-121.5042,37.42426],[-121.5054,37.42529],[-121.50579,37.42578],[-121.50659,37.42604],[-121.50667,37.42621],[-121.50657,37.42668],[-121.50669,37.42682],[-121.50707,37.42695],[-121.50775,37.42698],[-121.50806,37.42718],[-121.50837,37.42804],[-121.50899,37.42866],[-121.50936,37.42924],[-121.51031,37.43134],[-121.51103,37.43214],[-121.51108,37.43251],[-121.51065,37.43307],[-121.51066,37.43333],[-121.51131,37.43425],[-121.51276,37.43534],[-121.5127,37.43564],[-121.51231,37.43611],[-121.51219,37.43648],[-121.51247,37.43779],[-121.51301,37.43907],[-121.51303,37.43968],[-121.51283,37.44053],[-121.51295,37.4411],[-121.51316,37.44124],[-121.5134,37.44124],[-121.51455,37.44073],[-121.51498,37.44014],[-121.51536,37.44011],[-121.51561,37.4403],[-121.51559,37.44133],[-121.51656,37.4427],[-121.51671,37.44371],[-121.51787,37.44541],[-121.51843,37.44707],[-121.51822,37.44736],[-121.51732,37.4476],[-121.51581,37.44726],[-121.5154,37.44734],[-121.51475,37.44813],[-121.51442,37.44936],[-121.51449,37.45115],[-121.51594,37.45301],[-121.51637,37.45398],[-121.51602,37.45524],[-121.5161,37.45583],[-121.51593,37.45713],[-121.51672,37.45925],[-121.51743,37.46037],[-121.51774,37.46128],[-121.51847,37.46229],[-121.51895,37.46335],[-121.51909,37.46411],[-121.51954,37.46517],[-121.51944,37.4662],[-121.52033,37.46717],[-121.52062,37.46856],[-121.5212,37.46913],[-121.52201,37.46946],[-121.52282,37.47048],[-121.52386,37.47115],[-121.524,37.47145],[-121.52412,37.4724],[-121.525,37.47339],[-121.5255,37.47492],[-121.52602,37.47565],[-121.52602,37.47613],[-121.52633,37.4771],[-121.52654,37.4773],[-121.52721,37.47743],[-121.52739,37.47795],[-121.52801,37.47821],[-121.52862,37.47868],[-121.52879,37.47935],[-121.53003,37.4802],[-121.53048,37.48077],[-121.53119,37.48106],[-121.53191,37.4817],[-121.53257,37.48316],[-121.53257,37.48383],[-121.53282,37.48458],[-121.5332,37.48509],[-121.53365,37.48537],[-121.53413,37.48611],[-121.53475,37.48665],[-121.53524,37.48736],[-121.53577,37.48785],[-121.53578,37.48803],[-121.53543,37.48844],[-121.53528,37.4889],[-121.53491,37.48935],[-121.53495,37.48994],[-121.53455,37.49028],[-121.53385,37.49063],[-121.53382,37.49075],[-121.53449,37.49127],[-121.53448,37.49185],[-121.5342,37.49239],[-121.53426,37.4929],[-121.5357,37.49563],[-121.53582,37.49689],[-121.53643,37.49761],[-121.53718,37.49968],[-121.53781,37.50035],[-121.53885,37.50113],[-121.53889,37.50241],[-121.53942,37.50292],[-121.53934,37.50392],[-121.53948,37.50436],[-121.53938,37.50552],[-121.53978,37.50624],[-121.53982,37.50657],[-121.53931,37.50785],[-121.53978,37.50863],[-121.5405,37.50947],[-121.54079,37.51011],[-121.54045,37.51128],[-121.54061,37.51197],[-121.54046,37.51266],[-121.54054,37.51304],[-121.54076,37.51334],[-121.54122,37.51372],[-121.54201,37.51473],[-121.54356,37.51593],[-121.54447,37.51711],[-121.54479,37.5178],[-121.54515,37.5181],[-121.54609,37.51848],[-121.54615,37.51928],[-121.54581,37.52039],[-121.54584,37.52061],[-121.54623,37.52107],[-121.54694,37.5215],[-121.54761,37.52175],[-121.54816,37.52252],[-121.54895,37.52293],[-121.54964,37.52316],[-121.55028,37.52416],[-121.55094,37.52475],[-121.55152,37.52504],[-121.5523,37.52524],[-121.55301,37.52567],[-121.55325,37.52589],[-121.55361,37.52652],[-121.55399,37.52683],[-121.55547,37.52714],[-121.55594,37.52765],[-121.55728,37.52867],[-121.55754,37.52896],[-121.55818,37.53015],[-121.55851,37.53032],[-121.559,37.53034],[-121.55919,37.53045],[-121.5596,37.53124],[-121.55985,37.53203],[-121.56038,37.53274],[-121.56108,37.53331],[-121.56153,37.53403],[-121.56218,37.53475],[-121.5631,37.53547],[-121.56367,37.53634],[-121.56452,37.537],[-121.56565,37.53858],[-121.56594,37.53956],[-121.56634,37.5403],[-121.56646,37.54132],[-121.56675,37.54175],[-121.56725,37.54295],[-121.56781,37.54476],[-121.5685,37.54531],[-121.5691,37.54558],[-121.56927,37.5458],[-121.56971,37.54694],[-121.56952,37.54759],[-121.57062,37.54812],[-121.57132,37.54826],[-121.57148,37.54841],[-121.57168,37.54933],[-121.5713,37.55],[-121.57127,37.55035],[-121.57254,37.55186],[-121.57302,37.55343],[-121.5733,37.55388],[-121.57385,37.55428],[-121.57577,37.55498],[-121.57603,37.55587],[-121.57648,37.55618],[-121.57734,37.55642],[-121.57832,37.55713],[-121.57954,37.5573],[-121.57994,37.55747],[-121.58022,37.55775],[-121.58034,37.55802],[-121.58042,37.55917],[-121.5813,37.55981],[-121.58149,37.56023],[-121.58151,37.56048],[-121.58134,37.5609],[-121.58149,37.56208],[-121.58174,37.56254],[-121.58222,37.56302],[-121.58194,37.56399],[-121.58212,37.56503],[-121.58172,37.56541],[-121.58164,37.5658],[-121.58189,37.56633],[-121.58116,37.5672],[-121.58123,37.56795],[-121.58149,37.56848],[-121.58129,37.56898],[-121.58164,37.56923],[-121.58311,37.56978],[-121.5834,37.56974],[-121.58393,37.56936],[-121.58423,37.56941],[-121.58467,37.57015],[-121.58467,37.57046],[-121.58447,37.57081],[-121.58464,37.57129],[-121.58573,37.57138],[-121.58634,37.57187],[-121.58704,37.57183],[-121.58736,37.57194],[-121.58747,37.57235],[-121.58788,37.5729],[-121.58788,37.57356],[-121.58761,37.57396],[-121.58761,37.57437],[-121.58742,37.57472],[-121.58747,37.57511],[-121.58728,37.57558],[-121.5876,37.5765],[-121.58722,37.57711],[-121.5876,37.57824],[-121.58774,37.57907],[-121.58801,37.57927],[-121.58848,37.57934],[-121.5888,37.57967],[-121.58938,37.57978],[-121.59024,37.58035],[-121.5911,37.58065],[-121.59135,37.58089],[-121.59153,37.58148],[-121.59197,37.5816],[-121.59265,37.58158],[-121.59307,37.5817],[-121.59445,37.58286],[-121.59534,37.583],[-121.59581,37.58332],[-121.59667,37.58363],[-121.59714,37.58429],[-121.5974,37.58451],[-121.59837,37.58459],[-121.59946,37.58495],[-121.60075,37.5859],[-121.60229,37.58647],[-121.60267,37.58718],[-121.60372,37.58732],[-121.60447,37.58783],[-121.60531,37.58796],[-121.60624,37.58787],[-121.60676,37.58806],[-121.60742,37.58797],[-121.6086,37.58854],[-121.60894,37.58861],[-121.60932,37.58857],[-121.61024,37.58807],[-121.61064,37.58797],[-121.61185,37.588],[-121.6126,37.58835],[-121.61283,37.58822],[-121.61368,37.5872],[-121.61428,37.58715],[-121.61482,37.58689],[-121.61543,37.5868],[-121.61612,37.58621],[-121.61667,37.58618],[-121.6189,37.58742],[-121.62022,37.58883],[-121.62092,37.58901],[-121.6212,37.58935],[-121.62138,37.58941],[-121.62157,37.58938],[-121.622,37.58908],[-121.6223,37.58911],[-121.624,37.58998],[-121.62446,37.59039],[-121.62557,37.59057],[-121.62614,37.59123],[-121.62755,37.59196],[-121.62859,37.59293],[-121.6298,37.59342],[-121.63023,37.59411],[-121.63048,37.59419],[-121.63106,37.59418],[-121.63135,37.59428],[-121.63161,37.59463],[-121.63185,37.596],[-121.63204,37.59627],[-121.63236,37.59647],[-121.63268,37.59653],[-121.63311,37.59646],[-121.63404,37.59593],[-121.63458,37.59583],[-121.63849,37.59669],[-121.63982,37.59665],[-121.64117,37.59745],[-121.64303,37.59817],[-121.64321,37.59841],[-121.64323,37.59893],[-121.64342,37.59914],[-121.64373,37.59921],[-121.6446,37.59917],[-121.64487,37.59925],[-121.64552,37.60008],[-121.6464,37.60063],[-121.64862,37.60118],[-121.64925,37.60098],[-121.64988,37.60042],[-121.65038,37.60041],[-121.65113,37.60124],[-121.6513,37.60194],[-121.65144,37.60214],[-121.65235,37.60264],[-121.6526,37.60312],[-121.65338,37.60314],[-121.65399,37.6037],[-121.65427,37.60368],[-121.65617,37.60295],[-121.65665,37.60299],[-121.65746,37.60338],[-121.65916,37.60306],[-121.66144,37.60379],[-121.66405,37.60476],[-121.66515,37.60494],[-121.66646,37.60549],[-121.66725,37.60534],[-121.66828,37.6056],[-121.6699,37.60525],[-121.67102,37.6053],[-121.67144,37.60559],[-121.67157,37.60586],[-121.67126,37.60662],[-121.67128,37.60695],[-121.67181,37.60727],[-121.67283,37.60735],[-121.67302,37.60743],[-121.67338,37.60781],[-121.6733,37.60851],[-121.67353,37.60884],[-121.6743,37.6089],[-121.6749,37.6091],[-121.67565,37.60887],[-121.67609,37.60885],[-121.67692,37.60939],[-121.67771,37.60955],[-121.67852,37.60944],[-121.67871,37.60954],[-121.67934,37.61035],[-121.68028,37.61084],[-121.68246,37.61132],[-121.68383,37.61185],[-121.68478,37.61213],[-121.68541,37.61215],[-121.68685,37.61189],[-121.68757,37.61201],[-121.69345,37.61559],[-121.69607,37.61668],[-121.69667,37.61711],[-121.69748,37.6179],[-121.69891,37.61894],[-121.70059,37.62041],[-121.70108,37.62089],[-121.70205,37.62212],[-121.70226,37.62219],[-121.70283,37.62212],[-121.70416,37.62558],[-121.70429,37.62693],[-121.70559,37.62896],[-121.70619,37.62969],[-121.70754,37.63085],[-121.70928,37.63324],[-121.71044,37.6341],[-121.71097,37.63469],[-121.71175,37.63577],[-121.71229,37.63689],[-121.71398,37.63889],[-121.71504,37.64066],[-121.71617,37.64202],[-121.7169,37.64268],[-121.71888,37.64546],[-121.71985,37.64753],[-121.721,37.64885],[-121.72158,37.65023],[-121.72373,37.65287],[-121.72484,37.65482],[-121.72533,37.65543],[-121.73164,37.65946],[-121.73228,37.66004],[-121.73263,37.66055],[-121.73286,37.66132],[-121.73291,37.66513]]]}},{"type":"Feature","properties":{"id":"san-antonio","name":"San Antonio Valley Road","difficulty":3,"character":"Technical"},"geometry":{"type":"MultiLineString","coordinates":[[[-121.49039,37.39175],[-121.49145,37.38716],[-121.49149,37.38613],[-121.49139,37.38552],[-121.49103,37.38493],[-121.48863,37.38238],[-121.48767,37.38114],[-121.48476,37.3769],[-121.48447,37.37631],[-121.48437,37.37583],[-121.4842,37.36989],[-121.48428,37.36943],[-121.4845,37.3691],[-121.48478,37.36892],[-121.48639,37.36834],[-121.48722,37.36787],[-121.48775,37.36723],[-121.48791,37.36692],[-121.48791,37.36666],[-121.48682,37.36535],[-121.48494,37.36381],[-121.48429,37.3631],[-121.47833,37.35302],[-121.47822,37.34816],[-121.47768,37.34712],[-121.47772,37.34656],[-121.47812,37.34512],[-121.47769,37.34132],[-121.47773,37.34079],[-121.47655,37.3386],[-121.47615,37.33699],[-121.47615,37.33661],[-121.47645,37.33549],[-121.47625,37.33365],[-121.47626,37.33265],[-121.47508,37.33019],[-121.47476,37.32932],[-121.47475,37.32782],[-121.47526,37.32704],[-121.47558,37.32683],[-121.47665,37.32672],[-121.4771,37.32678],[-121.47904,37.32769],[-121.48034,37.32812],[-121.48112,37.32859],[-121.4822,37.32878],[-121.48363,37.32867],[-121.48451,37.32893],[-121.48539,37.32865],[-121.48561,37.32831],[-121.48578,37.32827],[-121.48622,37.32852],[-121.4867,37.32859],[-121.48692,37.32885],[-121.48742,37.32897],[-121.48819,37.32949],[-121.48871,37.32956],[-121.48913,37.32952],[-121.49032,37.32975],[-121.49095,37.33013],[-121.49113,37.33058],[-121.49205,37.33095],[-121.49234,37.33154],[-121.49286,37.33173],[-121.4933,37.33209],[-121.49522,37.33262],[-121.49559,37.33282],[-121.49628,37.33282],[-121.4973,37.33316],[-121.49868,37.33319],[-121.50057,37.33347],[-121.50147,37.33382],[-121.50194,37.33428],[-121.50315,37.33516],[-121.50438,37.33556],[-121.50651,37.33582],[-121.50747,37.33632],[-121.50863,37.33654],[-121.51001,37.3371],[-121.51167,37.33753],[-121.51293,37.33805],[-121.51503,37.33944],[-121.51571,37.34009],[-121.51663,37.34029],[-121.51716,37.3405],[-121.51852,37.34137],[-121.51991,37.34165],[-121.52113,37.34206],[-121.52154,37.34201],[-121.52274,37.34155],[-121.52307,37.3415],[-121.52552,37.34245],[-121.52593,37.34246],[-121.52683,37.34226],[-121.52708,37.34229],[-121.52753,37.34257],[-121.52775,37.34285],[-121.52812,37.34395],[-121.52911,37.34475],[-121.52994,37.34501],[-121.53051,37.34538],[-121.5319,37.34668],[-121.53245,37.34758],[-121.53397,37.34872],[-121.53472,37.35017],[-121.53502,37.3504],[-121.53591,37.35059],[-121.53888,37.35088],[-121.53931,37.35114],[-121.53964,37.35173],[-121.54005,37.35178],[-121.54082,37.3517],[-121.54155,37.35185],[-121.54203,37.35212],[-121.54264,37.35276],[-121.54282,37.35279],[-121.54312,37.35259],[-121.5434,37.35207],[-121.54356,37.35148],[-121.54375,37.35146],[-121.54413,37.35172],[-121.54495,37.35157],[-121.54505,37.35117],[-121.54485,37.35058],[-121.54494,37.35043],[-121.54521,37.35041],[-121.54574,37.351],[-121.54623,37.35134],[-121.54781,37.35193],[-121.5482,37.35252],[-121.54849,37.35273],[-121.54961,37.35326],[-121.55211,37.35414],[-121.55246,37.35417],[-121.55336,37.35395],[-121.55533,37.35372],[-121.55634,37.35368],[-121.55774,37.35399],[-121.55865,37.35446],[-121.55977,37.35438],[-121.56023,37.35448],[-121.56104,37.35489],[-121.56215,37.35503],[-121.56283,37.35547],[-121.56337,37.35618],[-121.56363,37.35634],[-121.56455,37.35644],[-121.56639,37.35607],[-121.56713,37.35605],[-121.56748,37.35619],[-121.56807,37.3566],[-121.5695,37.35706],[-121.57036,37.35768],[-121.57115,37.358],[-121.5715,37.35807],[-121.57252,37.35803],[-121.57318,37.35778],[-121.57435,37.35905],[-121.57437,37.35926],[-121.57408,37.35962],[-121.5742,37.35981],[-121.57447,37.35974],[-121.57466,37.3594],[-121.57465,37.35836],[-121.57493,37.35707],[-121.575,37.35689],[-121.57523,37.35679],[-121.57599,37.35706],[-121.57681,37.35686],[-121.57801,37.35706],[-121.57877,37.35695],[-121.57936,37.35732],[-121.57986,37.35745],[-121.58037,37.35776],[-121.58189,37.35787],[-121.58222,37.35815],[-121.58225,37.35858],[-121.58246,37.35884],[-121.58368,37.35957],[-121.58408,37.35952],[-121.58421,37.35935],[-121.58424,37.35885],[-121.58444,37.35821],[-121.5841,37.3578],[-121.58414,37.35735],[-121.58384,37.35681],[-121.58388,37.35663],[-121.58414,37.35647],[-121.58439,37.35648],[-121.58498,37.35688],[-121.58643,37.35738],[-121.58674,37.35731],[-121.58776,37.35679],[-121.58918,37.35657],[-121.58963,37.35636],[-121.58993,37.35603],[-121.59044,37.35475],[-121.59045,37.35335],[-121.5903,37.35315],[-121.58986,37.35306],[-121.58892,37.35262],[-121.58884,37.35244],[-121.58903,37.35205],[-121.58931,37.35193],[-121.59063,37.35195],[-121.59113,37.35113],[-121.59234,37.35073],[-121.59284,37.35018],[-121.59365,37.35023],[-121.59454,37.34955],[-121.59507,37.34939],[-121.59539,37.34875],[-121.59561,37.34879],[-121.59563,37.34894],[-121.59508,37.35009],[-121.59469,37.35061],[-121.59486,37.35086],[-121.59542,37.35107],[-121.59555,37.35098],[-121.59518,37.35066],[-121.59548,37.35033],[-121.59636,37.34985],[-121.59762,37.34891],[-121.59839,37.3488],[-121.59891,37.34836],[-121.5991,37.34831],[-121.59923,37.34844],[-121.59905,37.34891],[-121.59833,37.3497],[-121.59837,37.35],[-121.59861,37.35004],[-121.59909,37.34992],[-121.59983,37.35],[-121.60016,37.34977],[-121.60039,37.34975],[-121.60066,37.35021],[-121.60104,37.35048],[-121.6021,37.35085],[-121.60372,37.35105],[-121.60436,37.35135],[-121.60501,37.35193],[-121.60533,37.35209],[-121.60589,37.35199],[-121.60655,37.35114],[-121.60712,37.35133],[-121.60798,37.35114],[-121.60813,37.35088],[-121.60819,37.35024],[-121.60839,37.35002],[-121.60904,37.35025],[-121.60996,37.3501],[-121.61024,37.35091],[-121.61052,37.35113],[-121.61074,37.35114],[-121.6109,37.35094],[-121.61083,37.35013],[-121.61093,37.34983],[-121.61136,37.34951],[-121.61203,37.3494],[-121.61216,37.3495],[-121.61217,37.34989],[-121.61249,37.35017],[-121.61356,37.3503],[-121.61375,37.35041],[-121.61371,37.35082],[-121.61342,37.35135],[-121.61385,37.35191],[-121.61382,37.35218],[-121.61392,37.35227],[-121.61406,37.35215],[-121.61409,37.35193],[-121.61388,37.35139],[-121.61425,37.35088],[-121.61448,37.35023],[-121.61496,37.34985],[-121.61485,37.34895]]]}},{"type":"Feature","properties":{"id":"hamilton","name":"Mount Hamilton Road","difficulty":3,"character":"Technical"},"geometry":{"type":"MultiLineString","coordinates":[[[-121.61485,37.34895],[-121.61509,37.34887],[-121.61554,37.34917],[-121.61604,37.34898],[-121.61615,37.34914],[-121.61616,37.34966],[-121.61635,37.34975],[-121.6172,37.34883],[-121.61743,37.34877],[-121.61862,37.34922],[-121.61907,37.34973],[-121.61953,37.34993],[-121.6198,37.34994],[-121.62009,37.34974],[-121.62029,37.34975],[-121.62054,37.35023],[-121.62068,37.35029],[-121.62076,37.35021],[-121.62062,37.34994],[-121.62062,37.34962],[-121.62041,37.34929],[-121.62051,37.34899],[-121.62066,37.34887],[-121.62081,37.3489],[-121.62094,37.34946],[-121.62136,37.34957],[-121.62181,37.34916],[-121.62197,37.34855],[-121.62335,37.34839],[-121.62355,37.34791],[-121.62335,37.34725],[-121.62376,37.34659],[-121.62436,37.34669],[-121.62503,37.34654],[-121.62571,37.34665],[-121.62591,37.34648],[-121.62599,37.34595],[-121.62684,37.34559],[-121.6272,37.34563],[-121.62767,37.3455],[-121.62852,37.346],[-121.62908,37.34596],[-121.63018,37.34604],[-121.63081,37.34583],[-121.63145,37.34524],[-121.63193,37.34545],[-121.63221,37.34547],[-121.63277,37.34497],[-121.63401,37.34445],[-121.63461,37.3439],[-121.63568,37.34335],[-121.63636,37.34323],[-121.63692,37.34279],[-121.63758,37.34253],[-121.63802,37.34221],[-121.6393,37.34244],[-121.63984,37.34235],[-121.64038,37.34211],[-121.64111,37.34194],[-121.64344,37.34233],[-121.6438,37.34195],[-121.64382,37.34159],[-121.64414,37.34082],[-121.64383,37.33896],[-121.64364,37.33846],[-121.64373,37.33781],[-121.64402,37.33726],[-121.64417,37.33728],[-121.64546,37.33851],[-121.64526,37.33957],[-121.64503,37.34019],[-121.64534,37.3417],[-121.64531,37.3423],[-121.64549,37.3424],[-121.64604,37.34238],[-121.6464,37.34205],[-121.6469,37.34177],[-121.64702,37.34185],[-121.64713,37.34228],[-121.64755,37.34249],[-121.64756,37.34241],[-121.64722,37.34215],[-121.64723,37.34194],[-121.64748,37.34148],[-121.64805,37.34096],[-121.64805,37.34053],[-121.64817,37.34046],[-121.64828,37.34054],[-121.64833,37.34101],[-121.64795,37.34141],[-121.64787,37.34164],[-121.64901,37.34163],[-121.64983,37.34225],[-121.65023,37.34225],[-121.65044,37.34193],[-121.65037,37.34101],[-121.6505,37.34093],[-121.65094,37.34095],[-121.65105,37.34064],[-121.65117,37.34058],[-121.65172,37.34091],[-121.65187,37.34084],[-121.65157,37.33987],[-121.65191,37.33927],[-121.65227,37.33918],[-121.65268,37.33935],[-121.65287,37.33935],[-121.65331,37.33889],[-121.65372,37.33893],[-121.65387,37.33912],[-121.65384,37.3395],[-121.65457,37.33978],[-121.65478,37.34007],[-121.65494,37.34011],[-121.65502,37.33999],[-121.65494,37.33976],[-121.65451,37.33952],[-121.65437,37.33931],[-121.65437,37.33839],[-121.65422,37.33833],[-121.6538,37.3384],[-121.65307,37.3381],[-121.65331,37.33749],[-121.65325,37.33688],[-121.65337,37.3368],[-121.6535,37.33684],[-121.65372,37.33745],[-121.65359,37.33782],[-121.65389,37.33791],[-121.65424,37.33775],[-121.65462,37.33714],[-121.65488,37.33698],[-121.65518,37.33706],[-121.65548,37.3374],[-121.6565,37.33734],[-121.65666,37.33716],[-121.65678,37.33658],[-121.65717,37.33628],[-121.65738,37.3364],[-121.65765,37.33694],[-121.65813,37.33714],[-121.65829,37.33814],[-121.65812,37.33848],[-121.65733,37.33858],[-121.65664,37.33899],[-121.65664,37.3391],[-121.6571,37.3393],[-121.65717,37.33944],[-121.65694,37.34037],[-121.657,37.34087],[-121.6572,37.34083],[-121.65748,37.34035],[-121.65811,37.34014],[-121.65873,37.3402],[-121.65913,37.3405],[-121.65978,37.34064],[-121.6603,37.34045],[-121.66104,37.34053],[-121.66158,37.34036],[-121.66198,37.34007],[-121.66298,37.33992],[-121.66356,37.33944],[-121.66401,37.33889],[-121.66432,37.33872],[-121.66477,37.3389],[-121.66482,37.33916],[-121.66448,37.33936],[-121.66403,37.33948],[-121.66332,37.34042],[-121.66322,37.34093],[-121.66246,37.34121],[-121.66249,37.34136],[-121.66299,37.34187],[-121.66318,37.34184],[-121.66295,37.34148],[-121.66304,37.34127],[-121.66389,37.34101],[-121.66442,37.34058],[-121.66516,37.34069],[-121.66562,37.34056],[-121.6663,37.34082],[-121.66657,37.34103],[-121.66682,37.34105],[-121.66705,37.34058],[-121.66762,37.34027],[-121.66781,37.33969],[-121.66757,37.3395],[-121.6666,37.33922],[-121.66673,37.33863],[-121.66614,37.3383],[-121.6659,37.3377],[-121.66655,37.33707],[-121.66718,37.3369],[-121.6671,37.33644],[-121.66726,37.33613],[-121.66695,37.33563],[-121.66762,37.33503],[-121.66754,37.33494],[-121.66703,37.33509],[-121.66692,37.33503],[-121.66725,37.33456],[-121.66754,37.33362],[-121.66803,37.33308],[-121.66797,37.33294],[-121.6675,37.33265],[-121.66726,37.33264],[-121.6669,37.33282],[-121.66674,37.33272],[-121.66667,37.33255],[-121.66692,37.33214],[-121.66704,37.33098],[-121.66674,37.33055],[-121.66655,37.33047],[-121.66612,37.33056],[-121.66579,37.33084],[-121.66546,37.33077],[-121.66489,37.32944],[-121.66505,37.32927],[-121.66556,37.32901],[-121.66619,37.32892],[-121.66636,37.32878],[-121.66633,37.32858],[-121.66603,37.32836],[-121.66594,37.32754],[-121.66658,37.32726],[-121.66744,37.32735],[-121.66778,37.3272],[-121.66789,37.32702],[-121.66786,37.3263],[-121.66796,37.3262],[-121.669,37.3263],[-121.6693,37.32688],[-121.66973,37.32728],[-121.67066,37.32766],[-121.67091,37.32767],[-121.6711,37.32759],[-121.67111,37.32735],[-121.66987,37.32599],[-121.66874,37.32441],[-121.6687,37.32413],[-121.66897,37.32361],[-121.66939,37.32343],[-121.66959,37.32351],[-121.67104,37.32478],[-121.67314,37.32555],[-121.67343,37.32588],[-121.67374,37.32665],[-121.6744,37.32784],[-121.67608,37.32897],[-121.67687,37.32903],[-121.67714,37.32947],[-121.67756,37.32946],[-121.67896,37.32913],[-121.68243,37.32864],[-121.68275,37.32867],[-121.68302,37.32881],[-121.68322,37.32946],[-121.68416,37.32958],[-121.68426,37.33001],[-121.68455,37.33027],[-121.68493,37.33039],[-121.68559,37.33029],[-121.68587,37.33042],[-121.68604,37.33077],[-121.68597,37.33094],[-121.68522,37.3311],[-121.68512,37.3312],[-121.68519,37.33133],[-121.68574,37.3317],[-121.68676,37.33185],[-121.68725,37.33203],[-121.68811,37.33178],[-121.68812,37.33129],[-121.68823,37.33112],[-121.68845,37.33103],[-121.689,37.33105],[-121.68951,37.33075],[-121.6896,37.33053],[-121.68926,37.32984],[-121.68943,37.32957],[-121.6899,37.32943],[-121.69044,37.32964],[-121.69063,37.32963],[-121.69109,37.32939],[-121.69117,37.32904],[-121.69129,37.32892],[-121.69215,37.32907],[-121.6924,37.3288],[-121.69284,37.32881],[-121.69309,37.329],[-121.69309,37.32918],[-121.69278,37.32945],[-121.69221,37.3297],[-121.69206,37.32992],[-121.69211,37.33002],[-121.69276,37.33022],[-121.69308,37.33068],[-121.69391,37.33062],[-121.69429,37.33073],[-121.69517,37.33078],[-121.69532,37.33104],[-121.6952,37.33152],[-121.69531,37.3316],[-121.69563,37.33157],[-121.69627,37.33132],[-121.69644,37.33135],[-121.69651,37.33155],[-121.6964,37.33197],[-121.69721,37.33234],[-121.69754,37.33305],[-121.69723,37.33329],[-121.6965,37.33346],[-121.69656,37.33385],[-121.6964,37.33416],[-121.69649,37.33424],[-121.69721,37.3341],[-121.6984,37.33466],[-121.69887,37.33445],[-121.69905,37.33445],[-121.69963,37.3356],[-121.69979,37.33569],[-121.7005,37.33544],[-121.70087,37.33497],[-121.70164,37.33447],[-121.70272,37.33515],[-121.70464,37.33568],[-121.70568,37.33636],[-121.70647,37.33652],[-121.70674,37.33667],[-121.70721,37.33722],[-121.70716,37.3378],[-121.70818,37.33801],[-121.70914,37.33856],[-121.70953,37.33929],[-121.70993,37.33967],[-121.71057,37.33998],[-121.71138,37.34012],[-121.7124,37.34065],[-121.71369,37.34099],[-121.71484,37.34195],[-121.71536,37.3422],[-121.71623,37.34229],[-121.72049,37.34141],[-121.72096,37.34145],[-121.72144,37.34163],[-121.72177,37.34188],[-121.72223,37.34255],[-121.72371,37.34348],[-121.72606,37.34621],[-121.72689,37.34667],[-121.72789,37.34803],[-121.72878,37.34844],[-121.72978,37.34906],[-121.73118,37.34952],[-121.73172,37.34983],[-121.7331,37.35108],[-121.73389,37.35166],[-121.73427,37.3521],[-121.73491,37.35222],[-121.73539,37.35264],[-121.73643,37.35296],[-121.73672,37.35287],[-121.73712,37.35251],[-121.73732,37.35249],[-121.73785,37.35277],[-121.73812,37.35348],[-121.73865,37.35376],[-121.73892,37.35378],[-121.73958,37.35363],[-121.74102,37.35377],[-121.74105,37.35393],[-121.74077,37.3542],[-121.74074,37.35438],[-121.7415,37.35509],[-121.74239,37.3555],[-121.74355,37.3555],[-121.744,37.35586],[-121.74495,37.35573],[-121.74521,37.35614],[-121.74501,37.35657],[-121.74503,37.3568],[-121.74551,37.35704],[-121.74569,37.35737],[-121.74657,37.3574],[-121.74727,37.35779],[-121.74786,37.3578],[-121.74791,37.35789],[-121.74773,37.35819],[-121.74796,37.35845],[-121.74829,37.35849],[-121.74886,37.35834],[-121.74943,37.35841],[-121.74993,37.35879],[-121.75065,37.35877],[-121.75126,37.35911],[-121.75216,37.35915],[-121.75257,37.35937],[-121.75321,37.35936],[-121.75407,37.35965],[-121.75423,37.35996],[-121.75417,37.36047],[-121.75494,37.36056],[-121.75521,37.36072],[-121.75517,37.36089],[-121.7546,37.36124],[-121.75439,37.36167],[-121.75481,37.36211],[-121.75496,37.36263],[-121.75551,37.36295],[-121.75688,37.36326],[-121.75796,37.36311],[-121.76029,37.3632],[-121.76094,37.36348],[-121.7612,37.36395],[-121.76271,37.36406],[-121.76292,37.36414],[-121.76309,37.36433],[-121.76329,37.36498],[-121.76468,37.36565],[-121.76524,37.36628],[-121.76543,37.36684],[-121.76648,37.36763],[-121.76752,37.36821],[-121.76756,37.36837],[-121.7674,37.36883],[-121.76752,37.36929],[-121.76816,37.36952],[-121.76834,37.3699],[-121.76895,37.37021],[-121.769,37.37037],[-121.76878,37.37081],[-121.76964,37.37129],[-121.76959,37.37183],[-121.77001,37.37205],[-121.77128,37.37214],[-121.77152,37.37231],[-121.77213,37.37321],[-121.77203,37.3736],[-121.77164,37.37399],[-121.77166,37.37427],[-121.77208,37.37481],[-121.77332,37.3752],[-121.77349,37.37537],[-121.77345,37.3757],[-121.77313,37.37629],[-121.77317,37.37645],[-121.77459,37.37692],[-121.7754,37.37742],[-121.77569,37.37785],[-121.77613,37.37792],[-121.77661,37.37776],[-121.77741,37.37816],[-121.77842,37.37817],[-121.77901,37.3784],[-121.77955,37.37821],[-121.78007,37.37838],[-121.78086,37.37848],[-121.78298,37.37771],[-121.78336,37.37768],[-121.78392,37.3779],[-121.78514,37.37735],[-121.78586,37.37737],[-121.78665,37.37716],[-121.78714,37.37689],[-121.78851,37.37576],[-121.78902,37.37593],[-121.7893,37.37653],[-121.78962,37.37674],[-121.78976,37.3767],[-121.78997,37.37639],[-121.79038,37.37623],[-121.7908,37.37624],[-121.79139,37.37644],[-121.7918,37.37643],[-121.79231,37.3759],[-121.79327,37.3757],[-121.79612,37.37589],[-121.7971,37.37634],[-121.79736,37.37638],[-121.79853,37.3761],[-121.79888,37.3759],[-121.79891,37.37564],[-121.7987,37.37514],[-121.7982,37.37445],[-121.79827,37.37428],[-121.79848,37.37424],[-121.79907,37.37489],[-121.80035,37.3758],[-121.80183,37.37717],[-121.80232,37.37727],[-121.80319,37.37702],[-121.80411,37.37707],[-121.80612,37.37787],[-121.80745,37.37804],[-121.80889,37.37859],[-121.80982,37.37873],[-121.81036,37.37891],[-121.81091,37.37936],[-121.81174,37.38082],[-121.81282,37.38195],[-121.81318,37.38218],[-121.81397,37.38243],[-121.81435,37.38312],[-121.8146,37.38337],[-121.81568,37.38394],[-121.81606,37.38403]],[[-121.76313,37.36449],[-121.76308,37.36414],[-121.76271,37.36406]]]}},{"type":"Feature","properties":{"id":"patterson","name":"Patterson Pass Road","difficulty":3,"character":"Technical"},"geometry":{"type":"MultiLineString","coordinates":[[[-121.69694,37.69582],[-121.71519,37.6958],[-121.716,37.69557],[-121.71722,37.69462],[-121.71813,37.69444],[-121.72041,37.69448],[-121.72395,37.69527],[-121.72665,37.69523],[-121.73225,37.69407],[-121.73405,37.69351],[-121.73727,37.6922],[-121.7381,37.69174],[-121.73861,37.69128],[-121.74061,37.68867],[-121.74063,37.68882],[-121.7387,37.6914],[-121.73761,37.69217],[-121.73303,37.69404],[-121.72676,37.69534],[-121.72591,37.69541],[-121.72394,37.69539],[-121.72038,37.69459],[-121.71802,37.69455],[-121.7172,37.69477],[-121.71597,37.69573],[-121.71518,37.69592],[-121.6971,37.69589],[-121.69527,37.69558],[-121.69352,37.69464],[-121.69251,37.69436],[-121.67827,37.69434],[-121.67657,37.69429],[-121.67507,37.69401],[-121.67433,37.69378],[-121.67306,37.69316],[-121.67145,37.6928],[-121.67028,37.69224],[-121.66956,37.6916],[-121.66638,37.69018],[-121.66599,37.68986],[-121.66369,37.68707],[-121.66223,37.68644],[-121.65973,37.68591],[-121.65688,37.68599],[-121.6555,37.68617],[-121.65403,37.68624],[-121.65227,37.68655],[-121.65006,37.68722],[-121.64925,37.68731],[-121.64671,37.68686],[-121.64435,37.68692],[-121.63971,37.6866],[-121.63918,37.68644],[-121.63755,37.68561],[-121.63692,37.68542],[-121.63598,37.6853],[-121.63202,37.68554],[-121.63021,37.68581],[-121.63005,37.68602],[-121.63001,37.68659],[-121.62964,37.68682],[-121.62755,37.68662],[-121.62677,37.68664],[-121.62502,37.6864],[-121.62058,37.68677],[-121.61769,37.68671],[-121.61576,37.68679],[-121.61444,37.68668],[-121.61364,37.68675],[-121.61221,37.68702],[-121.6105,37.68697],[-121.6076,37.68751],[-121.60657,37.68735],[-121.60497,37.68732],[-121.60397,37.68702],[-121.60299,37.68652],[-121.6024,37.68637],[-121.60025,37.68634],[-121.59748,37.68692],[-121.59613,37.68781],[-121.59583,37.68822],[-121.59546,37.68926],[-121.59435,37.69044],[-121.59364,37.69092],[-121.59233,37.69133],[-121.59233,37.69214],[-121.59205,37.69311],[-121.59119,37.69412],[-121.59064,37.69455],[-121.59039,37.69523],[-121.58944,37.69595],[-121.58939,37.69615],[-121.58951,37.69662],[-121.5891,37.69735],[-121.58853,37.69744],[-121.58766,37.69727],[-121.58743,37.69729],[-121.58504,37.69864],[-121.58451,37.69926],[-121.58418,37.70047],[-121.58364,37.70134],[-121.58176,37.70301],[-121.58042,37.70379],[-121.57872,37.70498],[-121.57616,37.70618],[-121.57432,37.70823],[-121.57352,37.70951],[-121.57315,37.70971],[-121.57205,37.71007],[-121.57097,37.71059],[-121.56989,37.71159],[-121.56925,37.71243],[-121.56827,37.713],[-121.56808,37.71336],[-121.56811,37.71459],[-121.56802,37.71485],[-121.56772,37.71493],[-121.55886,37.7149]]]}},{"type":"Feature","properties":{"id":"redwood","name":"Redwood Road","difficulty":2,"character":"Medium speed"},"geometry":{"type":"MultiLineString","coordinates":[[[-122.18998,37.7989],[-122.18679,37.79877],[-122.18463,37.79828],[-122.18367,37.79791],[-122.18338,37.79771],[-122.18291,37.79687],[-122.18243,37.79646],[-122.18197,37.7963],[-122.18021,37.79605],[-122.17961,37.79578],[-122.17776,37.79437],[-122.1772,37.79424],[-122.17659,37.79431],[-122.1762,37.79449],[-122.17585,37.79481],[-122.1749,37.79672],[-122.17439,37.79712],[-122.17399,37.79721],[-122.17354,37.79715],[-122.17231,37.7964],[-122.17176,37.79623],[-122.17114,37.79631],[-122.17061,37.79667],[-122.17046,37.79697],[-122.17044,37.79739],[-122.17087,37.79946],[-122.17063,37.8002],[-122.17017,37.80104],[-122.17009,37.80145],[-122.17036,37.80228],[-122.17113,37.80335],[-122.17146,37.80434],[-122.17138,37.8047],[-122.171,37.80511],[-122.17035,37.80548],[-122.16797,37.80642],[-122.16735,37.80656],[-122.16619,37.80631],[-122.1652,37.806],[-122.16408,37.8054],[-122.1636,37.80498],[-122.1625,37.8045],[-122.16196,37.80409],[-122.16065,37.80385],[-122.1598,37.80324],[-122.15766,37.80201],[-122.15602,37.80036],[-122.15465,37.79928],[-122.15284,37.79852],[-122.15235,37.79841],[-122.15159,37.79842],[-122.15052,37.79825],[-122.14987,37.79852],[-122.14925,37.79919],[-122.14802,37.79985],[-122.14671,37.79992],[-122.14598,37.80021],[-122.14554,37.80029],[-122.14409,37.80028],[-122.1433,37.79981],[-122.14191,37.79869],[-122.14097,37.79846],[-122.1405,37.79802],[-122.13959,37.79772],[-122.13926,37.79718],[-122.13904,37.797],[-122.13832,37.79693],[-122.13777,37.7967],[-122.13658,37.79664],[-122.13624,37.79651],[-122.13476,37.7948],[-122.13338,37.79366],[-122.13283,37.79253],[-122.13216,37.79182],[-122.13223,37.79136],[-122.13182,37.79072],[-122.13115,37.79039],[-122.13085,37.78998],[-122.13051,37.78922],[-122.12944,37.7882],[-122.129,37.78762],[-122.12893,37.7874],[-122.12901,37.78708],[-122.12872,37.78646],[-122.1286,37.78582],[-122.12817,37.78532],[-122.12798,37.7848],[-122.1275,37.78414],[-122.12739,37.78384],[-122.12742,37.78336],[-122.12718,37.78268],[-122.12696,37.78256],[-122.12639,37.78253],[-122.12601,37.78224],[-122.12605,37.78175],[-122.12572,37.78132],[-122.12571,37.7809],[-122.12523,37.78017],[-122.12469,37.77999],[-122.12445,37.77981],[-122.12444,37.77941],[-122.12398,37.77867],[-122.12404,37.77827],[-122.12472,37.77745],[-122.12477,37.77725],[-122.12467,37.77699],[-122.12355,37.77576],[-122.12208,37.77464],[-122.12168,37.77401],[-122.12078,37.77379],[-122.12042,37.77357],[-122.11924,37.77219],[-122.11922,37.77138],[-122.11867,37.7709],[-122.11836,37.77041],[-122.11794,37.77021],[-122.11754,37.77026],[-122.11698,37.77063],[-122.11588,37.77169],[-122.11553,37.77179],[-122.11518,37.77172],[-122.115,37.7716],[-122.11487,37.77133],[-122.11483,37.77047],[-122.11407,37.76975],[-122.11396,37.76955],[-122.11412,37.76934],[-122.11463,37.76917],[-122.11489,37.76892],[-122.11483,37.76864],[-122.11445,37.76824],[-122.11334,37.76773],[-122.11289,37.76707],[-122.11262,37.76694],[-122.11104,37.76664],[-122.11079,37.76674],[-122.11053,37.76712],[-122.1103,37.76727],[-122.10987,37.76728],[-122.10958,37.76712],[-122.10948,37.76681],[-122.10969,37.7662],[-122.10966,37.76588],[-122.10943,37.76564],[-122.10874,37.76526],[-122.10835,37.76461],[-122.1083,37.76378],[-122.1084,37.76309],[-122.10827,37.76275],[-122.10619,37.76068],[-122.10585,37.76019],[-122.10478,37.7591],[-122.10262,37.75796],[-122.10247,37.75762],[-122.10255,37.75686],[-122.10195,37.75626],[-122.10188,37.75529],[-122.10145,37.75485],[-122.10116,37.75436],[-122.09986,37.75396],[-122.09896,37.7534],[-122.09814,37.75312],[-122.09789,37.75268],[-122.09789,37.75213],[-122.09756,37.75168],[-122.09711,37.75145],[-122.09624,37.75149],[-122.09603,37.75143],[-122.09582,37.75117],[-122.09589,37.75056],[-122.09569,37.75028],[-122.09524,37.75004],[-122.09421,37.74978],[-122.09366,37.74889],[-122.09237,37.74839],[-122.09055,37.74729],[-122.0892,37.74612],[-122.08855,37.74578],[-122.08801,37.74438],[-122.08758,37.74392],[-122.08702,37.74353],[-122.08679,37.74269],[-122.08602,37.74198],[-122.08609,37.74138],[-122.0858,37.74071],[-122.0855,37.74039],[-122.08496,37.74003],[-122.08489,37.73962],[-122.08452,37.73915],[-122.08437,37.73855],[-122.08337,37.73776],[-122.08294,37.73755],[-122.08212,37.73735],[-122.08144,37.73685],[-122.08046,37.73659],[-122.07977,37.73677],[-122.07666,37.73821],[-122.07614,37.73818],[-122.07571,37.73785],[-122.07565,37.73768],[-122.07574,37.73735],[-122.07691,37.73618],[-122.07735,37.73593],[-122.07842,37.73573],[-122.07978,37.73497],[-122.08094,37.73374],[-122.08109,37.73317],[-122.08023,37.72916],[-122.07965,37.72728],[-122.07983,37.72507],[-122.07966,37.72452],[-122.07849,37.72324],[-122.0754,37.72091],[-122.07392,37.71886],[-122.07379,37.71845],[-122.07373,37.71696],[-122.07394,37.71182],[-122.07399,37.70417],[-122.07404,37.70412],[-122.07411,37.70417],[-122.07412,37.70538],[-122.07403,37.70547]],[[-122.07404,37.70412],[-122.07395,37.70099],[-122.07402,37.70076],[-122.07408,37.70099],[-122.07403,37.70269]],[[-122.17086,37.79914],[-122.17055,37.79712],[-122.17082,37.79659],[-122.17136,37.79633],[-122.17193,37.79634],[-122.17351,37.79724],[-122.174,37.7973],[-122.17446,37.79721],[-122.17478,37.79704],[-122.17502,37.79677],[-122.17603,37.79479],[-122.17645,37.79448],[-122.177,37.79435],[-122.17755,37.79441],[-122.17786,37.79456],[-122.17915,37.79561],[-122.17993,37.79606],[-122.18062,37.79626],[-122.18193,37.7964],[-122.18236,37.79655],[-122.18274,37.79686],[-122.18326,37.79777],[-122.18368,37.79803],[-122.18453,37.79837],[-122.18555,37.79866],[-122.18688,37.7989],[-122.18994,37.79901]],[[-122.07402,37.70076],[-122.07397,37.69274],[-122.0738,37.69009]],[[-122.07358,37.69005],[-122.07395,37.69811]],[[-122.07398,37.71005],[-122.07406,37.70896],[-122.07399,37.70889]]]}},{"type":"Feature","properties":{"id":"grizzly","name":"Grizzly Peak Boulevard","difficulty":2,"character":"Low speed"},"geometry":{"type":"MultiLineString","coordinates":[[[-122.26952,37.90433],[-122.26959,37.90444],[-122.26953,37.90488],[-122.26947,37.90463],[-122.26956,37.90352],[-122.26728,37.9022],[-122.26712,37.9019],[-122.26671,37.90157],[-122.26642,37.90093],[-122.26542,37.89951],[-122.26511,37.89926],[-122.26401,37.89899],[-122.26331,37.89853],[-122.26256,37.89832],[-122.26217,37.8981],[-122.26193,37.89771],[-122.26182,37.89715],[-122.26148,37.89686],[-122.26095,37.89672],[-122.26065,37.89652],[-122.26032,37.89575],[-122.25963,37.89482],[-122.25918,37.89448],[-122.258,37.89392],[-122.25756,37.89279],[-122.25723,37.89262],[-122.25665,37.89259],[-122.25594,37.89241],[-122.25538,37.89187],[-122.25454,37.89127],[-122.25381,37.89093],[-122.25281,37.89068],[-122.2524,37.89041],[-122.25185,37.88916],[-122.25175,37.88791],[-122.2515,37.88728],[-122.25047,37.88626],[-122.24899,37.88565],[-122.24863,37.88501],[-122.24785,37.8844],[-122.24787,37.88408],[-122.24859,37.88366],[-122.24886,37.88309],[-122.2488,37.8827],[-122.24841,37.88238],[-122.24796,37.88223],[-122.24738,37.88237],[-122.24728,37.88252],[-122.2473,37.88298],[-122.24698,37.88322],[-122.24571,37.88298],[-122.24519,37.88283],[-122.244,37.8822],[-122.24373,37.88186],[-122.24384,37.88136],[-122.24379,37.88116],[-122.24359,37.88105],[-122.24313,37.88103],[-122.24288,37.88117],[-122.24256,37.88158],[-122.24195,37.88188],[-122.24154,37.8826],[-122.24041,37.88304],[-122.24025,37.88327],[-122.24017,37.8837],[-122.24023,37.88431],[-122.23993,37.88442],[-122.2394,37.88426],[-122.23913,37.88406],[-122.2391,37.8838],[-122.2394,37.8835],[-122.23945,37.88325],[-122.23915,37.88289],[-122.23865,37.88259],[-122.23821,37.88257],[-122.23794,37.88264],[-122.23705,37.88355],[-122.23652,37.88373],[-122.23628,37.88362],[-122.23612,37.88333],[-122.23602,37.88216],[-122.23573,37.88202],[-122.235,37.88207],[-122.23432,37.88148],[-122.23356,37.88144],[-122.23294,37.88125],[-122.23222,37.88148],[-122.23183,37.8815],[-122.23057,37.88096],[-122.23019,37.88067],[-122.2296,37.8804],[-122.22645,37.87962],[-122.2258,37.87964],[-122.22441,37.88032],[-122.22393,37.88041],[-122.22349,37.88031],[-122.22178,37.87958],[-122.22154,37.87921],[-122.22133,37.87849],[-122.22053,37.87782],[-122.22043,37.87709],[-122.22023,37.87668],[-122.22036,37.87633],[-122.22156,37.87555],[-122.22178,37.8753],[-122.22181,37.87505],[-122.2216,37.8744],[-122.22085,37.87384],[-122.22069,37.87267],[-122.22052,37.8724],[-122.22028,37.87228],[-122.21947,37.87241],[-122.21927,37.87233],[-122.21856,37.87156],[-122.21886,37.8709],[-122.21883,37.87069],[-122.21723,37.86927],[-122.21683,37.86861],[-122.21621,37.86828],[-122.21612,37.86809],[-122.21629,37.86786],[-122.21652,37.86784],[-122.21716,37.86828],[-122.21761,37.86839],[-122.21941,37.86808],[-122.21991,37.8678],[-122.2203,37.86703],[-122.22132,37.8663],[-122.22182,37.86627],[-122.22225,37.86649],[-122.22264,37.86649],[-122.22279,37.86628],[-122.22274,37.86573],[-122.22264,37.86553],[-122.22198,37.86522],[-122.22207,37.8645],[-122.222,37.86424],[-122.22183,37.86416],[-122.22157,37.86417],[-122.22128,37.8646],[-122.22112,37.86467],[-122.22085,37.86462],[-122.22034,37.86433],[-122.2196,37.8637],[-122.21934,37.86335],[-122.21868,37.86298],[-122.21746,37.86194],[-122.21714,37.86127],[-122.21639,37.86051],[-122.2163,37.8599],[-122.21613,37.8596],[-122.21448,37.85862],[-122.21392,37.85802],[-122.2131,37.85784],[-122.21263,37.85739],[-122.21196,37.85695],[-122.21172,37.85643],[-122.2117,37.85588],[-122.21115,37.85533],[-122.21107,37.85513],[-122.21104,37.85463],[-122.21122,37.85422],[-122.21119,37.85404],[-122.21091,37.85345],[-122.21038,37.85296],[-122.21034,37.85248],[-122.2102,37.85228],[-122.20893,37.8516],[-122.20792,37.85175],[-122.20711,37.85152],[-122.20545,37.85157],[-122.20447,37.85171],[-122.20268,37.85123],[-122.2023,37.85084],[-122.20228,37.8501],[-122.20162,37.84958],[-122.20137,37.84884],[-122.20073,37.84821],[-122.20064,37.84759]],[[-122.27114,37.90905],[-122.27097,37.90889],[-122.26971,37.90658],[-122.26953,37.90488]]]}},{"type":"Feature","properties":{"id":"diablo","name":"Mount Diablo roads","difficulty":3,"character":"Technical"},"geometry":{"type":"MultiLineString","coordinates":[[[-121.98997,37.89925],[-121.98835,37.89837],[-121.98821,37.89822],[-121.9882,37.89795],[-121.98877,37.89732],[-121.98885,37.89696],[-121.98872,37.89643],[-121.9881,37.89575],[-121.98814,37.89502],[-121.98797,37.89463],[-121.98686,37.89362],[-121.98591,37.89301],[-121.98571,37.8928],[-121.98565,37.89244],[-121.98547,37.89214],[-121.98419,37.89177],[-121.98172,37.88981],[-121.98061,37.88858],[-121.9801,37.88754],[-121.97909,37.88666],[-121.97848,37.88579],[-121.97653,37.88458],[-121.97545,37.8836],[-121.9746,37.88312],[-121.97375,37.88305],[-121.97306,37.88339],[-121.97258,37.88345],[-121.97247,37.88335],[-121.97265,37.88295],[-121.97258,37.88279],[-121.97238,37.88271],[-121.97146,37.88272],[-121.97087,37.88188],[-121.97024,37.88195],[-121.9687,37.88189],[-121.96852,37.88174],[-121.96846,37.88126],[-121.96822,37.88113],[-121.96715,37.88102],[-121.96622,37.8812],[-121.96609,37.88105],[-121.96616,37.88049],[-121.96604,37.88028],[-121.96575,37.88018],[-121.96525,37.88029],[-121.96503,37.88024],[-121.96488,37.87947],[-121.96434,37.87927],[-121.96368,37.87929],[-121.96346,37.87886],[-121.96303,37.87845],[-121.96153,37.87776],[-121.96125,37.87681],[-121.9615,37.87673],[-121.96179,37.87691],[-121.96205,37.87695],[-121.96233,37.87688],[-121.96252,37.87669],[-121.96258,37.8761],[-121.96296,37.87541],[-121.96293,37.87513],[-121.96264,37.87481],[-121.96119,37.87434],[-121.96027,37.8738],[-121.96013,37.87344],[-121.95982,37.87322],[-121.95932,37.87313],[-121.95868,37.87321],[-121.95807,37.87297],[-121.95778,37.87262],[-121.95659,37.87268],[-121.95601,37.87243],[-121.9555,37.87251],[-121.9548,37.87244],[-121.95427,37.87265],[-121.95373,37.87311],[-121.95351,37.87318],[-121.95323,37.87315],[-121.95304,37.87284],[-121.9528,37.87276],[-121.9515,37.87292],[-121.95073,37.87339],[-121.95043,37.87331],[-121.95028,37.87305],[-121.95005,37.87293],[-121.94915,37.87304],[-121.9491,37.8729],[-121.94929,37.87255],[-121.9498,37.87231],[-121.95005,37.87192],[-121.95054,37.87166],[-121.95064,37.87125],[-121.9504,37.87089],[-121.94969,37.87032],[-121.94914,37.8702],[-121.94904,37.86966],[-121.94892,37.86951],[-121.94854,37.8696],[-121.9481,37.86996],[-121.94785,37.87],[-121.94766,37.86994],[-121.94738,37.86964],[-121.94665,37.86946],[-121.9465,37.8693],[-121.94648,37.86891],[-121.94633,37.86862],[-121.94593,37.86833],[-121.94519,37.8674],[-121.94478,37.86725],[-121.94461,37.86663],[-121.94405,37.86619],[-121.94379,37.86579],[-121.94292,37.86621],[-121.94334,37.86704],[-121.94271,37.86751],[-121.94266,37.86765],[-121.94282,37.8678],[-121.94337,37.86795],[-121.94389,37.86847],[-121.94402,37.8687],[-121.94405,37.86951],[-121.94377,37.86949],[-121.94302,37.86877],[-121.94224,37.86873],[-121.94091,37.86839],[-121.94071,37.86845],[-121.94065,37.86868],[-121.94107,37.86899],[-121.94109,37.86949],[-121.94092,37.86957],[-121.93995,37.86948],[-121.93973,37.86958],[-121.93978,37.86971],[-121.94009,37.86991],[-121.94019,37.87013],[-121.94067,37.87013],[-121.94083,37.87022],[-121.94122,37.8707],[-121.94248,37.87154],[-121.94276,37.87185],[-121.94275,37.87204],[-121.94254,37.87207],[-121.94216,37.8717],[-121.94154,37.87148],[-121.94071,37.87134],[-121.9401,37.87141],[-121.93915,37.87112],[-121.93791,37.87097],[-121.93691,37.87042],[-121.93629,37.87033],[-121.93536,37.86978],[-121.93545,37.86898],[-121.93529,37.86776],[-121.93514,37.86757],[-121.93379,37.86726],[-121.93288,37.86735],[-121.93253,37.86699],[-121.93179,37.86667],[-121.93151,37.86619],[-121.9311,37.86596],[-121.93119,37.86527],[-121.93036,37.86499],[-121.93007,37.86459],[-121.93007,37.86425],[-121.93067,37.86374],[-121.93086,37.86332],[-121.93079,37.86278],[-121.93057,37.86254],[-121.93026,37.86259],[-121.92965,37.86291],[-121.92926,37.86319],[-121.92904,37.8635],[-121.92879,37.8636],[-121.9284,37.86356],[-121.92786,37.86306],[-121.9277,37.86302],[-121.92747,37.86326],[-121.92741,37.86354],[-121.92726,37.86364],[-121.92618,37.86357],[-121.9256,37.86335],[-121.92517,37.86338],[-121.92505,37.8635],[-121.92512,37.86372],[-121.92578,37.86417],[-121.9261,37.86468],[-121.92665,37.86516],[-121.92665,37.86532],[-121.92613,37.8658],[-121.92601,37.86609],[-121.92583,37.86617],[-121.92536,37.86608],[-121.92495,37.86572],[-121.92466,37.86563],[-121.92353,37.86557],[-121.92325,37.86564],[-121.92314,37.86586],[-121.92334,37.86623],[-121.92449,37.86731],[-121.92464,37.86791],[-121.92485,37.86827],[-121.92484,37.86861],[-121.92523,37.86923],[-121.9251,37.86974],[-121.92515,37.86997],[-121.92568,37.87067],[-121.92561,37.87131],[-121.92579,37.87145],[-121.92628,37.87152],[-121.92696,37.87137],[-121.92711,37.87145],[-121.92689,37.87183],[-121.92605,37.87226],[-121.92566,37.87258],[-121.92539,37.87294],[-121.92541,37.87313],[-121.92602,37.87326],[-121.92706,37.87367],[-121.92776,37.87365],[-121.92851,37.87452],[-121.92917,37.87437],[-121.92979,37.87496],[-121.9299,37.87542],[-121.92986,37.87614],[-121.93073,37.87641],[-121.93084,37.87668],[-121.93067,37.8768],[-121.93042,37.87679],[-121.92938,37.87627],[-121.92926,37.87611],[-121.92914,37.87529],[-121.92893,37.87518],[-121.92832,37.87528],[-121.92739,37.87517],[-121.92653,37.87551],[-121.92609,37.87508],[-121.92557,37.87501],[-121.92522,37.8752],[-121.92473,37.87593],[-121.92453,37.876],[-121.92362,37.87559],[-121.9227,37.87582],[-121.92131,37.87572],[-121.92103,37.87588],[-121.92055,37.87658],[-121.91976,37.87694],[-121.91948,37.87745],[-121.91927,37.87762],[-121.91871,37.87773],[-121.91792,37.87809],[-121.91785,37.87877],[-121.91771,37.87895],[-121.9169,37.87912],[-121.91607,37.87906],[-121.91506,37.87955],[-121.91428,37.87949],[-121.9141,37.87965],[-121.91427,37.87975],[-121.9148,37.8798],[-121.91616,37.87964],[-121.91704,37.87976],[-121.91751,37.87967],[-121.9181,37.87982],[-121.91864,37.87959],[-121.91911,37.87882],[-121.9194,37.87876],[-121.92003,37.87882],[-121.92033,37.87935],[-121.92054,37.88014],[-121.92115,37.88057],[-121.92109,37.88084],[-121.92036,37.88093],[-121.91953,37.88088],[-121.91934,37.88096],[-121.91908,37.88127],[-121.91879,37.88131],[-121.91816,37.88122],[-121.91766,37.88091],[-121.91724,37.88082],[-121.91639,37.88141],[-121.9156,37.88163],[-121.91475,37.88174]],[[-121.93241,37.86693],[-121.93226,37.86672],[-121.93222,37.86687]],[[-121.95197,37.83194],[-121.95198,37.83274],[-121.95156,37.83515],[-121.95083,37.83562],[-121.95013,37.83638],[-121.94947,37.83736],[-121.94871,37.8379],[-121.94827,37.83835],[-121.94801,37.83883],[-121.94749,37.84042],[-121.94751,37.84074],[-121.9477,37.84104],[-121.94901,37.84089],[-121.94956,37.84118],[-121.94967,37.84156],[-121.94956,37.84271],[-121.94976,37.84272],[-121.95,37.84252],[-121.95015,37.84264],[-121.95025,37.84397],[-121.95005,37.84424],[-121.94973,37.84423],[-121.94881,37.84387],[-121.94787,37.84334],[-121.94784,37.84321],[-121.9483,37.8429],[-121.94835,37.84273],[-121.94816,37.8424],[-121.94789,37.8423],[-121.94739,37.84245],[-121.94676,37.84297],[-121.94597,37.84345],[-121.94571,37.84312],[-121.9449,37.84259],[-121.94368,37.84199],[-121.94339,37.84207],[-121.94147,37.84347],[-121.94137,37.84345],[-121.94129,37.84306],[-121.9409,37.84291],[-121.94053,37.84294],[-121.94026,37.8432],[-121.94013,37.84322],[-121.94012,37.84292],[-121.94057,37.84224],[-121.94057,37.84202],[-121.94033,37.84166],[-121.94013,37.84147],[-121.9398,37.84134],[-121.93835,37.84104],[-121.93773,37.84126],[-121.93717,37.84198],[-121.93689,37.84302],[-121.93706,37.84374],[-121.93698,37.8443],[-121.93688,37.84439],[-121.93672,37.84436],[-121.93602,37.84376],[-121.93569,37.84362],[-121.93419,37.84356],[-121.93363,37.84401],[-121.93335,37.84399],[-121.93306,37.84367],[-121.93308,37.84335],[-121.93275,37.84257],[-121.93224,37.84225],[-121.93211,37.84164],[-121.9319,37.8414],[-121.9316,37.84146],[-121.93134,37.84196],[-121.93108,37.84208],[-121.92954,37.84219],[-121.92892,37.84179],[-121.9287,37.84176],[-121.92788,37.84199],[-121.92752,37.84237],[-121.92683,37.8424],[-121.92646,37.84274],[-121.9259,37.84251],[-121.92576,37.84207],[-121.92473,37.84099],[-121.92389,37.84091],[-121.92299,37.84063],[-121.92213,37.8407],[-121.92133,37.8413],[-121.92134,37.84154],[-121.92173,37.84233],[-121.92172,37.84247],[-121.92144,37.84257],[-121.92079,37.84259],[-121.92044,37.84281],[-121.9206,37.8432],[-121.92183,37.84366],[-121.92264,37.84423],[-121.92401,37.84452],[-121.92492,37.84497],[-121.9258,37.845],[-121.92688,37.84534],[-121.92706,37.84557],[-121.92681,37.8458],[-121.92677,37.84598],[-121.92684,37.84643],[-121.92704,37.84666],[-121.92791,37.84712],[-121.92884,37.84724],[-121.92938,37.84766],[-121.92996,37.8478],[-121.93171,37.84849],[-121.93252,37.84908],[-121.93283,37.84951],[-121.93285,37.84977],[-121.93269,37.85024],[-121.93278,37.85059],[-121.93274,37.85091],[-121.93253,37.85107],[-121.93203,37.85104],[-121.93171,37.85056],[-121.93144,37.85048],[-121.93106,37.85065],[-121.93063,37.8511],[-121.93038,37.85114],[-121.93019,37.85079],[-121.93023,37.85036],[-121.93,37.85025],[-121.92977,37.85041],[-121.92962,37.85095],[-121.92934,37.85129],[-121.92855,37.85176],[-121.92825,37.85182],[-121.9279,37.85146],[-121.92772,37.8514],[-121.92689,37.85161],[-121.92642,37.85131],[-121.92581,37.85179],[-121.92569,37.85198],[-121.92587,37.85222],[-121.92738,37.85269],[-121.92808,37.85283],[-121.92921,37.85289],[-121.92983,37.85325],[-121.93047,37.85341],[-121.93124,37.85436],[-121.93211,37.85509],[-121.93266,37.85543],[-121.93346,37.8555],[-121.9343,37.856],[-121.9345,37.85621],[-121.93473,37.85683],[-121.93567,37.85736],[-121.93545,37.85894],[-121.93451,37.85985],[-121.93395,37.86097],[-121.93271,37.86268],[-121.93283,37.86324],[-121.93327,37.86387],[-121.93257,37.86416],[-121.93255,37.8643],[-121.933,37.86446],[-121.93335,37.86491],[-121.93327,37.86502],[-121.9318,37.86577],[-121.932,37.86637],[-121.93226,37.86672]],[[-121.91724,37.88082],[-121.9163,37.88094],[-121.91544,37.88123],[-121.91471,37.88163]],[[-121.92079,37.84259],[-121.92037,37.84273],[-121.92033,37.84295],[-121.92055,37.84314]]]}},{"type":"Feature","properties":{"id":"hicks","name":"Hicks Road","difficulty":3,"character":"Technical"},"geometry":{"type":"MultiLineString","coordinates":[[[-121.90385,37.22656],[-121.90545,37.22593],[-121.90629,37.22544],[-121.90633,37.22516],[-121.90598,37.2247],[-121.90596,37.22408],[-121.907,37.22217],[-121.90723,37.22194],[-121.90825,37.22171],[-121.90845,37.22159],[-121.90863,37.22137],[-121.90882,37.22078],[-121.9095,37.22024],[-121.9097,37.21994],[-121.90958,37.21936],[-121.90901,37.21853],[-121.90917,37.2182],[-121.90955,37.21791],[-121.90998,37.21775],[-121.91235,37.21723],[-121.91268,37.2171],[-121.91301,37.21674],[-121.91347,37.21592],[-121.9135,37.21545],[-121.91303,37.2149],[-121.91278,37.21417],[-121.91241,37.21356],[-121.91152,37.21319],[-121.91015,37.21316],[-121.90968,37.21306],[-121.9095,37.21289],[-121.90936,37.21212],[-121.90828,37.21162],[-121.90691,37.21066],[-121.90658,37.21064],[-121.90586,37.21099],[-121.9051,37.21103],[-121.90468,37.21091],[-121.90408,37.21047],[-121.90368,37.20972],[-121.90253,37.20911],[-121.90215,37.20882],[-121.90188,37.20794],[-121.90156,37.2076],[-121.90047,37.20723],[-121.89939,37.20642],[-121.89849,37.20629],[-121.89759,37.20638],[-121.89715,37.20624],[-121.89688,37.20593],[-121.89676,37.20506],[-121.89628,37.20449],[-121.89359,37.2037],[-121.89226,37.20358],[-121.89081,37.20299],[-121.88966,37.20292],[-121.88812,37.20214],[-121.88742,37.20224],[-121.88672,37.20215],[-121.88553,37.20146],[-121.88444,37.20141],[-121.8832,37.20095],[-121.88234,37.19929],[-121.88154,37.1984],[-121.88131,37.1983],[-121.88057,37.19834],[-121.87993,37.19805],[-121.87968,37.19778],[-121.87962,37.19733],[-121.87878,37.19706],[-121.87839,37.19683],[-121.8781,37.19625],[-121.87771,37.19586],[-121.87678,37.19573],[-121.87562,37.19524],[-121.87513,37.19481],[-121.87438,37.19455],[-121.8743,37.19429],[-121.87474,37.19352],[-121.87462,37.19286],[-121.87497,37.19242],[-121.87508,37.19199],[-121.87498,37.19182],[-121.87457,37.19156],[-121.87438,37.19125],[-121.87394,37.19109],[-121.87373,37.1909],[-121.87351,37.19019],[-121.8735,37.18962],[-121.87321,37.18905],[-121.87323,37.18877],[-121.87288,37.1883],[-121.87295,37.1874],[-121.87262,37.18671],[-121.87197,37.18606],[-121.87172,37.18554],[-121.87212,37.18385],[-121.87268,37.18323],[-121.87357,37.18244],[-121.87371,37.1812],[-121.87354,37.18112],[-121.87328,37.18122],[-121.87282,37.18196],[-121.87168,37.18201],[-121.87096,37.18214],[-121.87006,37.18264],[-121.86962,37.18272],[-121.86872,37.18222],[-121.86736,37.18211],[-121.86647,37.18175],[-121.86596,37.1814],[-121.86533,37.18019],[-121.86501,37.17996],[-121.86455,37.17983],[-121.86374,37.17996],[-121.86347,37.17986],[-121.86337,37.17963],[-121.86343,37.17951],[-121.86496,37.17901],[-121.86541,37.17865],[-121.86606,37.17844],[-121.86623,37.17815],[-121.86597,37.17795],[-121.8649,37.17799],[-121.86464,37.17786],[-121.86431,37.17755],[-121.8641,37.17702],[-121.86342,37.17627],[-121.86333,37.17596],[-121.8636,37.17535],[-121.86355,37.17516],[-121.8627,37.17414],[-121.86242,37.17302],[-121.86203,37.17211],[-121.86142,37.17156],[-121.86097,37.17093],[-121.86097,37.17032],[-121.86081,37.16966],[-121.86058,37.16936],[-121.86023,37.1691],[-121.85964,37.16888],[-121.85899,37.16843],[-121.85823,37.16732],[-121.8576,37.16702],[-121.85692,37.1664],[-121.85634,37.16629],[-121.85567,37.16575],[-121.85433,37.16533],[-121.85389,37.1653],[-121.85315,37.16551],[-121.85245,37.16554],[-121.85076,37.16502],[-121.85018,37.1647],[-121.84968,37.1642],[-121.84708,37.16309],[-121.84661,37.16273],[-121.8449,37.1622],[-121.84454,37.16167],[-121.84355,37.16144],[-121.84307,37.16102],[-121.84277,37.16089]]]}},{"type":"Feature","properties":{"id":"umunhum","name":"Mount Umunhum Road","difficulty":3,"character":"Low speed"},"geometry":{"type":"MultiLineString","coordinates":[[[-121.89814,37.16041],[-121.89815,37.16051],[-121.89802,37.16043],[-121.89851,37.16012],[-121.89895,37.16001],[-121.89946,37.1595],[-121.90007,37.1597],[-121.9003,37.15969],[-121.90097,37.15926],[-121.90381,37.15881],[-121.904,37.15865],[-121.90402,37.15847],[-121.90349,37.15811],[-121.90264,37.15823],[-121.90171,37.15805],[-121.90167,37.1579],[-121.9019,37.15752],[-121.90113,37.15714],[-121.90093,37.15605],[-121.90039,37.15578],[-121.89954,37.15509],[-121.89925,37.15465],[-121.89888,37.15311],[-121.89896,37.15222],[-121.89915,37.1519],[-121.89916,37.15149],[-121.89786,37.15088],[-121.89719,37.15095],[-121.89655,37.15083],[-121.89607,37.15039],[-121.89589,37.14923],[-121.89638,37.14833],[-121.89672,37.148],[-121.89685,37.14738],[-121.89671,37.14728],[-121.89602,37.14716],[-121.89576,37.14678],[-121.89524,37.14633],[-121.89506,37.14623],[-121.89472,37.14625],[-121.89422,37.14666],[-121.89411,37.14694],[-121.89485,37.14763],[-121.895,37.14815],[-121.89499,37.14858],[-121.89517,37.14893],[-121.89516,37.14953],[-121.89481,37.14985],[-121.89441,37.15048],[-121.89463,37.15107],[-121.89356,37.15178],[-121.89378,37.15276],[-121.8936,37.15341],[-121.89323,37.15407],[-121.8932,37.15464],[-121.89287,37.15465],[-121.89267,37.15431],[-121.89265,37.15378],[-121.89296,37.15318],[-121.89285,37.15303],[-121.89258,37.15303],[-121.89242,37.15311],[-121.89208,37.15368],[-121.89207,37.15462],[-121.89186,37.15515],[-121.89147,37.1557],[-121.89109,37.15578],[-121.89089,37.15571],[-121.88982,37.15513],[-121.88954,37.15515],[-121.88933,37.15545],[-121.88904,37.15561],[-121.88878,37.15563],[-121.88845,37.1554],[-121.88805,37.15487],[-121.88732,37.15458],[-121.88663,37.1549],[-121.88592,37.15493],[-121.885,37.1558],[-121.88403,37.15609],[-121.88227,37.15633],[-121.88103,37.15717],[-121.87978,37.15741],[-121.87951,37.15769],[-121.87871,37.15805],[-121.87823,37.15846],[-121.87743,37.1587],[-121.87716,37.15894],[-121.87657,37.15893],[-121.8764,37.159],[-121.87557,37.15979],[-121.87509,37.1601],[-121.875,37.16028],[-121.87504,37.16059],[-121.87537,37.16082],[-121.87562,37.16116],[-121.87547,37.16154],[-121.87555,37.16194],[-121.87546,37.16216],[-121.8751,37.16235],[-121.87432,37.16227],[-121.87391,37.16235],[-121.87378,37.16246],[-121.87378,37.16267],[-121.87404,37.16317],[-121.87454,37.16358],[-121.87488,37.16412],[-121.87453,37.1649],[-121.87476,37.16536],[-121.87469,37.16581],[-121.8751,37.16618],[-121.87513,37.16643],[-121.87493,37.16649],[-121.87451,37.16644],[-121.87382,37.16675],[-121.87321,37.16683],[-121.87293,37.16716],[-121.87259,37.16731],[-121.87095,37.16748],[-121.87035,37.16735],[-121.86988,37.16752],[-121.86948,37.16801],[-121.86952,37.16857],[-121.86942,37.16875],[-121.86889,37.16944],[-121.86848,37.16976],[-121.86816,37.17036],[-121.86761,37.17063],[-121.86721,37.17115],[-121.86632,37.17137],[-121.86605,37.17168],[-121.86601,37.1719],[-121.86637,37.17219],[-121.86647,37.17241],[-121.86613,37.17298],[-121.86537,37.17359],[-121.86455,37.17385],[-121.86453,37.1741],[-121.86498,37.17456],[-121.8649,37.17486],[-121.86423,37.17534],[-121.8636,37.17535]]]}},{"type":"Feature","properties":{"id":"uvas","name":"Uvas Road","difficulty":2,"character":"Medium speed"},"geometry":{"type":"MultiLineString","coordinates":[[[-121.748,37.15116],[-121.74727,37.15079],[-121.74672,37.15062],[-121.74429,37.15006],[-121.74227,37.14911],[-121.7406,37.14815],[-121.73936,37.14691],[-121.73815,37.14516],[-121.73744,37.14307],[-121.73568,37.13997],[-121.73569,37.13968],[-121.73609,37.13864],[-121.7364,37.13738],[-121.73656,37.13661],[-121.73655,37.13589],[-121.73607,37.13463],[-121.73575,37.13297],[-121.73525,37.13129],[-121.73406,37.12899],[-121.73331,37.12653],[-121.73325,37.12592],[-121.73359,37.12524],[-121.73434,37.1248],[-121.73672,37.12459],[-121.73727,37.12443],[-121.73834,37.12389],[-121.74033,37.12221],[-121.74064,37.12192],[-121.74091,37.12147],[-121.7413,37.11988],[-121.74127,37.11944],[-121.74092,37.11859],[-121.74043,37.11794],[-121.73928,37.11583],[-121.73894,37.11416],[-121.73841,37.11325],[-121.7349,37.11012],[-121.73182,37.10823],[-121.72858,37.1051],[-121.72695,37.10416],[-121.72568,37.10388],[-121.7254,37.1037],[-121.72466,37.10266],[-121.72441,37.10203],[-121.7237,37.10123],[-121.72353,37.10113],[-121.72279,37.10104],[-121.72191,37.10028],[-121.72171,37.09996],[-121.72138,37.09869],[-121.72048,37.09735],[-121.72045,37.09694],[-121.72066,37.0954],[-121.7199,37.09381],[-121.71938,37.09048],[-121.71686,37.08823],[-121.71546,37.08608],[-121.71467,37.08551],[-121.71373,37.08501],[-121.71178,37.08296],[-121.71126,37.08221],[-121.71071,37.08044],[-121.71032,37.08001],[-121.70983,37.07973],[-121.70771,37.07907],[-121.70738,37.0789],[-121.70698,37.07851],[-121.7067,37.07792],[-121.70654,37.07645],[-121.70621,37.07581],[-121.70603,37.07563],[-121.70346,37.07417],[-121.70295,37.07376],[-121.70265,37.07328],[-121.70256,37.07291],[-121.70306,37.07014],[-121.70293,37.06954],[-121.70267,37.06913],[-121.69963,37.0667],[-121.69864,37.06643],[-121.6971,37.06629],[-121.69486,37.06523],[-121.69181,37.06397],[-121.68918,37.06269],[-121.68861,37.0626],[-121.68683,37.06283],[-121.6863,37.06279],[-121.68539,37.06244],[-121.68467,37.062],[-121.68241,37.06146],[-121.68059,37.0609]]]}},{"type":"Feature","properties":{"id":"mckean","name":"McKean Road","difficulty":1,"character":"Medium speed"},"geometry":{"type":"MultiLineString","coordinates":[[[-121.82864,37.20163],[-121.82923,37.20123],[-121.82937,37.20122],[-121.82864,37.20163],[-121.82678,37.20049],[-121.82599,37.2001],[-121.82412,37.19977],[-121.81951,37.19856],[-121.81734,37.19788],[-121.81271,37.19673],[-121.80619,37.19423],[-121.80241,37.19264],[-121.79971,37.19139],[-121.798,37.18989],[-121.7969,37.18818],[-121.7963,37.18757],[-121.79601,37.18743],[-121.79543,37.18744],[-121.79318,37.18794],[-121.78937,37.18794],[-121.7751,37.1884],[-121.77439,37.18828],[-121.7736,37.188],[-121.77144,37.18644],[-121.77015,37.18586]],[[-121.82937,37.20122],[-121.83054,37.20047],[-121.83318,37.19806]]]}},{"type":"Feature","properties":{"id":"panoramic","name":"Panoramic Highway","difficulty":3,"character":"Technical"},"geometry":{"type":"MultiLineString","coordinates":[[[-122.55373,37.88415],[-122.55428,37.8839],[-122.55436,37.88331],[-122.5545,37.88326],[-122.55464,37.88336],[-122.5546,37.88367],[-122.55478,37.88456],[-122.55475,37.88549],[-122.55447,37.88687],[-122.55468,37.88841],[-122.55516,37.88948],[-122.55625,37.89048],[-122.55633,37.8917],[-122.55658,37.89266],[-122.55708,37.89343],[-122.55775,37.8937],[-122.55843,37.89444],[-122.5587,37.89535],[-122.55902,37.89595],[-122.55981,37.89657],[-122.56096,37.89717],[-122.56127,37.89755],[-122.5617,37.89785],[-122.56247,37.89813],[-122.56258,37.89843],[-122.5624,37.89891],[-122.56243,37.8992],[-122.56261,37.8996],[-122.56303,37.89991],[-122.56386,37.90004],[-122.56439,37.90033],[-122.56463,37.90028],[-122.56507,37.90003],[-122.56529,37.90001],[-122.56665,37.90044],[-122.56714,37.90093],[-122.56839,37.90128],[-122.56951,37.90248],[-122.56966,37.90292],[-122.56969,37.9039],[-122.57015,37.90425],[-122.57036,37.90464],[-122.57119,37.90501],[-122.57274,37.90537],[-122.57312,37.90556],[-122.57333,37.90593],[-122.5743,37.90666],[-122.57607,37.90854],[-122.57697,37.90979],[-122.57713,37.91063],[-122.57895,37.91134],[-122.57926,37.91191],[-122.57986,37.91231],[-122.58037,37.91243],[-122.58076,37.91275],[-122.58126,37.91295],[-122.58161,37.91342],[-122.58232,37.91392],[-122.58255,37.91428],[-122.58262,37.91539],[-122.58292,37.91587],[-122.58308,37.91597],[-122.58341,37.91582],[-122.58371,37.91544],[-122.58384,37.91505],[-122.58451,37.91455],[-122.58509,37.91338],[-122.58499,37.9128],[-122.58505,37.91256],[-122.5856,37.91234],[-122.58625,37.91248],[-122.58648,37.91242],[-122.58686,37.91149],[-122.58683,37.91093],[-122.58692,37.91073],[-122.58717,37.91067],[-122.58773,37.91087],[-122.58792,37.91083],[-122.58828,37.9101],[-122.58873,37.90987],[-122.5896,37.90917],[-122.59053,37.90926],[-122.59157,37.90964],[-122.59241,37.90974],[-122.59328,37.91049],[-122.594,37.91081],[-122.5942,37.91075],[-122.59426,37.91038],[-122.59471,37.91041],[-122.59483,37.91052],[-122.59493,37.91105],[-122.59563,37.91179],[-122.5962,37.91224],[-122.59669,37.91287],[-122.59704,37.91305],[-122.59728,37.91305],[-122.59737,37.91274],[-122.59686,37.91126],[-122.59692,37.91083],[-122.59725,37.9108],[-122.59764,37.9112],[-122.59786,37.91128],[-122.59799,37.91119],[-122.59803,37.91085],[-122.59819,37.91073],[-122.59945,37.91046],[-122.6012,37.90995],[-122.60131,37.90935],[-122.60205,37.90817],[-122.60208,37.90764],[-122.60267,37.90715],[-122.60286,37.90684],[-122.60285,37.90613],[-122.60314,37.90572],[-122.60323,37.90535],[-122.60398,37.90451],[-122.60462,37.90335],[-122.60497,37.90328],[-122.60578,37.90355],[-122.60643,37.90361],[-122.607,37.90407],[-122.60728,37.90414],[-122.6076,37.90412],[-122.60807,37.90385],[-122.60832,37.90385],[-122.60856,37.904],[-122.60877,37.90436],[-122.60927,37.90479],[-122.60987,37.90473],[-122.61032,37.90494],[-122.61052,37.90492],[-122.61054,37.90478],[-122.60999,37.90392],[-122.60987,37.90355],[-122.6094,37.90308],[-122.60933,37.90173],[-122.60965,37.90138],[-122.60959,37.90099],[-122.60971,37.90076],[-122.61046,37.90031],[-122.61079,37.90038],[-122.61116,37.90061],[-122.61139,37.90061],[-122.61148,37.90044],[-122.61114,37.89991],[-122.61115,37.89971],[-122.61211,37.89892],[-122.61281,37.89888],[-122.61276,37.89831],[-122.61299,37.89773],[-122.613,37.89722],[-122.61328,37.89684],[-122.61395,37.89671],[-122.61429,37.89694],[-122.61447,37.89693],[-122.61501,37.89611],[-122.61567,37.89572],[-122.61614,37.89576],[-122.61726,37.89551],[-122.61762,37.89561],[-122.61815,37.89596],[-122.6187,37.89591],[-122.61882,37.89567],[-122.61842,37.8946],[-122.61862,37.89432],[-122.61978,37.89426],[-122.62023,37.89446],[-122.6205,37.89447],[-122.62073,37.89435],[-122.62109,37.89388],[-122.62212,37.89348],[-122.62334,37.89366],[-122.62363,37.89383],[-122.62389,37.89413],[-122.62404,37.89415],[-122.62412,37.894],[-122.62378,37.8931],[-122.62344,37.89262],[-122.62275,37.89221],[-122.62269,37.8921],[-122.62277,37.892],[-122.6251,37.89228],[-122.62572,37.89307],[-122.62601,37.89325],[-122.62736,37.89374],[-122.62843,37.89515],[-122.62965,37.89577],[-122.62988,37.8958],[-122.62996,37.89565],[-122.62921,37.89485],[-122.62919,37.8947],[-122.62934,37.89463],[-122.63045,37.89533],[-122.63153,37.89578],[-122.63171,37.89605],[-122.6315,37.89647],[-122.63152,37.89667],[-122.6326,37.89771],[-122.63264,37.89789],[-122.63249,37.89826],[-122.63255,37.89843],[-122.63326,37.89899],[-122.63451,37.89963],[-122.63478,37.8996],[-122.63487,37.89939],[-122.6344,37.89814],[-122.63444,37.89788],[-122.63545,37.89689],[-122.63671,37.89625]]]}},{"type":"Feature","properties":{"id":"ridgecrest","name":"Pantoll & East Ridgecrest","difficulty":2,"character":"Low speed"},"geometry":{"type":"MultiLineString","coordinates":[[[-122.58084,37.92735],[-122.58245,37.92759],[-122.58401,37.92885],[-122.58438,37.92889],[-122.58516,37.928],[-122.58542,37.92786],[-122.58608,37.92784],[-122.5863,37.92775],[-122.58655,37.92716],[-122.58658,37.92579],[-122.58674,37.9257],[-122.5874,37.92567],[-122.5876,37.92504],[-122.58773,37.92494],[-122.58869,37.92544],[-122.58914,37.92593],[-122.59006,37.92612],[-122.59035,37.9266],[-122.59207,37.92728],[-122.59286,37.92719],[-122.59316,37.92696],[-122.5934,37.92649],[-122.59422,37.9263],[-122.59446,37.92614],[-122.59458,37.92585],[-122.59534,37.9256],[-122.59523,37.92405],[-122.59546,37.92351],[-122.59545,37.92291],[-122.59557,37.92273],[-122.5963,37.9227],[-122.59699,37.92305],[-122.59755,37.92308],[-122.59778,37.923],[-122.59801,37.92258],[-122.59868,37.92237],[-122.59919,37.92253],[-122.59976,37.92257],[-122.60062,37.92285],[-122.60086,37.92284],[-122.60177,37.92225],[-122.60243,37.92202],[-122.60319,37.92137],[-122.60324,37.92078],[-122.60374,37.92009],[-122.6042,37.91988],[-122.60471,37.91996],[-122.60497,37.91992],[-122.60642,37.91901],[-122.60671,37.91847],[-122.60706,37.91813],[-122.60751,37.91701],[-122.6076,37.91632],[-122.60805,37.91561],[-122.60793,37.91526],[-122.60798,37.91509],[-122.61059,37.91417],[-122.6108,37.91393],[-122.61104,37.91329],[-122.61171,37.91294],[-122.61175,37.91272],[-122.61123,37.91213],[-122.61112,37.91179],[-122.61173,37.91137],[-122.61203,37.91071],[-122.61262,37.91041],[-122.6127,37.91011],[-122.61262,37.90958],[-122.61276,37.90933],[-122.61321,37.90909],[-122.6134,37.90879],[-122.61422,37.90835],[-122.61427,37.90818],[-122.61411,37.90794],[-122.61414,37.90774],[-122.61486,37.9072],[-122.61484,37.90591],[-122.61442,37.90522],[-122.61426,37.90458],[-122.61411,37.90448],[-122.6137,37.90451],[-122.6136,37.90467],[-122.61373,37.90512],[-122.61368,37.90676],[-122.61344,37.90688],[-122.61277,37.9066],[-122.61233,37.90706],[-122.61138,37.90747],[-122.61073,37.90728],[-122.61054,37.90689],[-122.61034,37.9067],[-122.60955,37.90647],[-122.60924,37.90627],[-122.60883,37.90625],[-122.60841,37.90659],[-122.60801,37.90647],[-122.60771,37.90545],[-122.60702,37.90545],[-122.6069,37.90531],[-122.60689,37.905],[-122.60677,37.9049],[-122.60609,37.90488],[-122.60584,37.90446],[-122.60505,37.90382],[-122.60477,37.90383],[-122.6041,37.90432]]]}},{"type":"Feature","properties":{"id":"lucas","name":"Lucas Valley Road","difficulty":2,"character":"Medium speed"},"geometry":{"type":"MultiLineString","coordinates":[[[-122.69312,38.05466],[-122.69349,38.05493]],[[-122.69336,38.05472],[-122.69163,38.05405],[-122.69039,38.05327],[-122.68935,38.05284],[-122.68678,38.05264],[-122.68624,38.0522],[-122.68575,38.05161],[-122.68454,38.05087],[-122.68355,38.05012],[-122.68323,38.05009],[-122.68178,38.05038],[-122.68085,38.0504],[-122.68011,38.05004],[-122.67948,38.04947],[-122.67901,38.04928],[-122.67854,38.04924],[-122.67636,38.04972],[-122.67494,38.0496],[-122.67445,38.04969],[-122.67263,38.05081],[-122.67184,38.05109],[-122.6709,38.05191],[-122.66922,38.05297],[-122.66722,38.05372],[-122.66433,38.05573],[-122.66371,38.05607],[-122.66162,38.05654],[-122.66007,38.05626],[-122.65815,38.05651],[-122.65491,38.05617],[-122.65142,38.055],[-122.65104,38.05478],[-122.65064,38.05428],[-122.65033,38.05408],[-122.64917,38.05382],[-122.64839,38.05347],[-122.6475,38.05291],[-122.64702,38.05233],[-122.64455,38.05078],[-122.6442,38.05048],[-122.64398,38.0502],[-122.64344,38.04851],[-122.64374,38.04738],[-122.64357,38.04645],[-122.64317,38.04549],[-122.64235,38.04419],[-122.64211,38.04395],[-122.64178,38.0438],[-122.63947,38.04364],[-122.63861,38.04329],[-122.63784,38.04319],[-122.63714,38.04294],[-122.6356,38.04296],[-122.63482,38.04359],[-122.63455,38.04411],[-122.63428,38.04411],[-122.63366,38.04389],[-122.63337,38.04391],[-122.63269,38.04433],[-122.6312,38.04462],[-122.63057,38.04487],[-122.62934,38.04587],[-122.62864,38.04728],[-122.62809,38.0477],[-122.62667,38.04788],[-122.62509,38.04792],[-122.6235,38.0482],[-122.62282,38.04814],[-122.62225,38.04798],[-122.62109,38.04733],[-122.62097,38.04692],[-122.62073,38.04654],[-122.62074,38.04613],[-122.62063,38.04589],[-122.62068,38.04532],[-122.62054,38.04517],[-122.61997,38.04495],[-122.6197,38.04461],[-122.61951,38.0446],[-122.61892,38.04489],[-122.61795,38.04492],[-122.61721,38.04425],[-122.61611,38.04447],[-122.61548,38.0442],[-122.61497,38.04377],[-122.61401,38.04393],[-122.61338,38.04378],[-122.61288,38.04381],[-122.61238,38.0437],[-122.61177,38.04337],[-122.61096,38.04322],[-122.61029,38.0427],[-122.60907,38.04227],[-122.60805,38.04133],[-122.60777,38.04078],[-122.60759,38.04064],[-122.60725,38.04062],[-122.60654,38.04074],[-122.60479,38.0403],[-122.60446,38.04009],[-122.60407,38.03939],[-122.60334,38.03861],[-122.60295,38.03851],[-122.60185,38.03854],[-122.60099,38.03798],[-122.59963,38.03748],[-122.59829,38.03685],[-122.59645,38.03663],[-122.59486,38.03625],[-122.59316,38.03651],[-122.59211,38.03644],[-122.59168,38.03633],[-122.59118,38.03605],[-122.59039,38.03527],[-122.58864,38.03421],[-122.58723,38.03366],[-122.58545,38.03326],[-122.58459,38.03286],[-122.58399,38.0324],[-122.58274,38.03096],[-122.58195,38.03043],[-122.57828,38.02924],[-122.5731,38.02652],[-122.57018,38.02541],[-122.56873,38.02521],[-122.56256,38.02562],[-122.55934,38.02547],[-122.55866,38.0255],[-122.55779,38.02568],[-122.55574,38.02669],[-122.5548,38.02695],[-122.55173,38.02708],[-122.55088,38.02705],[-122.54976,38.02681],[-122.5453,38.02512],[-122.5433,38.02398],[-122.54079,38.02202],[-122.54008,38.02164]]]}},{"type":"Feature","properties":{"id":"marshall","name":"Marshall\u2013Petaluma Road","difficulty":2,"character":"Medium speed"},"geometry":{"type":"MultiLineString","coordinates":[[[-122.73144,38.16766],[-122.7318,38.16678],[-122.73266,38.16578],[-122.73318,38.16545],[-122.73395,38.16528],[-122.73476,38.16531],[-122.73588,38.16567],[-122.73678,38.16532],[-122.73816,38.1654],[-122.73857,38.16557],[-122.73913,38.16615],[-122.73956,38.16639],[-122.74037,38.16658],[-122.74091,38.16652],[-122.74185,38.16542],[-122.74271,38.16473],[-122.7431,38.16403],[-122.74311,38.16331],[-122.74326,38.163],[-122.74425,38.16231],[-122.74508,38.16141],[-122.7471,38.16044],[-122.75002,38.15952],[-122.75037,38.1597],[-122.75108,38.16101],[-122.75263,38.16264],[-122.75335,38.16295],[-122.75425,38.16307],[-122.7551,38.16358],[-122.75575,38.16385],[-122.75637,38.16402],[-122.75735,38.16412],[-122.75788,38.16435],[-122.75893,38.16457],[-122.76255,38.1644],[-122.763,38.16425],[-122.76385,38.16377],[-122.76481,38.16361],[-122.76626,38.16367],[-122.76702,38.1639],[-122.76801,38.16397],[-122.7692,38.16452],[-122.76965,38.16455],[-122.77276,38.16414],[-122.77365,38.16414],[-122.77522,38.16351],[-122.77567,38.16342],[-122.77717,38.16381],[-122.77778,38.16383],[-122.77957,38.16307],[-122.78044,38.16299],[-122.78104,38.16316],[-122.78248,38.16392],[-122.78392,38.16434],[-122.78465,38.16444],[-122.78729,38.16595],[-122.79108,38.16792],[-122.79262,38.1689],[-122.79326,38.16915],[-122.79455,38.16931],[-122.79574,38.16932],[-122.79732,38.16891],[-122.79817,38.1685],[-122.7991,38.16876],[-122.7999,38.16869],[-122.8012,38.16872],[-122.80356,38.16788],[-122.80421,38.16712],[-122.80473,38.16682],[-122.80533,38.16666],[-122.80635,38.16655],[-122.80797,38.16658],[-122.80967,38.16554],[-122.81074,38.1635],[-122.81104,38.16327],[-122.81184,38.16303],[-122.81209,38.1628],[-122.81275,38.16084],[-122.81395,38.15878],[-122.81473,38.15644],[-122.8153,38.15529],[-122.81649,38.15346],[-122.81675,38.15262],[-122.82172,38.14961],[-122.82248,38.14937],[-122.82376,38.14948],[-122.82466,38.14981],[-122.82667,38.15023],[-122.82754,38.15013],[-122.82911,38.14957],[-122.83008,38.14958],[-122.83047,38.14968],[-122.83124,38.15017],[-122.8319,38.15024],[-122.8325,38.15002],[-122.83367,38.14928],[-122.83425,38.14879],[-122.83573,38.14832],[-122.83978,38.14868],[-122.84054,38.14892],[-122.84188,38.14948],[-122.8426,38.15021],[-122.84417,38.1514],[-122.84481,38.15168],[-122.84523,38.15177],[-122.84549,38.15174],[-122.84637,38.15136],[-122.84724,38.15136],[-122.84894,38.15097],[-122.85113,38.15101],[-122.85253,38.15016],[-122.85288,38.15003],[-122.85472,38.15026],[-122.8591,38.15255],[-122.86066,38.15295],[-122.86101,38.15311],[-122.86136,38.15359],[-122.8618,38.15516],[-122.86209,38.15569],[-122.86246,38.15583],[-122.86403,38.15587],[-122.86426,38.15595],[-122.86691,38.15922],[-122.86799,38.16002],[-122.86917,38.16042],[-122.86983,38.16106],[-122.87147,38.16206],[-122.87197,38.16228],[-122.87291,38.16214],[-122.87344,38.16231],[-122.87443,38.16224],[-122.87664,38.16255],[-122.87775,38.16223],[-122.87962,38.16239],[-122.88124,38.16199],[-122.88255,38.16197],[-122.88358,38.16174],[-122.88463,38.1617],[-122.88536,38.16184],[-122.88654,38.16253],[-122.89029,38.16327],[-122.89066,38.16338],[-122.89124,38.16373],[-122.89154,38.16372],[-122.89245,38.16318],[-122.89265,38.16316]]]}},{"type":"Feature","properties":{"id":"highway-1-marin","name":"Highway 1 \u00b7 Marin coast","difficulty":2,"character":"Medium speed"},"geometry":{"type":"MultiLineString","coordinates":[[[-123.12991,38.45318],[-123.1288,38.45294],[-123.12742,38.45209],[-123.12613,38.45161],[-123.12512,38.45152],[-123.12497,38.45136],[-123.12475,38.45071],[-123.1243,38.45042],[-123.12302,38.45034],[-123.12149,38.45075],[-123.12038,38.4508],[-123.11591,38.44996],[-123.11517,38.44969],[-123.11487,38.44937],[-123.11446,38.44842],[-123.11308,38.44714],[-123.11224,38.44598],[-123.11104,38.4446],[-123.10673,38.43797],[-123.10625,38.43756],[-123.10565,38.43726],[-123.10496,38.43707],[-123.10424,38.43702],[-123.10385,38.43687],[-123.10239,38.43547],[-123.10103,38.43385],[-123.10057,38.43312],[-123.10041,38.43256],[-123.10059,38.43219],[-123.10116,38.43182],[-123.10367,38.43179],[-123.10399,38.43188],[-123.10453,38.43233],[-123.10495,38.43241],[-123.10566,38.43204],[-123.10644,38.43178],[-123.10722,38.43196],[-123.10837,38.43188],[-123.10867,38.43171],[-123.10873,38.43129],[-123.10817,38.42887],[-123.1075,38.42793],[-123.10638,38.42677],[-123.10604,38.42579],[-123.10452,38.42361],[-123.10421,38.42238],[-123.10112,38.41751],[-123.10074,38.41582],[-123.10055,38.41563],[-123.10016,38.41555],[-123.09892,38.41591],[-123.09859,38.41584],[-123.09842,38.41566],[-123.09845,38.41536],[-123.09897,38.41464],[-123.09912,38.41386],[-123.09817,38.4108],[-123.09793,38.41052],[-123.09712,38.41022],[-123.09685,38.41001],[-123.09652,38.4087],[-123.0955,38.40714],[-123.09548,38.40682],[-123.09567,38.40598],[-123.09511,38.40441],[-123.09492,38.40341],[-123.09498,38.40254],[-123.09489,38.40217],[-123.09457,38.40155],[-123.09426,38.40127],[-123.09293,38.40091],[-123.09267,38.40073],[-123.09271,38.40049],[-123.09316,38.40018],[-123.09332,38.39992],[-123.09349,38.39834],[-123.09343,38.39775],[-123.09286,38.39579],[-123.09228,38.39523],[-123.09069,38.39425],[-123.09015,38.3943],[-123.08892,38.39492],[-123.08863,38.39492],[-123.08846,38.3947],[-123.08849,38.39305],[-123.08824,38.39263],[-123.08592,38.39137],[-123.0841,38.3907],[-123.08367,38.39043],[-123.08317,38.38994],[-123.08289,38.38945],[-123.08274,38.38878],[-123.08311,38.38667],[-123.08308,38.38601],[-123.08202,38.38448],[-123.08195,38.38349],[-123.08182,38.38319],[-123.08049,38.38151],[-123.08019,38.38097],[-123.08,38.38018],[-123.07988,38.37802],[-123.0795,38.37764],[-123.07852,38.37738],[-123.07816,38.37712],[-123.07779,38.37619],[-123.07756,38.37438],[-123.07609,38.3724],[-123.07469,38.37124],[-123.07446,38.3704],[-123.07405,38.37017],[-123.07318,38.37033],[-123.07291,38.37018],[-123.07301,38.36933],[-123.07271,38.36848],[-123.07245,38.36802],[-123.07194,38.36752],[-123.07159,38.36661],[-123.07016,38.36437],[-123.06977,38.36319],[-123.06893,38.36228],[-123.0688,38.36118],[-123.06818,38.36029],[-123.06791,38.3593],[-123.06708,38.35798],[-123.06709,38.35697],[-123.06691,38.3564],[-123.06524,38.35506],[-123.06233,38.35306],[-123.0605,38.3513],[-123.05985,38.3502],[-123.05928,38.34952],[-123.05473,38.34759],[-123.05315,38.34652],[-123.05281,38.34607],[-123.0521,38.34434],[-123.0503,38.34201],[-123.04774,38.34044],[-123.04743,38.34035],[-123.04684,38.34034],[-123.04658,38.34022],[-123.04648,38.34003],[-123.04653,38.33974],[-123.048,38.33763],[-123.04806,38.33734],[-123.04783,38.33705],[-123.04598,38.33606],[-123.04565,38.33578],[-123.0456,38.33555],[-123.04587,38.33539],[-123.0465,38.33541],[-123.04729,38.33519],[-123.04843,38.33513],[-123.04877,38.33493],[-123.04888,38.33471],[-123.0478,38.33264],[-123.04702,38.33181],[-123.04693,38.33111],[-123.04607,38.3301],[-123.04464,38.32942],[-123.04351,38.32872],[-123.04309,38.32839],[-123.0426,38.32776],[-123.04195,38.32715],[-123.04068,38.32653],[-123.04008,38.32612],[-123.03404,38.31986],[-123.03239,38.31872],[-123.03057,38.31771],[-123.0298,38.31749],[-123.02922,38.31744],[-123.0281,38.31761],[-123.02474,38.31876],[-123.02351,38.31899],[-123.02213,38.31897],[-123.01801,38.31832],[-123.01683,38.31837],[-123.0158,38.31862],[-123.01473,38.31913],[-123.01351,38.32012],[-123.01315,38.32083],[-123.0132,38.32194],[-123.01296,38.32263],[-123.01087,38.32451],[-123.00762,38.32652],[-123.00705,38.32677],[-123.00654,38.32685],[-123.00404,38.32666],[-123.00298,38.32672],[-123.00178,38.32702],[-122.99934,38.32785],[-122.99878,38.32825],[-122.99805,38.32897],[-122.99556,38.33068],[-122.99514,38.33127],[-122.99392,38.33387],[-122.99352,38.33432],[-122.99296,38.33472],[-122.99227,38.33502],[-122.99005,38.33563],[-122.9882,38.33656],[-122.98727,38.33685],[-122.98019,38.33739],[-122.97653,38.33704],[-122.97556,38.33679],[-122.97455,38.33618],[-122.97338,38.33472],[-122.97232,38.33406],[-122.96755,38.33266],[-122.95561,38.3282],[-122.95424,38.32754],[-122.95323,38.3272],[-122.94474,38.32565],[-122.94387,38.32563],[-122.94255,38.32587],[-122.94196,38.32589],[-122.92971,38.32494],[-122.92903,38.32479],[-122.92841,38.32444],[-122.92794,38.32382],[-122.92784,38.32336],[-122.92792,38.32081],[-122.92773,38.32038],[-122.92666,38.31894],[-122.92628,38.31861],[-122.92578,38.31836],[-122.92442,38.31802],[-122.92243,38.31728],[-122.92189,38.31728],[-122.92146,38.31743],[-122.91913,38.31889],[-122.91839,38.31949],[-122.91737,38.32059],[-122.91675,38.32096],[-122.91434,38.32136],[-122.91205,38.32145],[-122.91006,38.32126],[-122.90808,38.3209],[-122.89894,38.31761],[-122.89653,38.31643],[-122.89756,38.31212],[-122.8976,38.3061],[-122.89697,38.30445],[-122.89548,38.29751],[-122.89545,38.29703],[-122.89603,38.29548],[-122.8968,38.29446],[-122.89752,38.2938],[-122.89875,38.29169],[-122.8989,38.2912],[-122.89941,38.28644],[-122.90031,38.28029],[-122.89999,38.27674],[-122.90026,38.27495],[-122.90026,38.27416],[-122.90052,38.27337],[-122.90126,38.27232],[-122.90217,38.27056],[-122.90255,38.26913],[-122.90253,38.26818],[-122.90222,38.26646],[-122.90104,38.26345],[-122.901,38.26179],[-122.90136,38.26074],[-122.90267,38.25934],[-122.90301,38.25883],[-122.90398,38.25661],[-122.90423,38.25246],[-122.90488,38.24568],[-122.90525,38.23983],[-122.9054,38.23958],[-122.906,38.23921],[-122.9069,38.23835],[-122.90767,38.23803],[-122.90812,38.23748],[-122.90866,38.2371],[-122.90924,38.23653],[-122.90942,38.23622],[-122.90937,38.23522],[-122.90951,38.23488],[-122.91005,38.23458],[-122.91075,38.23398],[-122.91226,38.23319],[-122.91317,38.23245],[-122.91369,38.23183],[-122.91427,38.2308],[-122.91502,38.23003],[-122.91593,38.22884],[-122.91631,38.22803],[-122.91606,38.22532],[-122.91625,38.22479],[-122.91652,38.22439],[-122.9183,38.22318],[-122.91931,38.2228],[-122.92002,38.2223],[-122.92193,38.22149],[-122.92222,38.22125],[-122.92261,38.22008],[-122.92299,38.21945],[-122.92297,38.21845],[-122.92346,38.21796],[-122.92345,38.21752],[-122.92318,38.21692],[-122.92332,38.21677],[-122.92417,38.21639],[-122.92441,38.21613],[-122.92459,38.21516],[-122.92454,38.21469],[-122.92493,38.21409],[-122.92497,38.21297],[-122.92471,38.21263],[-122.92457,38.21225],[-122.92373,38.21119],[-122.92368,38.21099],[-122.92376,38.21079],[-122.92399,38.21062],[-122.92426,38.21057],[-122.92501,38.21068],[-122.92542,38.21035],[-122.92536,38.20938],[-122.92511,38.20828],[-122.92386,38.20578],[-122.92335,38.20552],[-122.92246,38.20544],[-122.92219,38.20528],[-122.92219,38.20509],[-122.92251,38.20457],[-122.92253,38.20401],[-122.92199,38.20227],[-122.92099,38.20138],[-122.92078,38.2001],[-122.92023,38.1991],[-122.92017,38.19877],[-122.92031,38.1972],[-122.91977,38.19658],[-122.91965,38.19582],[-122.91926,38.19494],[-122.91853,38.19424],[-122.91809,38.19354],[-122.91778,38.19233],[-122.91254,38.18829],[-122.91238,38.18792],[-122.91239,38.18646],[-122.91225,38.18584],[-122.91134,38.18426],[-122.91024,38.18366],[-122.90976,38.18324],[-122.90965,38.18294],[-122.90967,38.18173],[-122.90953,38.18109],[-122.90872,38.17999],[-122.90778,38.17901],[-122.90737,38.17864],[-122.90699,38.17846],[-122.90466,38.17826],[-122.90302,38.17735],[-122.90151,38.17667],[-122.90057,38.17565],[-122.89992,38.17473],[-122.89947,38.17352],[-122.89803,38.17217],[-122.89821,38.17104],[-122.89811,38.17077],[-122.89704,38.16989],[-122.89636,38.16896],[-122.8956,38.1682],[-122.89474,38.16769],[-122.89305,38.16702],[-122.89292,38.16687],[-122.89275,38.16611],[-122.89238,38.16551],[-122.89208,38.16522],[-122.89126,38.16477],[-122.89125,38.1645],[-122.89141,38.16428],[-122.89319,38.16263],[-122.89365,38.16131],[-122.89442,38.15997],[-122.8945,38.15953],[-122.89427,38.15889],[-122.89349,38.15788],[-122.89266,38.15641],[-122.89093,38.15403],[-122.89029,38.15342],[-122.88823,38.15201],[-122.88641,38.14943],[-122.88587,38.14914],[-122.88411,38.14885],[-122.88353,38.14856],[-122.8832,38.14808],[-122.88235,38.14565],[-122.88115,38.14405],[-122.88046,38.14377],[-122.87702,38.14303],[-122.87376,38.14117],[-122.87236,38.14065],[-122.87186,38.14036],[-122.8716,38.14002],[-122.87146,38.13956],[-122.87178,38.13746],[-122.87096,38.13594],[-122.87064,38.13403],[-122.87038,38.13345],[-122.87002,38.13313],[-122.8684,38.13208],[-122.86611,38.13014],[-122.86295,38.1282],[-122.85999,38.12664],[-122.85914,38.12627],[-122.85774,38.12585],[-122.85727,38.12553],[-122.85702,38.12506],[-122.85715,38.12389],[-122.85701,38.12332],[-122.85352,38.11734],[-122.85302,38.11611],[-122.8528,38.11584],[-122.85186,38.11507],[-122.85114,38.11428],[-122.84581,38.10916],[-122.84537,38.10906],[-122.84206,38.10873],[-122.84129,38.10889],[-122.84014,38.10934],[-122.83979,38.10926],[-122.83935,38.10898],[-122.83917,38.10866],[-122.8395,38.10763],[-122.8396,38.10592],[-122.83971,38.10566],[-122.84006,38.10534],[-122.84003,38.10503],[-122.83977,38.10484],[-122.83899,38.10452],[-122.83834,38.10363],[-122.83802,38.10353],[-122.83743,38.10354],[-122.83707,38.10332],[-122.83698,38.10301],[-122.83718,38.102],[-122.83647,38.10108],[-122.83592,38.10069],[-122.83507,38.10059],[-122.83481,38.10049],[-122.83396,38.0992],[-122.83285,38.09847],[-122.83234,38.09791],[-122.83148,38.09761],[-122.8298,38.09735],[-122.82921,38.09713],[-122.82905,38.09692],[-122.82902,38.09651],[-122.8292,38.09623],[-122.82969,38.09583],[-122.82964,38.09528],[-122.82882,38.09399],[-122.82791,38.09335],[-122.82744,38.09275],[-122.8271,38.09248],[-122.82656,38.09234],[-122.82601,38.09255],[-122.82581,38.09253],[-122.82567,38.09243],[-122.82555,38.09209],[-122.82509,38.09178],[-122.82479,38.09138],[-122.8225,38.09041],[-122.82218,38.0905],[-122.82146,38.0911],[-122.82079,38.09145],[-122.81905,38.09164],[-122.81686,38.09251],[-122.81647,38.09246],[-122.81603,38.09208],[-122.81469,38.09172],[-122.81428,38.09138],[-122.81369,38.09048],[-122.81177,38.0851],[-122.8085,38.07993],[-122.80832,38.07979],[-122.80801,38.07972],[-122.80651,38.08],[-122.80598,38.07977],[-122.80585,38.07956],[-122.8057,38.07879],[-122.80449,38.07777],[-122.80144,38.0735],[-122.8015,38.07322],[-122.80228,38.07232],[-122.80679,38.06879],[-122.80536,38.0676],[-122.80422,38.06707],[-122.80509,38.06581],[-122.80514,38.06415],[-122.80489,38.06349],[-122.80185,38.06032],[-122.80087,38.05846],[-122.8004,38.05811],[-122.79935,38.05769],[-122.79891,38.05729],[-122.79871,38.05692],[-122.79823,38.05523],[-122.79778,38.05454],[-122.79689,38.05382],[-122.79475,38.05256],[-122.79444,38.05227],[-122.79392,38.05114],[-122.79266,38.04905],[-122.79242,38.04756],[-122.79226,38.04717],[-122.79148,38.04646],[-122.79015,38.04487],[-122.78903,38.0439],[-122.78888,38.04346],[-122.78887,38.04221],[-122.78816,38.04075],[-122.78786,38.04053],[-122.78498,38.03928],[-122.7843,38.03865],[-122.78407,38.03769],[-122.78316,38.03534],[-122.78099,38.03111],[-122.77846,38.02716],[-122.77808,38.02679],[-122.77687,38.02624],[-122.77614,38.02511],[-122.77589,38.02495],[-122.77518,38.02478],[-122.77497,38.02462],[-122.77453,38.0234],[-122.77316,38.02123],[-122.77186,38.01957],[-122.77134,38.01845],[-122.76993,38.01694],[-122.76936,38.01609],[-122.76821,38.01519],[-122.76727,38.0142],[-122.76712,38.01361],[-122.76728,38.01244],[-122.76707,38.01202],[-122.7659,38.01121],[-122.76477,38.01068],[-122.7635,38.00883],[-122.76173,38.00745],[-122.76126,38.00695],[-122.75968,38.00465],[-122.75916,38.00373],[-122.75887,38.00307],[-122.75869,38.00192],[-122.75851,38.00155],[-122.75801,38.00102],[-122.75611,37.99976],[-122.75586,37.99948],[-122.75573,37.99875],[-122.7548,37.99735],[-122.75431,37.9955],[-122.75278,37.99326],[-122.75084,37.99153],[-122.74872,37.99041],[-122.74638,37.9885],[-122.7451,37.98793],[-122.74423,37.98711],[-122.74272,37.98592],[-122.74211,37.9851],[-122.74122,37.98445],[-122.74078,37.98335],[-122.73913,37.98127],[-122.73682,37.97944],[-122.73506,37.97856],[-122.73394,37.97749],[-122.73242,37.97532],[-122.7304,37.97279],[-122.7293,37.97118],[-122.72641,37.9693],[-122.72612,37.96903],[-122.72298,37.96442],[-122.7225,37.96343],[-122.72187,37.96303],[-122.7208,37.9626],[-122.71969,37.96172],[-122.71958,37.96127],[-122.71991,37.95992],[-122.71979,37.95954],[-122.7187,37.95883],[-122.71782,37.9588],[-122.71649,37.95861],[-122.71621,37.95843],[-122.716,37.958],[-122.71564,37.9577],[-122.71562,37.95726],[-122.71488,37.95701],[-122.71441,37.9564],[-122.71442,37.95612],[-122.71412,37.95543],[-122.71389,37.9539],[-122.7134,37.95286],[-122.71292,37.95141],[-122.71233,37.95019],[-122.71102,37.94799],[-122.71037,37.94744],[-122.7088,37.94683],[-122.70772,37.94608],[-122.70661,37.94579],[-122.70641,37.94561],[-122.70575,37.94357],[-122.70485,37.94131],[-122.70484,37.941],[-122.70515,37.94053],[-122.70523,37.94019],[-122.70516,37.93971],[-122.70497,37.93935],[-122.70371,37.93852],[-122.70288,37.93814],[-122.70201,37.93715],[-122.70084,37.93617],[-122.7,37.93562],[-122.69915,37.93523],[-122.69579,37.93414],[-122.69441,37.93342],[-122.69392,37.93338],[-122.6923,37.93352],[-122.69151,37.93312],[-122.691,37.93261],[-122.68986,37.93265],[-122.68899,37.93239],[-122.68868,37.93221],[-122.68855,37.93201],[-122.68862,37.9313],[-122.68853,37.93093],[-122.68829,37.93067],[-122.68793,37.9305],[-122.68607,37.93033],[-122.68422,37.93054],[-122.68368,37.93041],[-122.6826,37.92988],[-122.68215,37.92932],[-122.68214,37.92784],[-122.68065,37.9265],[-122.6804,37.92593],[-122.67899,37.92519],[-122.67836,37.92513],[-122.67653,37.92524],[-122.67601,37.92511],[-122.67556,37.92486],[-122.67517,37.92443],[-122.67436,37.92296],[-122.67403,37.92257],[-122.67346,37.92228],[-122.6727,37.92155],[-122.67177,37.92128],[-122.67144,37.92105],[-122.67102,37.92048],[-122.66997,37.91847],[-122.66792,37.91769],[-122.66753,37.9172],[-122.66632,37.91626],[-122.66494,37.91426],[-122.66354,37.91302],[-122.66304,37.9128],[-122.66224,37.91281],[-122.66182,37.91271],[-122.65994,37.91111],[-122.65686,37.90992],[-122.65585,37.90926],[-122.65485,37.90899],[-122.65444,37.90861],[-122.65381,37.90761],[-122.65348,37.90732],[-122.65176,37.9071],[-122.65131,37.90694],[-122.6509,37.90648],[-122.65015,37.9059],[-122.64972,37.90481],[-122.64888,37.90423],[-122.64812,37.90396],[-122.64759,37.90364],[-122.64678,37.90268],[-122.64545,37.90177],[-122.64434,37.90039],[-122.6431,37.89971],[-122.64249,37.89914],[-122.63989,37.89852],[-122.63789,37.89848],[-122.63752,37.89838],[-122.63707,37.89748],[-122.63692,37.89651],[-122.63632,37.89585],[-122.63611,37.89519],[-122.63568,37.89476],[-122.635,37.8932],[-122.63478,37.8931],[-122.63411,37.89315],[-122.63376,37.89298],[-122.63351,37.89273],[-122.63362,37.89137],[-122.63342,37.89093],[-122.63267,37.8903],[-122.63212,37.8901],[-122.631,37.8895],[-122.63012,37.88931],[-122.6294,37.88891],[-122.62925,37.88868],[-122.62924,37.88839],[-122.62962,37.88765],[-122.62958,37.88745],[-122.62944,37.88734],[-122.62874,37.88732],[-122.62722,37.88668],[-122.62677,37.88677],[-122.62617,37.88664],[-122.62399,37.88676],[-122.62318,37.8865],[-122.62266,37.8859],[-122.62248,37.88495],[-122.62233,37.88469],[-122.62238,37.8843],[-122.6219,37.88408],[-122.6219,37.88357],[-122.62123,37.88312],[-122.62125,37.88269],[-122.62109,37.88237],[-122.6204,37.88194],[-122.62022,37.88159],[-122.61997,37.88141],[-122.61927,37.8814],[-122.61905,37.88132],[-122.61871,37.881],[-122.61853,37.88064],[-122.61662,37.87934],[-122.61637,37.87927],[-122.61618,37.87933],[-122.61585,37.87978],[-122.61563,37.87993],[-122.61502,37.87982],[-122.6143,37.88001],[-122.61381,37.88046],[-122.61316,37.88136],[-122.61288,37.88177],[-122.6128,37.88209],[-122.61205,37.88224],[-122.61164,37.88265],[-122.61092,37.88302],[-122.61086,37.88288],[-122.61116,37.88258],[-122.61211,37.88093],[-122.61208,37.88028],[-122.61219,37.87989],[-122.61205,37.87921],[-122.61182,37.87917],[-122.61032,37.87952],[-122.60993,37.87947],[-122.60961,37.87929],[-122.60883,37.87857],[-122.60703,37.87833],[-122.60658,37.87799],[-122.60603,37.87786],[-122.60528,37.87732],[-122.60477,37.87757],[-122.60434,37.87844],[-122.60413,37.87844],[-122.60339,37.8781],[-122.60316,37.8781],[-122.60229,37.87837],[-122.60145,37.87918],[-122.60121,37.87921],[-122.6011,37.87911],[-122.60103,37.87869],[-122.60031,37.87858],[-122.60019,37.87836],[-122.60034,37.87822],[-122.60134,37.87777],[-122.60172,37.87747],[-122.6019,37.87714],[-122.60174,37.87681],[-122.60061,37.8766],[-122.59992,37.87635],[-122.59927,37.87568],[-122.59905,37.87508],[-122.59868,37.87485],[-122.59763,37.87472],[-122.59692,37.87496],[-122.59547,37.87511],[-122.59477,37.87529],[-122.594,37.87503],[-122.59337,37.87445],[-122.59284,37.87371],[-122.59236,37.87335],[-122.59148,37.87219],[-122.59061,37.87138],[-122.58992,37.87005]],[[-122.51625,37.87867],[-122.51678,37.87905],[-122.51739,37.87983],[-122.51798,37.88016],[-122.51804,37.88042],[-122.51878,37.88058],[-122.51988,37.88098],[-122.52036,37.88097],[-122.52089,37.88079],[-122.52119,37.88057],[-122.52168,37.87994],[-122.52213,37.87967],[-122.52268,37.87956],[-122.52317,37.87965],[-122.52366,37.88005],[-122.52479,37.88177],[-122.52492,37.88212],[-122.52566,37.88175],[-122.5265,37.88116],[-122.52718,37.88036],[-122.52793,37.87984],[-122.52834,37.87928],[-122.52873,37.87908],[-122.53237,37.879],[-122.53517,37.87959],[-122.53717,37.87987],[-122.53772,37.88008],[-122.53801,37.88031],[-122.53829,37.88061],[-122.53839,37.88103],[-122.53834,37.88301],[-122.53815,37.88374],[-122.53806,37.88508],[-122.53796,37.88538],[-122.53745,37.88605],[-122.53754,37.88628],[-122.53777,37.8863],[-122.53878,37.88605],[-122.53912,37.88613],[-122.53966,37.88644],[-122.54007,37.8868],[-122.54037,37.8875],[-122.54079,37.88762],[-122.54134,37.88806],[-122.54149,37.88797],[-122.54145,37.88744],[-122.54164,37.88703],[-122.5416,37.8869],[-122.54132,37.88672],[-122.54129,37.88656],[-122.54189,37.88611],[-122.54214,37.88604],[-122.54256,37.88618],[-122.54356,37.88725],[-122.54427,37.88749],[-122.54465,37.88795],[-122.54479,37.88799],[-122.54507,37.88771],[-122.54534,37.8876],[-122.54556,37.88761],[-122.54607,37.88785],[-122.54655,37.88772],[-122.5471,37.88778],[-122.5475,37.88724],[-122.54825,37.88687],[-122.54865,37.88689],[-122.54918,37.88709],[-122.54993,37.88711],[-122.55058,37.88735],[-122.55124,37.88726],[-122.55142,37.88716],[-122.55165,37.88668],[-122.55155,37.8861],[-122.55173,37.88576],[-122.55254,37.88533],[-122.55286,37.88494],[-122.55351,37.88447],[-122.55379,37.88408],[-122.55414,37.88384],[-122.55411,37.88337],[-122.55433,37.88293],[-122.55387,37.88257],[-122.55375,37.88236],[-122.5539,37.88136],[-122.55423,37.88044],[-122.55371,37.87958],[-122.55373,37.87938],[-122.55405,37.87921],[-122.55452,37.87942],[-122.5547,37.87938],[-122.55478,37.87871],[-122.55499,37.87853],[-122.55547,37.87834],[-122.55579,37.87747],[-122.55655,37.87694],[-122.55767,37.87687],[-122.55773,37.87669],[-122.5575,37.87618],[-122.55752,37.87599],[-122.5578,37.87575],[-122.55888,37.8753],[-122.55919,37.87495],[-122.56025,37.87467],[-122.56096,37.87479],[-122.5615,37.875],[-122.56172,37.87496],[-122.56175,37.87481],[-122.56141,37.87406],[-122.5614,37.87385],[-122.56157,37.87365],[-122.56201,37.87347],[-122.56217,37.87306],[-122.56255,37.87284],[-122.56266,37.87232],[-122.5631,37.8719],[-122.56356,37.87172],[-122.56356,37.87159],[-122.56319,37.87115],[-122.56305,37.87073],[-122.56318,37.87043],[-122.56351,37.87007]],[[-122.51445,37.87903],[-122.51558,37.87986],[-122.51613,37.88014],[-122.51692,37.88034],[-122.51804,37.88042]]]}},{"type":"Feature","properties":{"id":"highway-128","name":"Highway 128 \u00b7 Lake Berryessa","difficulty":2,"character":"Medium speed"},"geometry":{"type":"MultiLineString","coordinates":[[[-122.00108,38.51401],[-122.01691,38.5083],[-122.01784,38.50778],[-122.01829,38.50738],[-122.01866,38.50685],[-122.01892,38.50571],[-122.01767,38.49898],[-122.01775,38.49824],[-122.01818,38.49747],[-122.02072,38.49559],[-122.0216,38.49517],[-122.02232,38.49505],[-122.02425,38.49509],[-122.02846,38.49465],[-122.02999,38.49481],[-122.03125,38.49532],[-122.03307,38.49632],[-122.03446,38.4975],[-122.03702,38.49889],[-122.03901,38.50111],[-122.03962,38.50195],[-122.04037,38.5036],[-122.04152,38.50684],[-122.04304,38.50849],[-122.04491,38.51005],[-122.04668,38.5107],[-122.04821,38.51104],[-122.04931,38.51194],[-122.05061,38.51257],[-122.05136,38.51305],[-122.05367,38.51501],[-122.0553,38.51688],[-122.05591,38.51739],[-122.05655,38.51764],[-122.05754,38.51773],[-122.05897,38.5175],[-122.0603,38.51676],[-122.06085,38.51664],[-122.06218,38.51655],[-122.06371,38.51597],[-122.06519,38.51584],[-122.06768,38.51485],[-122.07004,38.51453],[-122.07271,38.51459],[-122.07417,38.51424],[-122.07747,38.5149],[-122.07906,38.51496],[-122.0804,38.51539],[-122.08103,38.51546],[-122.08288,38.51537],[-122.08525,38.51492],[-122.08652,38.51489],[-122.08754,38.51516],[-122.08881,38.51592],[-122.08948,38.5162],[-122.09084,38.51644],[-122.09147,38.51643],[-122.09266,38.51583],[-122.09524,38.51343],[-122.09576,38.51266],[-122.0964,38.51118],[-122.09664,38.50934],[-122.09679,38.50912],[-122.09714,38.50897],[-122.09753,38.509],[-122.09785,38.5092],[-122.09807,38.51009],[-122.09916,38.51121],[-122.09963,38.51147],[-122.10072,38.51176],[-122.10211,38.51173],[-122.10357,38.51217],[-122.10472,38.51197],[-122.10608,38.5122],[-122.10886,38.51153],[-122.10963,38.51083],[-122.11054,38.51047],[-122.11113,38.50958],[-122.11209,38.5092],[-122.11324,38.50787],[-122.11324,38.50742],[-122.113,38.50709],[-122.1127,38.50691],[-122.11174,38.50661],[-122.11138,38.5063],[-122.1113,38.50583],[-122.11152,38.50547],[-122.11216,38.50522],[-122.11457,38.50528],[-122.11496,38.50518],[-122.11851,38.50234],[-122.11888,38.50194],[-122.1213,38.49823],[-122.1255,38.49311],[-122.12602,38.49205],[-122.12664,38.48976],[-122.127,38.48907],[-122.12765,38.48845],[-122.13017,38.48691],[-122.13063,38.48626],[-122.13114,38.48497],[-122.13141,38.48454],[-122.13351,38.48295],[-122.13415,38.48152],[-122.13519,38.48061],[-122.13528,38.48034],[-122.13512,38.47957],[-122.13517,38.47911],[-122.1355,38.47872],[-122.13615,38.4783],[-122.1364,38.47745],[-122.13662,38.47713],[-122.13723,38.47679],[-122.13784,38.47672],[-122.13979,38.47716],[-122.14023,38.47716],[-122.14083,38.4768],[-122.14127,38.47599],[-122.14158,38.47572],[-122.14193,38.4756],[-122.14295,38.4755],[-122.14338,38.47523],[-122.14362,38.47475],[-122.14357,38.47441],[-122.1416,38.47128],[-122.1416,38.47016],[-122.14179,38.46974],[-122.14215,38.46953],[-122.14264,38.46944],[-122.14432,38.46971],[-122.14514,38.47001],[-122.14573,38.47001],[-122.14618,38.46983],[-122.14657,38.46936],[-122.14707,38.46634],[-122.14735,38.46597],[-122.14772,38.4658],[-122.14853,38.46585],[-122.14953,38.46664],[-122.15066,38.46691],[-122.15154,38.46724],[-122.15202,38.46719],[-122.15252,38.46682],[-122.15264,38.46647],[-122.15256,38.46459],[-122.15319,38.46329],[-122.15304,38.46266],[-122.15305,38.46191],[-122.15265,38.45819],[-122.15283,38.45548],[-122.15268,38.45481],[-122.15205,38.45356],[-122.15188,38.45281],[-122.15196,38.45023],[-122.15183,38.44521],[-122.15208,38.44088],[-122.15238,38.44005],[-122.1536,38.43823],[-122.1539,38.4374],[-122.15391,38.43676],[-122.15372,38.43571],[-122.15311,38.43419],[-122.15321,38.4333],[-122.15448,38.43152],[-122.15586,38.43032],[-122.15656,38.43006],[-122.15712,38.43011],[-122.15759,38.43034],[-122.15892,38.43145],[-122.16151,38.4343],[-122.16279,38.43519],[-122.16347,38.43551],[-122.1647,38.43574],[-122.17147,38.43623],[-122.17235,38.43654],[-122.17367,38.43742],[-122.17466,38.4377],[-122.17549,38.43764],[-122.17788,38.43714],[-122.17889,38.43722],[-122.18216,38.43842],[-122.18455,38.43879],[-122.18538,38.43902],[-122.1871,38.43975],[-122.18893,38.44093],[-122.19307,38.44265],[-122.19391,38.44312],[-122.19473,38.44382],[-122.19577,38.44515],[-122.19652,38.44555],[-122.19656,38.44617],[-122.19687,38.44661],[-122.19736,38.44704],[-122.19805,38.44747],[-122.20229,38.44946],[-122.20277,38.44981],[-122.20329,38.45052],[-122.20378,38.45193],[-122.20453,38.45272],[-122.20546,38.45319],[-122.20816,38.45395],[-122.20931,38.4545],[-122.22234,38.46293],[-122.22331,38.46369],[-122.22421,38.4649],[-122.22644,38.47006],[-122.22727,38.47128],[-122.22799,38.47193],[-122.22869,38.47237],[-122.23328,38.47464],[-122.23437,38.47529],[-122.23486,38.47571],[-122.23551,38.4765],[-122.23705,38.47955],[-122.23826,38.48113],[-122.24169,38.48391],[-122.2438,38.48516],[-122.24468,38.48602],[-122.24517,38.48685],[-122.24718,38.49183],[-122.24717,38.49238],[-122.24677,38.49373],[-122.24689,38.49416],[-122.24728,38.49461],[-122.24782,38.49491],[-122.24934,38.49538],[-122.25127,38.49657],[-122.25319,38.49686],[-122.25414,38.49731],[-122.25456,38.49762],[-122.25509,38.49833],[-122.25618,38.49888],[-122.25644,38.49929],[-122.25651,38.49988],[-122.25706,38.50067],[-122.25746,38.501],[-122.25822,38.50145],[-122.2594,38.50195],[-122.25982,38.50224],[-122.26184,38.50299],[-122.26367,38.50465],[-122.26555,38.50525],[-122.26592,38.50558],[-122.26612,38.5063],[-122.26654,38.50673],[-122.26692,38.50688],[-122.26789,38.50705],[-122.26868,38.50758],[-122.27106,38.5087],[-122.27164,38.50884],[-122.27253,38.50873],[-122.27345,38.50821],[-122.27397,38.50802],[-122.27522,38.50804],[-122.27616,38.50772],[-122.27672,38.50727],[-122.27751,38.50575],[-122.27805,38.50544],[-122.27854,38.50538],[-122.28055,38.50545],[-122.28386,38.50511],[-122.28812,38.50285],[-122.2916,38.50399],[-122.29337,38.50487],[-122.29436,38.50499],[-122.29533,38.50455],[-122.29571,38.50405],[-122.29622,38.50378],[-122.29657,38.50319],[-122.29664,38.50272],[-122.29592,38.50202],[-122.2954,38.50174],[-122.29476,38.50102],[-122.29452,38.50039],[-122.29447,38.49996],[-122.29415,38.4996],[-122.29408,38.49907],[-122.29376,38.49879],[-122.29353,38.49834],[-122.29261,38.49738],[-122.29262,38.49668],[-122.29334,38.49404],[-122.29368,38.49323],[-122.29401,38.49281],[-122.29468,38.49239],[-122.29485,38.49206],[-122.29503,38.49105],[-122.29535,38.49073],[-122.29627,38.49021],[-122.29655,38.4896],[-122.29731,38.48897],[-122.29765,38.48807],[-122.29865,38.48694],[-122.29909,38.48673],[-122.30078,38.48671],[-122.30166,38.48647],[-122.3025,38.48666],[-122.30316,38.48662],[-122.30456,38.48733],[-122.30578,38.48727],[-122.30673,38.48755],[-122.30745,38.48749],[-122.30807,38.48768],[-122.30927,38.48785],[-122.31137,38.48742],[-122.31224,38.4869],[-122.31282,38.48666],[-122.31316,38.48664],[-122.31415,38.4869],[-122.31507,38.48686],[-122.3165,38.48746],[-122.31765,38.48753],[-122.31905,38.48799],[-122.31954,38.48832],[-122.32053,38.48935],[-122.3209,38.48954],[-122.32238,38.48994],[-122.32277,38.48994],[-122.32368,38.48973],[-122.32637,38.49032],[-122.32717,38.49025],[-122.32803,38.48992],[-122.32868,38.48987],[-122.32945,38.49019],[-122.33017,38.49073],[-122.33139,38.49117],[-122.33239,38.49133],[-122.33343,38.49117],[-122.3347,38.49136],[-122.33594,38.49225],[-122.33643,38.49241],[-122.33746,38.49254],[-122.33785,38.49252],[-122.33954,38.49192],[-122.33987,38.49197],[-122.3414,38.49259],[-122.34193,38.49263],[-122.34271,38.49245],[-122.34382,38.49177],[-122.34615,38.49143],[-122.34721,38.49065],[-122.34837,38.4904],[-122.34879,38.49003],[-122.34899,38.48886],[-122.34922,38.48859],[-122.35126,38.48785],[-122.353,38.48745],[-122.35329,38.4873],[-122.35386,38.48564],[-122.35414,38.48545],[-122.35483,38.48522],[-122.35514,38.4849],[-122.35552,38.48321],[-122.3558,38.48294],[-122.35628,38.48287],[-122.35714,38.48324],[-122.35777,38.48324],[-122.35821,38.48298],[-122.35898,38.48221],[-122.36036,38.48168],[-122.3608,38.48163],[-122.36187,38.48188],[-122.36294,38.48151],[-122.36335,38.48147],[-122.36422,38.48172],[-122.3645,38.48171],[-122.36637,38.48064],[-122.36684,38.48066],[-122.36902,38.48121],[-122.37006,38.48114],[-122.37042,38.48098],[-122.37057,38.4808],[-122.37077,38.4798],[-122.37158,38.47908],[-122.37197,38.47895],[-122.37216,38.47899],[-122.3723,38.47914],[-122.37213,38.47982],[-122.37221,38.48006],[-122.37248,38.48023],[-122.37476,38.48017],[-122.37663,38.48065],[-122.37987,38.48201],[-122.38173,38.48291],[-122.3844,38.48472],[-122.38625,38.48578],[-122.38716,38.48608],[-122.38808,38.48621],[-122.38893,38.48645],[-122.39188,38.48755],[-122.39283,38.48768],[-122.39367,38.48766],[-122.39764,38.48672],[-122.39859,38.48681],[-122.39904,38.48695],[-122.40067,38.48769],[-122.40215,38.4879],[-122.40282,38.48784],[-122.40391,38.4875],[-122.40443,38.48691],[-122.4061,38.48742],[-122.40631,38.48665],[-122.40582,38.4858],[-122.40571,38.48478],[-122.40544,38.48437],[-122.40457,38.48358],[-122.40438,38.48322],[-122.404,38.48145],[-122.40422,38.48041],[-122.40413,38.47985],[-122.40395,38.47959],[-122.40262,38.47849],[-122.40049,38.47571],[-122.40013,38.4747],[-122.39894,38.47007],[-122.39927,38.46975],[-122.41033,38.46582],[-122.4124,38.46451],[-122.41397,38.46393],[-122.4228,38.45876]]]}},{"type":"Feature","properties":{"id":"highway-29","name":"Highway 29 \u00b7 Mount St. Helena","difficulty":3,"character":"Technical"},"geometry":{"type":"MultiLineString","coordinates":[[[-122.56557,38.79294],[-122.56621,38.79315],[-122.56642,38.79334],[-122.56711,38.79477],[-122.56962,38.79834]],[[-122.57658,38.58519],[-122.57697,38.58787],[-122.57724,38.58866],[-122.57812,38.59043],[-122.57963,38.59287],[-122.58201,38.59564],[-122.58477,38.60033],[-122.58636,38.60119],[-122.58676,38.60161],[-122.58731,38.60262],[-122.5878,38.60297],[-122.59479,38.60522],[-122.59634,38.60612],[-122.59653,38.60634],[-122.59664,38.60676],[-122.59691,38.60696],[-122.59733,38.60696],[-122.59802,38.60661],[-122.59828,38.60668],[-122.59848,38.60687],[-122.59843,38.60711],[-122.59818,38.60727],[-122.59644,38.60754],[-122.59594,38.60773],[-122.59526,38.60824],[-122.59459,38.60824],[-122.59429,38.60836],[-122.59393,38.60883],[-122.59392,38.60912],[-122.59414,38.60933],[-122.59479,38.6095],[-122.59494,38.60976],[-122.59478,38.61003],[-122.59411,38.61038],[-122.594,38.6106],[-122.59432,38.61097],[-122.59547,38.61113],[-122.59623,38.61144],[-122.59663,38.61181],[-122.59724,38.61281],[-122.59722,38.61326],[-122.5965,38.61365],[-122.59637,38.61397],[-122.59646,38.61415],[-122.59703,38.6146],[-122.59702,38.61485],[-122.59652,38.61565],[-122.59654,38.6164],[-122.59734,38.61855],[-122.59741,38.61916],[-122.59787,38.61977],[-122.59775,38.62002],[-122.59721,38.62037],[-122.59713,38.62067],[-122.59781,38.62139],[-122.59791,38.62201],[-122.59808,38.62232],[-122.59903,38.62305],[-122.59935,38.62345],[-122.59938,38.62394],[-122.59903,38.62461],[-122.59911,38.625],[-122.59943,38.62523],[-122.60117,38.62591],[-122.60174,38.62635],[-122.60213,38.62682],[-122.60233,38.62735],[-122.60246,38.62906],[-122.60318,38.63018],[-122.6034,38.6309],[-122.60339,38.63127],[-122.60324,38.63157],[-122.6024,38.63228],[-122.6024,38.63247],[-122.60273,38.63294],[-122.60276,38.63319],[-122.60146,38.63531],[-122.60143,38.63557],[-122.60162,38.63628],[-122.60157,38.63654],[-122.60047,38.63782],[-122.59975,38.63943],[-122.59936,38.63974],[-122.59843,38.63993],[-122.59788,38.64095],[-122.59697,38.64161],[-122.59668,38.64172],[-122.59645,38.64164],[-122.59634,38.64145],[-122.59674,38.64079],[-122.59654,38.64046],[-122.59623,38.6404],[-122.59576,38.64049],[-122.5955,38.64043],[-122.59521,38.6398],[-122.59486,38.63957],[-122.59308,38.63934],[-122.59257,38.63945],[-122.5924,38.63978],[-122.59238,38.64081],[-122.5918,38.6413],[-122.59175,38.64157],[-122.59197,38.64178],[-122.59229,38.64181],[-122.59249,38.64171],[-122.59293,38.64125],[-122.59325,38.64119],[-122.59357,38.64129],[-122.59372,38.64166],[-122.59348,38.642],[-122.59302,38.64218],[-122.59237,38.64216],[-122.59213,38.6424],[-122.59221,38.6426],[-122.59244,38.64269],[-122.59299,38.64246],[-122.59324,38.64246],[-122.59345,38.64257],[-122.59353,38.64282],[-122.59337,38.64307],[-122.5931,38.64324],[-122.59163,38.64349],[-122.5914,38.64369],[-122.59135,38.64388],[-122.5915,38.64411],[-122.59183,38.64424],[-122.59259,38.64397],[-122.59288,38.64395],[-122.59316,38.64411],[-122.5932,38.64434],[-122.5926,38.64479],[-122.59238,38.6454],[-122.59217,38.64562],[-122.59182,38.64565],[-122.59061,38.6453],[-122.59023,38.6454],[-122.59,38.64561],[-122.59013,38.64595],[-122.59062,38.6463],[-122.59116,38.64648],[-122.59211,38.64652],[-122.59242,38.64679],[-122.59236,38.64719],[-122.59198,38.64753],[-122.5915,38.64764],[-122.59072,38.64754],[-122.59032,38.64775],[-122.59025,38.648],[-122.59039,38.64835],[-122.59101,38.64901],[-122.59146,38.64922],[-122.59197,38.64926],[-122.59232,38.6492],[-122.59312,38.6488],[-122.59361,38.64879],[-122.59404,38.64899],[-122.5945,38.64955],[-122.59501,38.64968],[-122.59547,38.64951],[-122.59601,38.64881],[-122.59626,38.64874],[-122.59652,38.64879],[-122.59744,38.64946],[-122.59829,38.65077],[-122.59856,38.6509],[-122.59925,38.65103],[-122.59957,38.65124],[-122.59987,38.65234],[-122.59978,38.65378],[-122.59907,38.65486],[-122.59865,38.65502],[-122.59786,38.65494],[-122.59699,38.65537],[-122.59595,38.65527],[-122.59545,38.65555],[-122.59532,38.65592],[-122.59548,38.65699],[-122.59518,38.65787],[-122.59533,38.65861],[-122.59514,38.65942],[-122.59516,38.65992],[-122.59546,38.66053],[-122.59595,38.66092],[-122.59637,38.66099],[-122.59709,38.66066],[-122.59761,38.65996],[-122.59786,38.65998],[-122.59846,38.66029],[-122.5986,38.66048],[-122.59847,38.66087],[-122.59852,38.66104],[-122.59913,38.66136],[-122.59924,38.66164],[-122.59906,38.66184],[-122.5977,38.66234],[-122.59763,38.66263],[-122.59792,38.6628],[-122.59859,38.66269],[-122.5994,38.66276],[-122.59974,38.66292],[-122.59992,38.66315],[-122.59994,38.66342],[-122.59972,38.66375],[-122.59945,38.66387],[-122.59864,38.66401],[-122.59839,38.66428],[-122.59844,38.66461],[-122.59886,38.66523],[-122.59872,38.66579],[-122.59892,38.66697],[-122.59884,38.66717],[-122.59848,38.6674],[-122.59803,38.66738],[-122.59733,38.66721],[-122.5948,38.66624],[-122.59301,38.66613],[-122.59236,38.6659],[-122.59186,38.66588],[-122.59118,38.66609],[-122.58962,38.66695],[-122.5886,38.6678],[-122.58811,38.66861],[-122.58809,38.66883],[-122.58822,38.66907],[-122.58896,38.66954],[-122.58929,38.66997],[-122.59014,38.67247],[-122.59055,38.67292],[-122.59128,38.67334],[-122.59151,38.67357],[-122.59155,38.67437],[-122.59211,38.67527],[-122.5921,38.67567],[-122.59158,38.67747],[-122.5909,38.67826],[-122.59058,38.67886],[-122.59049,38.67931],[-122.59059,38.67994],[-122.59281,38.68376],[-122.59441,38.68566],[-122.59501,38.68742],[-122.59667,38.6894],[-122.59718,38.69017],[-122.59759,38.69123],[-122.59791,38.69331],[-122.59823,38.69434],[-122.5997,38.69705],[-122.60041,38.69815],[-122.60912,38.70867],[-122.61032,38.70979],[-122.61649,38.71482],[-122.61736,38.71586],[-122.61782,38.71704],[-122.61867,38.72401],[-122.61917,38.72575],[-122.62,38.72732],[-122.62575,38.73597],[-122.62618,38.73691],[-122.62636,38.73808],[-122.6262,38.73889],[-122.62571,38.73976],[-122.62049,38.74585],[-122.61954,38.7467],[-122.61754,38.74794],[-122.61703,38.74843],[-122.61669,38.74904],[-122.61471,38.75362],[-122.61409,38.75434],[-122.6132,38.7548],[-122.60703,38.75692],[-122.60632,38.75727],[-122.60541,38.75796],[-122.60033,38.7624],[-122.59898,38.76326],[-122.59758,38.76384],[-122.59037,38.76608],[-122.58876,38.76683],[-122.58784,38.76752],[-122.58709,38.76835],[-122.58663,38.76912],[-122.58521,38.77231],[-122.58444,38.77327],[-122.58368,38.77394],[-122.58243,38.77471],[-122.57396,38.77851],[-122.5731,38.77903],[-122.57056,38.78105],[-122.56975,38.78194],[-122.56923,38.78289],[-122.56606,38.79168],[-122.56577,38.79237],[-122.56559,38.79254]],[[-122.56621,38.79315],[-122.56579,38.79283]],[[-122.56581,38.7927],[-122.56606,38.79168]],[[-122.5653,38.79273],[-122.56538,38.79288],[-122.56557,38.79294],[-122.56581,38.79274],[-122.56559,38.79254],[-122.5654,38.79259],[-122.5653,38.79273]]]}},{"type":"Feature","properties":{"id":"17-mile","name":"17-Mile Drive","difficulty":1,"character":"Low speed"},"geometry":{"type":"MultiLineString","coordinates":[[[-121.94578,36.60356],[-121.94652,36.60389],[-121.9474,36.60469],[-121.94794,36.60492],[-121.94832,36.60495],[-121.95005,36.60474],[-121.9512,36.60556],[-121.95287,36.60711],[-121.95326,36.60767],[-121.95354,36.60782],[-121.95426,36.60858],[-121.95561,36.6095],[-121.95605,36.60968],[-121.95641,36.60972],[-121.95689,36.60965],[-121.95715,36.60947],[-121.95812,36.60778],[-121.95868,36.60648],[-121.9589,36.60557],[-121.95906,36.60419],[-121.96022,36.60224],[-121.96143,36.59976],[-121.9614,36.59915],[-121.96086,36.59701],[-121.9607,36.59583],[-121.96104,36.59497],[-121.96307,36.59154],[-121.96311,36.59125],[-121.9628,36.58994],[-121.9628,36.58955],[-121.96309,36.58879],[-121.96385,36.58766],[-121.96396,36.58612],[-121.96411,36.58562],[-121.96446,36.5853],[-121.96683,36.58371],[-121.96708,36.58342],[-121.96741,36.58245],[-121.9676,36.58217],[-121.96783,36.58204],[-121.9685,36.58192],[-121.97069,36.58211],[-121.97143,36.58242],[-121.9717,36.58293],[-121.97202,36.58307],[-121.97255,36.58299],[-121.97329,36.58301],[-121.97355,36.58281],[-121.97382,36.58233],[-121.97378,36.5822],[-121.97332,36.58188],[-121.97239,36.57981],[-121.97307,36.57857],[-121.97348,36.57829],[-121.97355,36.57814],[-121.973,36.57771],[-121.97283,36.57734],[-121.97236,36.57682],[-121.97069,36.57571],[-121.97063,36.57553],[-121.97089,36.57477],[-121.96946,36.57234],[-121.9691,36.57109],[-121.96785,36.57052],[-121.96672,36.56987],[-121.96589,36.56965],[-121.96493,36.56951],[-121.96403,36.56916],[-121.9629,36.56842],[-121.9618,36.56804],[-121.96149,36.56747],[-121.95993,36.567],[-121.95857,36.56598],[-121.95715,36.56512],[-121.9559,36.56455],[-121.95584,36.56346],[-121.95556,36.56293],[-121.9548,36.56232],[-121.95414,36.56197],[-121.95362,36.56201],[-121.95283,36.56228],[-121.95238,36.56265],[-121.95212,36.5632],[-121.95215,36.56359],[-121.95249,36.56463],[-121.9534,36.56656],[-121.95281,36.56686],[-121.95243,36.568],[-121.95193,36.56823],[-121.95102,36.56841],[-121.95099,36.56896],[-121.95014,36.56953],[-121.9495,36.57057],[-121.94885,36.57131],[-121.94873,36.57162],[-121.94874,36.57211],[-121.94864,36.5722],[-121.94797,36.57229],[-121.94706,36.57146],[-121.94652,36.57127],[-121.94602,36.57129],[-121.94402,36.57179],[-121.94343,36.57158],[-121.94215,36.57135],[-121.94156,36.57107],[-121.93754,36.56807],[-121.93646,36.5668],[-121.93575,36.56536],[-121.93547,36.56499],[-121.93477,36.56465],[-121.93405,36.56452],[-121.93354,36.56396],[-121.93307,36.56373],[-121.93257,36.56358],[-121.93169,36.56358],[-121.93135,36.56349],[-121.92808,36.5611],[-121.92709,36.56068],[-121.92651,36.5606],[-121.92603,36.56076],[-121.92534,36.56145],[-121.92531,36.56171],[-121.92554,36.5622],[-121.92554,36.56246],[-121.92535,36.56299],[-121.92531,36.56361],[-121.92483,36.56462],[-121.92379,36.56605],[-121.92272,36.56706],[-121.92234,36.56789],[-121.9192,36.57223],[-121.91871,36.5725],[-121.91737,36.57284],[-121.91697,36.57304],[-121.91674,36.57329],[-121.9165,36.57384],[-121.91594,36.57437],[-121.91532,36.57548],[-121.91505,36.57568],[-121.91453,36.57578],[-121.91406,36.57564],[-121.91366,36.57526],[-121.91362,36.57484],[-121.9135,36.57462],[-121.91299,36.5744],[-121.91284,36.57447],[-121.91298,36.57494],[-121.91283,36.57514]],[[-121.913,36.57531],[-121.91313,36.57506],[-121.9131,36.57466],[-121.91325,36.57456],[-121.9135,36.57471],[-121.91366,36.57526]],[[-121.93208,36.61335],[-121.93277,36.61296],[-121.93171,36.61359],[-121.93147,36.61395],[-121.93145,36.61434],[-121.93184,36.61588],[-121.93165,36.61711],[-121.93116,36.61811],[-121.93013,36.61913],[-121.93009,36.61936],[-121.93035,36.62031],[-121.93025,36.62115],[-121.93,36.62169],[-121.92944,36.62241],[-121.92894,36.62327],[-121.92697,36.62778],[-121.92664,36.62986]],[[-121.93277,36.61296],[-121.93357,36.61258],[-121.93442,36.61253],[-121.93675,36.612],[-121.93723,36.61168],[-121.93792,36.61088],[-121.93924,36.61072],[-121.94158,36.60946],[-121.94217,36.60838],[-121.94302,36.60771],[-121.94339,36.60705],[-121.94448,36.60627],[-121.94557,36.60516],[-121.94563,36.60482],[-121.94516,36.6037]]]}},{"type":"Feature","properties":{"id":"carmel-valley","name":"Carmel Valley Road","difficulty":2,"character":"Medium speed"},"geometry":{"type":"MultiLineString","coordinates":[[[-121.7936,36.52394],[-121.79499,36.52473],[-121.79568,36.52488],[-121.79628,36.52487],[-121.79704,36.52467],[-121.79824,36.52387],[-121.79878,36.52368],[-121.80038,36.52347],[-121.80541,36.52232],[-121.80611,36.52229],[-121.80688,36.52239],[-121.80797,36.52279],[-121.81107,36.52418],[-121.8153,36.52569],[-121.81598,36.52613],[-121.81734,36.52754],[-121.81802,36.52807],[-121.81894,36.52856],[-121.82011,36.52894],[-121.82137,36.52911],[-121.82404,36.52909],[-121.82743,36.52982],[-121.83143,36.53009],[-121.83494,36.53107],[-121.8388,36.53161],[-121.85004,36.53411],[-121.85083,36.53415],[-121.85406,36.53389],[-121.85532,36.53407],[-121.85626,36.53444],[-121.85688,36.53485],[-121.8603,36.53784],[-121.86373,36.53961],[-121.86459,36.53994],[-121.8654,36.54011],[-121.86711,36.54016],[-121.86968,36.53963],[-121.8709,36.53962],[-121.87497,36.5405],[-121.87684,36.54105],[-121.8825,36.54244],[-121.88413,36.54258],[-121.88737,36.5423],[-121.88884,36.54235],[-121.89279,36.54306],[-121.89571,36.54389],[-121.89708,36.54411],[-121.90082,36.54408],[-121.9071,36.54374],[-121.9084,36.54338]],[[-121.9063,36.54375],[-121.90482,36.54369],[-121.90082,36.54395],[-121.89689,36.54395],[-121.89563,36.54373],[-121.89286,36.54293],[-121.88912,36.54225],[-121.88765,36.54216],[-121.88444,36.54243],[-121.88315,36.54239],[-121.88219,36.54223],[-121.87829,36.54124],[-121.87634,36.54085]],[[-121.80519,36.52237],[-121.80682,36.52246],[-121.80819,36.52291]]]}},{"type":"Feature","properties":{"id":"highway-9-front","name":"Highway 9 \u00b7 Front Side","difficulty":3,"character":"Technical"},"geometry":{"type":"MultiLineString","coordinates":[[[-122.12197,37.25852],[-122.1214,37.25859],[-122.12104,37.25852],[-122.12077,37.25832],[-122.12049,37.25771],[-122.12027,37.25757],[-122.11927,37.25714],[-122.11846,37.25701],[-122.11714,37.25634],[-122.11666,37.25619],[-122.11623,37.25619],[-122.11586,37.25635],[-122.11565,37.25657],[-122.11568,37.2576],[-122.11548,37.25794],[-122.11522,37.25814],[-122.11436,37.2585],[-122.11388,37.25894],[-122.11317,37.25908],[-122.11261,37.25931],[-122.11249,37.25945],[-122.11243,37.25967],[-122.11284,37.26019],[-122.1128,37.26039],[-122.11253,37.26047],[-122.11159,37.2601],[-122.11134,37.26009],[-122.11006,37.26067],[-122.10968,37.26069],[-122.10923,37.26042],[-122.10915,37.25985],[-122.10923,37.25963],[-122.10964,37.25927],[-122.10957,37.25863],[-122.10978,37.25843],[-122.11069,37.25799],[-122.11082,37.25763],[-122.11057,37.25729],[-122.10973,37.25697],[-122.10961,37.2567],[-122.10977,37.25621],[-122.10971,37.25604],[-122.10939,37.25588],[-122.10918,37.25588],[-122.10894,37.25606],[-122.10823,37.25722],[-122.10733,37.2577],[-122.10685,37.25832],[-122.10646,37.25864],[-122.10573,37.25896],[-122.10505,37.25897],[-122.10456,37.25908],[-122.10332,37.25988],[-122.10277,37.26003],[-122.10099,37.25999],[-122.10057,37.25988],[-122.09985,37.25937],[-122.09956,37.25935],[-122.09914,37.25951],[-122.099,37.2597],[-122.09902,37.2599],[-122.09935,37.26025],[-122.10133,37.26081],[-122.10258,37.2614],[-122.10269,37.26163],[-122.10265,37.26183],[-122.10239,37.26203],[-122.10207,37.26206],[-122.10185,37.26196],[-122.1013,37.26137],[-122.10094,37.26114],[-122.09979,37.26131],[-122.09906,37.26107],[-122.09831,37.26094],[-122.0973,37.26051],[-122.09606,37.25981],[-122.09587,37.25951],[-122.0961,37.259],[-122.0961,37.25879],[-122.09556,37.25815],[-122.09538,37.25806],[-122.09472,37.25793],[-122.09322,37.25789],[-122.09274,37.25776],[-122.09229,37.25751],[-122.09056,37.25592],[-122.09004,37.25494],[-122.08956,37.25445],[-122.08812,37.25352],[-122.08753,37.253],[-122.08595,37.25197],[-122.0851,37.25121],[-122.0835,37.25012],[-122.08239,37.24961],[-122.08069,37.24944],[-122.07983,37.24917],[-122.0791,37.24879],[-122.07703,37.24853],[-122.07596,37.24831],[-122.07484,37.24768],[-122.07427,37.24752],[-122.07216,37.248],[-122.07029,37.24819],[-122.06957,37.24815],[-122.06847,37.24856],[-122.06811,37.24884],[-122.06806,37.24989],[-122.06758,37.25126],[-122.06737,37.2515],[-122.06698,37.25168],[-122.0668,37.25168],[-122.0664,37.25145],[-122.06574,37.25123],[-122.06478,37.25114],[-122.06435,37.25128],[-122.06339,37.25185],[-122.06201,37.25186],[-122.06133,37.25241],[-122.06108,37.25249],[-122.06019,37.2525],[-122.05937,37.25211],[-122.05841,37.2524],[-122.05766,37.25246],[-122.05703,37.25235],[-122.05587,37.25188],[-122.05451,37.25175],[-122.05427,37.25163],[-122.05385,37.25122],[-122.05314,37.25101],[-122.0529,37.25112],[-122.05271,37.25139],[-122.05217,37.25167],[-122.05189,37.25204],[-122.05174,37.2521],[-122.05007,37.25204],[-122.04921,37.25213],[-122.04807,37.25189],[-122.04735,37.25212],[-122.04633,37.25266],[-122.04538,37.25262],[-122.04329,37.25288],[-122.04293,37.25306],[-122.04262,37.25373],[-122.04245,37.25384],[-122.04133,37.25367],[-122.04041,37.25413],[-122.03843,37.25437],[-122.03822,37.25459],[-122.03819,37.25523],[-122.03805,37.25547],[-122.03558,37.25601],[-122.03307,37.25819],[-122.03244,37.25904],[-122.03215,37.25925],[-122.03187,37.25932],[-122.03159,37.25856],[-122.03126,37.25817],[-122.03157,37.25838]],[[-122.0201,37.25036],[-122.02235,37.25214],[-122.02725,37.25491],[-122.03126,37.25817]]]}},{"type":"Feature","properties":{"id":"highway-9-back","name":"Highway 9 \u00b7 Back Side","difficulty":2,"character":"Medium speed"},"geometry":{"type":"MultiLineString","coordinates":[[[-122.02982,36.9843],[-122.03039,36.98821],[-122.03164,36.99032],[-122.03311,36.99176],[-122.03381,36.99195],[-122.03408,36.99212],[-122.03474,36.99393],[-122.03503,36.99444],[-122.03649,36.99598],[-122.03737,36.99662],[-122.03741,36.99685],[-122.03715,36.99764],[-122.0371,36.99846],[-122.03746,37.00005],[-122.03763,37.00028],[-122.0384,37.00093],[-122.03854,37.00168],[-122.03894,37.0027],[-122.03943,37.00335],[-122.03998,37.00377],[-122.04187,37.00484],[-122.04269,37.00571],[-122.04335,37.0067],[-122.04406,37.00689],[-122.04564,37.00774],[-122.04753,37.00799],[-122.04799,37.00798],[-122.04893,37.00852],[-122.04953,37.00954],[-122.04965,37.01001],[-122.04965,37.01056],[-122.04992,37.01096],[-122.05039,37.01107],[-122.05109,37.01102],[-122.05162,37.01117],[-122.05256,37.01124],[-122.053,37.01159],[-122.05418,37.01196],[-122.05481,37.0124],[-122.05551,37.0126],[-122.0564,37.0132],[-122.05747,37.01326],[-122.05815,37.0135],[-122.05911,37.01346],[-122.06018,37.01365],[-122.0614,37.01458],[-122.06191,37.01475],[-122.06211,37.01491],[-122.06213,37.01537],[-122.06284,37.01628],[-122.06299,37.01693],[-122.06333,37.01762],[-122.06343,37.01921],[-122.06263,37.02009],[-122.06214,37.02046],[-122.06146,37.02139],[-122.06136,37.02242],[-122.06141,37.02301],[-122.06101,37.02358],[-122.0609,37.02389],[-122.05973,37.02427],[-122.0595,37.02443],[-122.05924,37.02558],[-122.05886,37.02625],[-122.05899,37.02693],[-122.05897,37.02786],[-122.05912,37.02832],[-122.05887,37.02881],[-122.05885,37.0299],[-122.05915,37.03031],[-122.05971,37.03054],[-122.06162,37.03085],[-122.0622,37.03083],[-122.06287,37.03062],[-122.06308,37.03071],[-122.06348,37.03117],[-122.06471,37.03127],[-122.06512,37.0314],[-122.06522,37.03164],[-122.06507,37.03184],[-122.06383,37.0321],[-122.06297,37.03249],[-122.06276,37.03281],[-122.06287,37.03311],[-122.06382,37.03395],[-122.06432,37.03494],[-122.06504,37.03557],[-122.06571,37.03664],[-122.06666,37.03761],[-122.06765,37.03833],[-122.0694,37.03896],[-122.07034,37.03965],[-122.07158,37.04037],[-122.07204,37.04084],[-122.07256,37.04171],[-122.0727,37.04223],[-122.07282,37.04356],[-122.07344,37.04541],[-122.07321,37.05248],[-122.07332,37.05325],[-122.07368,37.05396],[-122.07642,37.05758],[-122.07693,37.05797],[-122.07869,37.05879],[-122.07911,37.05916],[-122.07936,37.05956],[-122.08006,37.0616],[-122.08003,37.06289],[-122.0796,37.06458],[-122.07961,37.06527],[-122.07985,37.06672],[-122.08038,37.06721],[-122.08166,37.06762],[-122.0827,37.06808],[-122.08369,37.06903],[-122.08409,37.06963],[-122.08427,37.07053],[-122.08415,37.07166],[-122.08452,37.07396],[-122.08426,37.07636],[-122.08436,37.07693],[-122.08398,37.0776],[-122.08331,37.07807],[-122.08316,37.07861],[-122.0843,37.08102],[-122.0849,37.0815],[-122.08551,37.08183],[-122.08656,37.0821],[-122.08736,37.08272],[-122.08813,37.08338],[-122.08847,37.08396],[-122.08908,37.08451],[-122.08959,37.08547],[-122.08961,37.08588],[-122.08888,37.08685],[-122.08876,37.08715],[-122.0885,37.08862],[-122.08863,37.08919],[-122.08898,37.08954],[-122.08966,37.08977],[-122.09229,37.08934],[-122.09272,37.08942],[-122.0934,37.08972],[-122.09608,37.09209],[-122.09739,37.09589],[-122.09771,37.098],[-122.09792,37.09828],[-122.09861,37.09881],[-122.09926,37.0991],[-122.09982,37.09951],[-122.10105,37.09984],[-122.10129,37.10061],[-122.1018,37.10106],[-122.10324,37.10137],[-122.10386,37.10179],[-122.10434,37.10259],[-122.1044,37.10402],[-122.10453,37.10435],[-122.1051,37.1048],[-122.10534,37.10531],[-122.10573,37.10577],[-122.10774,37.10763],[-122.10803,37.10776],[-122.10856,37.10783],[-122.10964,37.1078],[-122.11034,37.10764],[-122.1113,37.10781],[-122.11183,37.1076],[-122.11217,37.10758],[-122.11332,37.10783],[-122.11435,37.10846],[-122.11483,37.10925],[-122.11435,37.11095],[-122.1144,37.11177],[-122.11482,37.11239],[-122.11508,37.11264],[-122.1156,37.11289],[-122.11795,37.11326],[-122.11847,37.11367],[-122.11894,37.11453],[-122.11997,37.11525],[-122.12034,37.11594],[-122.121,37.12112],[-122.12291,37.12726],[-122.12318,37.12944],[-122.12368,37.13032],[-122.12443,37.13078],[-122.12457,37.13096],[-122.12498,37.1325],[-122.12744,37.13531],[-122.12785,37.13632],[-122.12862,37.13749],[-122.13132,37.14043],[-122.13177,37.14143],[-122.1321,37.14445],[-122.13224,37.1448],[-122.13277,37.14563],[-122.13366,37.14665],[-122.13601,37.1489],[-122.13664,37.15037],[-122.13663,37.15077],[-122.1362,37.15138],[-122.13584,37.15162],[-122.13508,37.1518],[-122.1341,37.15277],[-122.1338,37.15328],[-122.13331,37.15541],[-122.13343,37.15583],[-122.13404,37.15669],[-122.13414,37.15696],[-122.13408,37.1584],[-122.13431,37.15991],[-122.1347,37.1613],[-122.13463,37.16409],[-122.13584,37.16767],[-122.13585,37.16977],[-122.13774,37.1713],[-122.13801,37.17157],[-122.13818,37.17193],[-122.1384,37.17474],[-122.13919,37.17708],[-122.13949,37.17947],[-122.13978,37.18001],[-122.14069,37.18069],[-122.14105,37.18131],[-122.14107,37.18385],[-122.14125,37.18465],[-122.1421,37.18614],[-122.14226,37.18695],[-122.14304,37.18785],[-122.14312,37.18872],[-122.1439,37.18939],[-122.14401,37.19032],[-122.1447,37.19104],[-122.14572,37.19314],[-122.14577,37.19341],[-122.14557,37.19395],[-122.14554,37.1947],[-122.14574,37.1952],[-122.14575,37.19588],[-122.14603,37.19655],[-122.14606,37.19727],[-122.14634,37.19799],[-122.14627,37.19883],[-122.14706,37.20034],[-122.14698,37.20085],[-122.14678,37.20118],[-122.14606,37.2018],[-122.14584,37.20271],[-122.14513,37.20331],[-122.14495,37.20365],[-122.14488,37.20448],[-122.14511,37.20517],[-122.14492,37.20606],[-122.14523,37.20669],[-122.14524,37.20706],[-122.14505,37.20738],[-122.14425,37.20783],[-122.14363,37.20847],[-122.14337,37.20913],[-122.14346,37.20998],[-122.14376,37.21042],[-122.14482,37.21115],[-122.14563,37.21155],[-122.14601,37.21201],[-122.14647,37.21233],[-122.1467,37.21293],[-122.14699,37.21329],[-122.14699,37.21352],[-122.14656,37.21372],[-122.14594,37.21362],[-122.14586,37.21383],[-122.14644,37.21399],[-122.14734,37.21439],[-122.14808,37.21432],[-122.14851,37.21405],[-122.14852,37.21375],[-122.14828,37.21312],[-122.14872,37.21178],[-122.14866,37.21119],[-122.14909,37.21084],[-122.14954,37.21013],[-122.14979,37.2101],[-122.15005,37.21019],[-122.15055,37.21079],[-122.15132,37.21102],[-122.15189,37.21156],[-122.15242,37.21152],[-122.15342,37.21175],[-122.15431,37.21181],[-122.15505,37.21179],[-122.15611,37.21153],[-122.15668,37.21157],[-122.15624,37.21259],[-122.15531,37.21398],[-122.15517,37.21526],[-122.15498,37.21554],[-122.15444,37.21582],[-122.15311,37.21599],[-122.15273,37.21617],[-122.15221,37.21667],[-122.15211,37.21702],[-122.15216,37.2174],[-122.15255,37.21838],[-122.15268,37.21976],[-122.15343,37.22051],[-122.15384,37.2213],[-122.15382,37.22234],[-122.15369,37.22273],[-122.15357,37.22296],[-122.153,37.22347],[-122.15222,37.22507],[-122.15184,37.2253],[-122.15079,37.22534],[-122.14995,37.22505],[-122.14901,37.22503],[-122.14809,37.22439],[-122.1478,37.22436],[-122.14752,37.22447],[-122.1473,37.22468],[-122.14726,37.22555],[-122.14774,37.22636],[-122.14815,37.22665],[-122.14908,37.22691],[-122.14932,37.22722],[-122.14938,37.22794],[-122.14922,37.22837],[-122.14889,37.22855],[-122.14808,37.22874],[-122.14783,37.2291],[-122.14791,37.22942],[-122.14841,37.22977],[-122.14872,37.23014],[-122.14901,37.23085],[-122.14903,37.23125],[-122.14822,37.23312],[-122.14787,37.23357],[-122.1472,37.23406],[-122.14571,37.2348],[-122.14546,37.23519],[-122.14556,37.23555],[-122.14624,37.23632],[-122.14718,37.23671],[-122.14757,37.23708],[-122.14968,37.23978],[-122.15042,37.24026],[-122.15203,37.24088],[-122.15366,37.24133],[-122.15403,37.24158],[-122.15449,37.24298],[-122.15436,37.24343],[-122.15409,37.24364],[-122.15312,37.24396],[-122.15226,37.24455],[-122.15147,37.24485],[-122.15125,37.24503],[-122.15117,37.24541],[-122.15138,37.24584],[-122.15306,37.24768],[-122.15402,37.24825],[-122.15414,37.24845],[-122.15414,37.24883],[-122.15388,37.2491],[-122.15358,37.24915],[-122.15315,37.24907],[-122.15135,37.24831],[-122.15011,37.2474],[-122.14901,37.24708],[-122.14795,37.24647],[-122.14659,37.24605],[-122.14373,37.24461],[-122.14288,37.24456],[-122.14196,37.24469],[-122.14081,37.24526],[-122.13983,37.24589],[-122.13838,37.24772],[-122.13803,37.24865],[-122.13766,37.249],[-122.13693,37.24937],[-122.13666,37.24988],[-122.13661,37.25126],[-122.13647,37.2517],[-122.13608,37.25225],[-122.13478,37.25331],[-122.13468,37.25349],[-122.13465,37.254],[-122.13445,37.25438],[-122.13262,37.25538],[-122.12807,37.25527],[-122.12646,37.25545],[-122.12599,37.25573],[-122.12561,37.25633],[-122.12539,37.25651],[-122.12511,37.25659],[-122.12438,37.25659],[-122.12409,37.25671],[-122.12271,37.25809],[-122.12197,37.25852]],[[-122.02969,36.98436],[-122.03008,36.98597]]]}},{"type":"Feature","properties":{"id":"nicasio-valley","name":"Nicasio Valley Road","difficulty":2,"character":"Medium speed"},"geometry":{"type":"MultiLineString","coordinates":[[[-122.6638,38.0133],[-122.66379,38.01562],[-122.66392,38.01747],[-122.66374,38.01811],[-122.66329,38.01891],[-122.6603,38.02193],[-122.66018,38.02231],[-122.66029,38.02263],[-122.66062,38.02288],[-122.66103,38.02296],[-122.66321,38.02227],[-122.66358,38.02228],[-122.664,38.02248],[-122.66425,38.02281],[-122.66452,38.02353],[-122.66448,38.02483],[-122.66463,38.02524],[-122.66603,38.02629],[-122.66685,38.02758],[-122.67042,38.03098],[-122.6721,38.03304],[-122.6728,38.03338],[-122.6757,38.03386],[-122.6772,38.03472],[-122.6778,38.03513],[-122.67926,38.0366],[-122.68116,38.03764],[-122.68249,38.03866],[-122.68287,38.03923],[-122.68322,38.04054],[-122.68389,38.04159],[-122.68434,38.04183],[-122.68523,38.04211],[-122.68751,38.04254],[-122.68832,38.04308],[-122.6897,38.04509],[-122.6916,38.04901],[-122.69336,38.05472],[-122.69602,38.05821],[-122.69756,38.06096],[-122.69786,38.06106],[-122.69844,38.06089],[-122.69867,38.061],[-122.7025,38.06615],[-122.70351,38.06864],[-122.70746,38.0762],[-122.70798,38.07696],[-122.7089,38.0778],[-122.71025,38.07857],[-122.71971,38.08236],[-122.72035,38.08279],[-122.7208,38.08326],[-122.72247,38.08571],[-122.72367,38.0869],[-122.72507,38.08779],[-122.7282,38.08905],[-122.72962,38.08994],[-122.73032,38.09061],[-122.73099,38.09155],[-122.73348,38.0973]]]}},{"type":"Feature","properties":{"id":"point-reyes-petaluma","name":"Point Reyes\u2013Petaluma Road","difficulty":2,"character":"Medium speed"},"geometry":{"type":"MultiLineString","coordinates":[[[-122.80144,38.07333],[-122.80044,38.07297],[-122.79987,38.07307],[-122.79876,38.07407],[-122.79809,38.07503],[-122.79767,38.07535],[-122.79664,38.07593],[-122.79572,38.07616],[-122.79403,38.07679],[-122.79315,38.07665],[-122.7891,38.07506],[-122.7885,38.07504],[-122.78658,38.07522],[-122.78556,38.0754],[-122.7852,38.07579],[-122.7845,38.07839],[-122.7845,38.07914],[-122.78486,38.08108],[-122.78477,38.08157],[-122.78445,38.08202],[-122.78341,38.08261],[-122.7828,38.08285],[-122.78204,38.08291],[-122.78149,38.08283],[-122.78115,38.08267],[-122.77857,38.08066],[-122.77816,38.0801],[-122.77738,38.07862],[-122.77703,38.07842],[-122.77613,38.07824],[-122.77542,38.07792],[-122.77397,38.07695],[-122.77133,38.07491],[-122.77082,38.07408],[-122.77022,38.07173],[-122.76984,38.07097],[-122.76938,38.07066],[-122.769,38.07059],[-122.76803,38.07072],[-122.76752,38.07065],[-122.76511,38.06946],[-122.76355,38.06906],[-122.7619,38.07091],[-122.76109,38.07126],[-122.75921,38.07169],[-122.75831,38.07219],[-122.75789,38.07258],[-122.75752,38.07316],[-122.75726,38.07372],[-122.75699,38.07497],[-122.75649,38.07598],[-122.75504,38.07753],[-122.75457,38.0785],[-122.75396,38.08129],[-122.75281,38.08527],[-122.75285,38.08622],[-122.75364,38.08865],[-122.75374,38.08927],[-122.75354,38.09032],[-122.75296,38.09121],[-122.7523,38.09177],[-122.75158,38.09215],[-122.75023,38.09248],[-122.73932,38.09214],[-122.73812,38.09228],[-122.73688,38.09278],[-122.73633,38.09318],[-122.73574,38.09386],[-122.73471,38.09596],[-122.73422,38.09665],[-122.73348,38.0973],[-122.73236,38.09796],[-122.73207,38.09823],[-122.73175,38.09878],[-122.73133,38.10019],[-122.73102,38.10079],[-122.73002,38.10219],[-122.72908,38.1028],[-122.72872,38.10314],[-122.72823,38.10415],[-122.72657,38.10641],[-122.72597,38.10679],[-122.72389,38.10755],[-122.72204,38.10899],[-122.72175,38.10927],[-122.72022,38.11178],[-122.71882,38.11295],[-122.71811,38.11324],[-122.71553,38.11366],[-122.71485,38.11419],[-122.71469,38.1147],[-122.71466,38.11744],[-122.71448,38.11794],[-122.71395,38.11884],[-122.71388,38.11951],[-122.71427,38.12022],[-122.71558,38.12128],[-122.71605,38.12222],[-122.71614,38.12306],[-122.71551,38.12398],[-122.71523,38.12499],[-122.71452,38.12642],[-122.7137,38.12742],[-122.71285,38.13129],[-122.70915,38.13678],[-122.70764,38.13843],[-122.7026,38.14905]]]}},{"type":"Feature","properties":{"id":"chileno-valley","name":"Chileno Valley Road","difficulty":2,"character":"Medium speed"},"geometry":{"type":"MultiLineString","coordinates":[[[-122.66506,38.21323],[-122.66521,38.21266],[-122.66712,38.21074],[-122.66912,38.21018],[-122.67038,38.20967],[-122.67322,38.20873],[-122.67602,38.2071],[-122.67933,38.20583],[-122.67986,38.20571],[-122.68351,38.2054],[-122.68665,38.20541],[-122.68758,38.20584],[-122.68927,38.20728],[-122.69239,38.20871],[-122.69294,38.20892],[-122.69353,38.20898],[-122.69436,38.20882],[-122.6962,38.20728],[-122.69772,38.20531],[-122.70151,38.20169],[-122.70428,38.19866],[-122.7069,38.19648],[-122.70788,38.19542],[-122.71772,38.201],[-122.72541,38.20114],[-122.73292,38.20279],[-122.73599,38.20399],[-122.73697,38.20428],[-122.73766,38.20425],[-122.74082,38.20377],[-122.74207,38.20341],[-122.74567,38.20361],[-122.74616,38.20378],[-122.75017,38.20585],[-122.75098,38.20604],[-122.7555,38.2057],[-122.76005,38.20577],[-122.76197,38.20587],[-122.76365,38.20628],[-122.76449,38.2067],[-122.76483,38.20675],[-122.7709,38.20643],[-122.77232,38.20589],[-122.77346,38.20523],[-122.77695,38.20238],[-122.77802,38.20209],[-122.77948,38.20213],[-122.78138,38.20294],[-122.78265,38.20396],[-122.784,38.20479],[-122.78436,38.20519],[-122.78498,38.20623],[-122.78622,38.20734],[-122.78893,38.2082],[-122.79192,38.20928],[-122.7986,38.21107],[-122.80688,38.21359],[-122.80792,38.21368],[-122.8136,38.21334],[-122.8138,38.21357],[-122.81561,38.21704],[-122.81724,38.2185],[-122.81938,38.22139],[-122.8195,38.22182]]]}},{"type":"Feature","properties":{"id":"skaggs-springs","name":"Skaggs Springs Road","difficulty":3,"character":"Technical"},"geometry":{"type":"MultiLineString","coordinates":[[[-122.99434,38.71332],[-122.9945,38.71282],[-122.99471,38.71254],[-122.99513,38.71221],[-122.99542,38.71211],[-122.99578,38.71203],[-122.99938,38.71184],[-122.9999,38.71163],[-123.00136,38.71052],[-123.00199,38.70924],[-123.00247,38.70867],[-123.00303,38.70839],[-123.00367,38.70831],[-123.00445,38.70846],[-123.00489,38.70876],[-123.00522,38.70927],[-123.00528,38.70991],[-123.00519,38.71034],[-123.00498,38.71063],[-123.00364,38.71148],[-123.00337,38.71202],[-123.0034,38.71239],[-123.00372,38.71287],[-123.00417,38.71313],[-123.00455,38.71322],[-123.00537,38.71321],[-123.00535,38.71192],[-123.00633,38.71033],[-123.00653,38.70954],[-123.00668,38.70802],[-123.0069,38.70738],[-123.00724,38.70691],[-123.00803,38.70636],[-123.00932,38.70579],[-123.01016,38.70565],[-123.01163,38.70575],[-123.01268,38.70536],[-123.01335,38.70493],[-123.01348,38.70441],[-123.01291,38.7035],[-123.01283,38.70315],[-123.01314,38.70192],[-123.01307,38.70112],[-123.01345,38.70043],[-123.01332,38.699],[-123.01296,38.6978],[-123.01309,38.69538],[-123.01333,38.694],[-123.01297,38.69353],[-123.01188,38.69319],[-123.01097,38.69263],[-123.01042,38.69213],[-123.00998,38.69135],[-123.00985,38.69021],[-123.00954,38.68986],[-123.00693,38.68868],[-123.00667,38.68824],[-123.00684,38.68702],[-123.0072,38.68631],[-123.00756,38.68594],[-123.008,38.68576],[-123.00915,38.68557],[-123.00954,38.68561],[-123.00984,38.68577],[-123.01032,38.68655],[-123.01083,38.68683],[-123.01268,38.6868],[-123.0144,38.68644],[-123.01461,38.68628],[-123.01476,38.68599],[-123.01467,38.68525],[-123.01518,38.68451],[-123.01536,38.68406],[-123.01551,38.68193],[-123.01574,38.68152],[-123.01701,38.68099],[-123.01785,38.67956],[-123.01825,38.6793],[-123.01868,38.67926],[-123.01937,38.67954],[-123.02075,38.67966],[-123.0213,38.67951],[-123.02225,38.67846],[-123.02251,38.67764],[-123.02293,38.67741],[-123.0238,38.67722],[-123.02437,38.67682],[-123.0245,38.67642],[-123.02438,38.67579],[-123.02484,38.67526],[-123.02504,38.67457],[-123.02603,38.67306],[-123.02598,38.67272],[-123.0258,38.67258],[-123.0254,38.67255],[-123.02379,38.67321],[-123.02246,38.67352],[-123.02182,38.6733],[-123.02164,38.67302],[-123.02162,38.67269],[-123.02185,38.67237],[-123.02274,38.67186],[-123.0234,38.67116],[-123.02452,38.671],[-123.02479,38.67086],[-123.02512,38.67058],[-123.02535,38.67002],[-123.02559,38.66973],[-123.02637,38.66949],[-123.02678,38.66921],[-123.02697,38.66881],[-123.02688,38.66843],[-123.02619,38.66782],[-123.0259,38.66695],[-123.02612,38.66644],[-123.02679,38.66616],[-123.02723,38.66618],[-123.02756,38.66634],[-123.0283,38.66718],[-123.02887,38.66812],[-123.02918,38.6684],[-123.03231,38.66978],[-123.03263,38.66981],[-123.03296,38.66972],[-123.03367,38.66918],[-123.0342,38.66892],[-123.03555,38.66864],[-123.03663,38.66815],[-123.0374,38.66803],[-123.0379,38.66825],[-123.03842,38.66881],[-123.03943,38.66931],[-123.03968,38.6698],[-123.04,38.67013],[-123.04065,38.67033],[-123.04135,38.67023],[-123.0419,38.6703],[-123.04225,38.67058],[-123.04256,38.671],[-123.04285,38.67114],[-123.04329,38.67117],[-123.04383,38.67097],[-123.04425,38.67094],[-123.04468,38.67108],[-123.04509,38.67145],[-123.04547,38.67161],[-123.04651,38.67172],[-123.04702,38.67205],[-123.04755,38.67276],[-123.048,38.67301],[-123.04859,38.6731],[-123.05137,38.67295],[-123.05215,38.67314],[-123.05309,38.67359],[-123.05381,38.67377],[-123.05457,38.67434],[-123.05567,38.67484],[-123.05648,38.67586],[-123.05824,38.67754],[-123.0587,38.67779],[-123.05943,38.67799],[-123.06028,38.67796],[-123.06196,38.67744],[-123.0631,38.6772],[-123.06338,38.67689],[-123.06358,38.67608],[-123.0639,38.67583],[-123.06418,38.67575],[-123.06467,38.6758],[-123.06603,38.67645],[-123.06633,38.6769],[-123.06631,38.67762],[-123.06659,38.67793],[-123.06698,38.678],[-123.06736,38.67789],[-123.06821,38.67682],[-123.06858,38.6767],[-123.06958,38.67689],[-123.07005,38.6768],[-123.07085,38.67601],[-123.07122,38.6759],[-123.07238,38.67595],[-123.07311,38.67537],[-123.07359,38.67516],[-123.07414,38.67513],[-123.07553,38.67542],[-123.07604,38.67532],[-123.07626,38.67516],[-123.07641,38.67489],[-123.07638,38.67405],[-123.07645,38.6737],[-123.0767,38.67337],[-123.07698,38.67322],[-123.07774,38.67305],[-123.07804,38.67285],[-123.07833,38.67239],[-123.07864,38.67219],[-123.07973,38.67192],[-123.08061,38.67125],[-123.08154,38.67099],[-123.08205,38.67102],[-123.08258,38.67124],[-123.08357,38.67204],[-123.08406,38.67225],[-123.08481,38.67221],[-123.08605,38.67184],[-123.08683,38.67188],[-123.08918,38.67281],[-123.08997,38.6738],[-123.09051,38.67411],[-123.091,38.67415],[-123.09198,38.67377],[-123.09239,38.67372],[-123.09389,38.67392],[-123.09414,38.67404],[-123.09435,38.67432],[-123.09437,38.67469],[-123.09422,38.67495],[-123.09345,38.6755],[-123.09322,38.67612],[-123.09334,38.67641],[-123.09373,38.67678],[-123.09397,38.67685],[-123.09443,38.67682],[-123.09516,38.67638],[-123.09607,38.67625],[-123.09669,38.67572],[-123.09782,38.67549],[-123.0982,38.6752],[-123.09837,38.67473],[-123.09821,38.67379],[-123.09841,38.67305],[-123.09822,38.67265],[-123.09782,38.67225],[-123.09777,38.67198],[-123.09792,38.67159],[-123.0981,38.67145],[-123.09851,38.67131],[-123.10184,38.67141],[-123.10257,38.67155],[-123.10419,38.67207],[-123.10698,38.67423],[-123.10735,38.6744],[-123.10821,38.67455],[-123.10889,38.67495],[-123.10951,38.67561],[-123.10968,38.67593],[-123.10967,38.67645],[-123.10933,38.67772],[-123.10947,38.67805],[-123.10974,38.67826],[-123.11036,38.67831],[-123.11115,38.67787],[-123.11224,38.67761],[-123.11297,38.67779],[-123.11372,38.67757],[-123.11429,38.67759],[-123.11495,38.67774],[-123.11536,38.67816],[-123.11637,38.67825],[-123.11664,38.67821],[-123.11722,38.67785],[-123.11752,38.67781],[-123.11766,38.67794],[-123.11766,38.67847],[-123.11806,38.67871],[-123.11851,38.67874],[-123.11905,38.67837],[-123.1193,38.67834],[-123.11962,38.67849],[-123.11989,38.67887],[-123.12007,38.67898],[-123.12178,38.67901],[-123.12224,38.67911],[-123.12373,38.68027],[-123.12398,38.68084],[-123.12432,38.68109],[-123.12568,38.68024],[-123.12616,38.67957],[-123.12612,38.67894],[-123.12652,38.67862],[-123.12791,38.67828],[-123.12897,38.67764],[-123.13001,38.67738],[-123.13081,38.6774],[-123.13132,38.67757],[-123.13183,38.67754],[-123.1323,38.67701],[-123.13236,38.67641],[-123.13271,38.6761],[-123.13287,38.67619],[-123.13272,38.67669],[-123.13294,38.67709],[-123.13315,38.67722],[-123.13378,38.67728],[-123.13539,38.67699],[-123.13641,38.67735],[-123.13674,38.67763],[-123.137,38.67818],[-123.13863,38.67923],[-123.13899,38.67996],[-123.13923,38.67991],[-123.13937,38.67963],[-123.13967,38.67941],[-123.1405,38.67931],[-123.14069,38.67914],[-123.14053,38.67873],[-123.14075,38.67836],[-123.14059,38.67779],[-123.1402,38.67725],[-123.13923,38.67647],[-123.1392,38.67628],[-123.13929,38.67597],[-123.13976,38.67558],[-123.13977,38.67535],[-123.13955,38.67491],[-123.13994,38.67458],[-123.14007,38.67354],[-123.14041,38.67332],[-123.14141,38.67368],[-123.14284,38.67441],[-123.14396,38.67424],[-123.14524,38.67465],[-123.14636,38.67471],[-123.14705,38.67507],[-123.14835,38.67466],[-123.14929,38.67449],[-123.14962,38.67393],[-123.14958,38.67341],[-123.14973,38.67325],[-123.1514,38.67358],[-123.15291,38.67337],[-123.15429,38.67368],[-123.15498,38.67369],[-123.15618,38.67344],[-123.15635,38.67328],[-123.15655,38.67276],[-123.1572,38.67261],[-123.1581,38.67279],[-123.15896,38.67373],[-123.16056,38.67436],[-123.1609,38.67437],[-123.16154,38.67399],[-123.16253,38.67381],[-123.1629,38.67412],[-123.16335,38.67429],[-123.16424,38.67502],[-123.16564,38.67529],[-123.16631,38.67529],[-123.16748,38.67493],[-123.1686,38.67443],[-123.17009,38.6741],[-123.17027,38.67392],[-123.17077,38.67238],[-123.17174,38.67187],[-123.17255,38.67177],[-123.17352,38.67186],[-123.17539,38.67167],[-123.17568,38.67177],[-123.17608,38.67211],[-123.17698,38.67238],[-123.17769,38.67197],[-123.17807,38.67194],[-123.17852,38.67238],[-123.17903,38.67228],[-123.18023,38.67242],[-123.18113,38.67288],[-123.18191,38.67358],[-123.18229,38.67374],[-123.1825,38.67365],[-123.1832,38.67287],[-123.18357,38.67267],[-123.18454,38.67265],[-123.18507,38.67238],[-123.18576,38.67223],[-123.18631,38.67197],[-123.18718,38.67214],[-123.18908,38.67132],[-123.18957,38.67125],[-123.18999,38.67163],[-123.19054,38.67192],[-123.19105,38.67244],[-123.19119,38.67283],[-123.19169,38.67309],[-123.19211,38.67354],[-123.19336,38.67368],[-123.19353,38.67378],[-123.19381,38.67428],[-123.19326,38.67534],[-123.19324,38.67555],[-123.19379,38.67597],[-123.19404,38.67656],[-123.195,38.67692],[-123.1951,38.67766],[-123.19525,38.6778],[-123.19716,38.67805],[-123.19783,38.67837],[-123.19916,38.6782],[-123.20031,38.67837],[-123.20063,38.67835],[-123.20142,38.67807],[-123.20221,38.67795],[-123.20245,38.67781],[-123.2028,38.67736],[-123.20282,38.6764],[-123.20296,38.67608],[-123.2038,38.67538],[-123.20482,38.67505],[-123.20653,38.67475],[-123.20688,38.67452],[-123.20692,38.67405],[-123.20718,38.67377],[-123.20878,38.67344],[-123.2095,38.67317],[-123.21089,38.67185],[-123.21146,38.67044],[-123.21179,38.67009],[-123.21247,38.66992],[-123.21404,38.66975],[-123.21477,38.66952],[-123.21566,38.66956],[-123.21613,38.66932],[-123.21614,38.66854],[-123.21648,38.66761],[-123.21721,38.66732],[-123.21737,38.667],[-123.21749,38.66586],[-123.21742,38.66412],[-123.2175,38.6634],[-123.21802,38.66243],[-123.21853,38.66197],[-123.21938,38.66157],[-123.21986,38.66157],[-123.22146,38.66207],[-123.22296,38.66311],[-123.22402,38.66361],[-123.22513,38.6639],[-123.22544,38.66389],[-123.22733,38.66325],[-123.22823,38.66273],[-123.22864,38.66238],[-123.23025,38.66],[-123.23094,38.65968],[-123.23165,38.6596],[-123.23195,38.65963],[-123.23256,38.65993],[-123.23342,38.66111],[-123.23403,38.66172],[-123.23424,38.66226],[-123.23416,38.66273],[-123.2337,38.66387],[-123.2333,38.66589],[-123.23338,38.66663],[-123.23325,38.66805],[-123.23321,38.67107],[-123.23338,38.67183],[-123.23395,38.67295],[-123.23436,38.67343],[-123.2361,38.67482],[-123.23695,38.67511],[-123.23795,38.67526],[-123.23943,38.67567],[-123.24045,38.67615],[-123.24223,38.6772],[-123.24286,38.67736],[-123.2434,38.67725],[-123.24446,38.67602],[-123.24479,38.67577],[-123.24564,38.67536],[-123.24634,38.67528],[-123.24882,38.67544],[-123.24926,38.67539],[-123.25033,38.67498],[-123.252,38.67458],[-123.25291,38.67441],[-123.25336,38.6744],[-123.25456,38.67494],[-123.25694,38.6765],[-123.26036,38.67798],[-123.26211,38.67835],[-123.26297,38.67823],[-123.26357,38.67794],[-123.26417,38.67736],[-123.26429,38.67668],[-123.26384,38.67549],[-123.26378,38.67478],[-123.26446,38.67397],[-123.26509,38.67254],[-123.26557,38.67207],[-123.26612,38.67172],[-123.26687,38.67149],[-123.26719,38.67148],[-123.26782,38.67174],[-123.26876,38.67263],[-123.2693,38.67336],[-123.26977,38.67436],[-123.26974,38.67519],[-123.26948,38.67688],[-123.26956,38.67823],[-123.26941,38.67881],[-123.26945,38.679],[-123.26975,38.67931],[-123.27005,38.67942],[-123.27035,38.67943],[-123.27069,38.67934],[-123.27216,38.67858],[-123.27493,38.67802],[-123.27566,38.6778],[-123.2786,38.67753],[-123.28039,38.67784],[-123.28187,38.67855],[-123.28287,38.67924],[-123.28339,38.67943],[-123.28438,38.67959],[-123.28472,38.67954],[-123.28496,38.67931],[-123.285,38.67882],[-123.28468,38.67788],[-123.28458,38.67682],[-123.2848,38.67607],[-123.28538,38.67525],[-123.28611,38.67468],[-123.2883,38.67399],[-123.28883,38.67373],[-123.28924,38.67337],[-123.29038,38.67147],[-123.29094,38.67091],[-123.29114,38.67086],[-123.29278,38.67105],[-123.29358,38.67089],[-123.2941,38.67088],[-123.29545,38.67116],[-123.29573,38.67114],[-123.29582,38.67088],[-123.29549,38.66972],[-123.2955,38.66946],[-123.29587,38.66843],[-123.29643,38.66796],[-123.29832,38.66755],[-123.29934,38.66704],[-123.30117,38.66656],[-123.30204,38.66672],[-123.3032,38.66711],[-123.30601,38.6671],[-123.30776,38.66741],[-123.30916,38.66753],[-123.31078,38.66754],[-123.31158,38.6671],[-123.31129,38.66635],[-123.31293,38.66519],[-123.31405,38.66495],[-123.31522,38.66491],[-123.31994,38.6621],[-123.32199,38.66138],[-123.32366,38.66134],[-123.32424,38.66123],[-123.32478,38.66041],[-123.32498,38.66029],[-123.32516,38.66031],[-123.32531,38.66048],[-123.32539,38.66118],[-123.32565,38.66156],[-123.32684,38.66258],[-123.32751,38.66337],[-123.32852,38.66409],[-123.32889,38.66415],[-123.32977,38.66301],[-123.33058,38.66249],[-123.33082,38.6622],[-123.33199,38.66173],[-123.33242,38.66141],[-123.33264,38.66082],[-123.3331,38.6606],[-123.33351,38.65998],[-123.33403,38.65998],[-123.33463,38.66025],[-123.33521,38.66011],[-123.33565,38.66018],[-123.33626,38.65965],[-123.33667,38.6591],[-123.3369,38.65907],[-123.33738,38.65928],[-123.33787,38.65904],[-123.33851,38.65782],[-123.33873,38.6578],[-123.33903,38.65792],[-123.33925,38.65781],[-123.33917,38.65626],[-123.33946,38.65595],[-123.33975,38.65582],[-123.3404,38.65589],[-123.34192,38.65662],[-123.34334,38.65709],[-123.34374,38.65713],[-123.34403,38.65695],[-123.34409,38.65643],[-123.34463,38.65599],[-123.34489,38.65548],[-123.34514,38.65528],[-123.3455,38.65514],[-123.34575,38.65515],[-123.34621,38.6553],[-123.34668,38.65568],[-123.34757,38.6558],[-123.34825,38.65527],[-123.34918,38.65512],[-123.35021,38.65444],[-123.35097,38.65417],[-123.35147,38.65379],[-123.35263,38.65352],[-123.35315,38.65326],[-123.35333,38.65339],[-123.3533,38.65396],[-123.35348,38.65415],[-123.35436,38.65387],[-123.35536,38.65377],[-123.35553,38.65382],[-123.35607,38.65454],[-123.35639,38.65412],[-123.35697,38.65386],[-123.35713,38.65395],[-123.35759,38.65462],[-123.35811,38.6549],[-123.35842,38.65544],[-123.3589,38.65543],[-123.35936,38.65557],[-123.35973,38.65551],[-123.36004,38.65564],[-123.36042,38.65541],[-123.36104,38.65538],[-123.36123,38.65527],[-123.36123,38.65491],[-123.36146,38.65442],[-123.36273,38.65388],[-123.36382,38.65312],[-123.36461,38.65225],[-123.36459,38.65136],[-123.3655,38.65045],[-123.3654,38.65005],[-123.36564,38.64933],[-123.36553,38.6489],[-123.36571,38.64839],[-123.36564,38.64778],[-123.36593,38.64767],[-123.36642,38.64791],[-123.36678,38.64794],[-123.36789,38.6477],[-123.36806,38.64759],[-123.36794,38.64701],[-123.36808,38.64692],[-123.36876,38.64757],[-123.36972,38.64794],[-123.37031,38.64846],[-123.37103,38.64876],[-123.37133,38.64921],[-123.37183,38.6493],[-123.37208,38.64897],[-123.3723,38.64898],[-123.37268,38.64928],[-123.37356,38.64957],[-123.37415,38.65017],[-123.37511,38.65022],[-123.37608,38.6498],[-123.3778,38.65017],[-123.37961,38.65163],[-123.38157,38.65243],[-123.3851,38.65476],[-123.38644,38.65548],[-123.38744,38.65532],[-123.38825,38.65541],[-123.38927,38.65535],[-123.39083,38.65504],[-123.39244,38.65492],[-123.39426,38.65459],[-123.39472,38.65438],[-123.39521,38.65395],[-123.39588,38.65372],[-123.39712,38.653],[-123.39863,38.6524],[-123.39947,38.65193]]]}},{"type":"Feature","properties":{"id":"sir-francis-drake","name":"Sir Francis Drake Boulevard","difficulty":2,"character":"Medium speed"},"geometry":{"type":"MultiLineString","coordinates":[[[-122.80515,38.06425],[-122.80858,38.06456],[-122.80931,38.06452],[-122.81005,38.06421],[-122.81162,38.06328],[-122.81743,38.06159],[-122.81783,38.06165],[-122.8188,38.06233],[-122.82048,38.06304],[-122.82071,38.06335],[-122.82109,38.06453],[-122.82239,38.06634],[-122.82322,38.0682],[-122.82497,38.06978],[-122.82667,38.07234],[-122.82786,38.07332],[-122.82896,38.07447],[-122.82974,38.0751],[-122.83128,38.07688],[-122.83205,38.07757],[-122.83311,38.07934],[-122.83487,38.08073],[-122.83627,38.08276],[-122.83743,38.08349],[-122.83764,38.08388],[-122.83778,38.08485],[-122.83794,38.08508],[-122.83873,38.0858],[-122.84091,38.08721],[-122.8424,38.08871],[-122.84385,38.08977],[-122.84432,38.09036],[-122.84554,38.09114],[-122.84651,38.09256],[-122.84763,38.09362],[-122.84901,38.09422],[-122.85056,38.09524],[-122.85141,38.09614],[-122.85231,38.09761],[-122.85371,38.09912],[-122.85498,38.09995],[-122.85571,38.10075],[-122.85658,38.10113],[-122.85752,38.10282],[-122.85987,38.10436],[-122.86039,38.10482],[-122.86139,38.10503],[-122.86181,38.10528],[-122.86222,38.10608],[-122.86301,38.10683],[-122.86373,38.10782],[-122.86455,38.10865],[-122.86544,38.10932],[-122.86719,38.10956],[-122.86866,38.10938],[-122.86966,38.10936],[-122.87119,38.10905],[-122.87197,38.10872],[-122.87279,38.10867],[-122.87365,38.10844],[-122.87466,38.10835],[-122.87521,38.10837],[-122.87629,38.10863],[-122.87706,38.10817],[-122.87785,38.10799],[-122.87859,38.10765],[-122.8792,38.10757],[-122.87976,38.10762],[-122.88191,38.10817],[-122.88354,38.10931],[-122.88523,38.10992],[-122.88792,38.11057],[-122.88901,38.11039],[-122.88984,38.10993],[-122.89191,38.1093],[-122.89267,38.10927],[-122.89349,38.10964],[-122.89388,38.10968],[-122.89517,38.10925],[-122.89808,38.10895],[-122.89843,38.10873],[-122.89966,38.10749],[-122.90053,38.10617],[-122.90146,38.10571],[-122.90208,38.10517],[-122.90462,38.10176],[-122.90623,38.10053],[-122.90723,38.09904],[-122.90828,38.0984],[-122.90953,38.09797],[-122.91006,38.09766],[-122.91084,38.09699],[-122.91145,38.09628],[-122.91197,38.09533],[-122.9127,38.09467],[-122.91406,38.09404],[-122.91548,38.09303],[-122.91605,38.09279],[-122.91683,38.09266],[-122.91766,38.09283],[-122.91809,38.09282],[-122.91871,38.09259],[-122.91992,38.09237],[-122.92098,38.09197],[-122.92281,38.09173],[-122.92436,38.09125],[-122.92631,38.09152],[-122.92793,38.09122],[-122.92921,38.09174],[-122.93113,38.09163],[-122.93175,38.09177],[-122.93278,38.09235],[-122.93386,38.09268],[-122.93473,38.09307],[-122.93768,38.09507],[-122.93802,38.09517],[-122.93848,38.09516],[-122.93898,38.09494],[-122.93942,38.09442],[-122.93984,38.09413],[-122.94766,38.09086],[-122.95014,38.08847],[-122.95246,38.08659],[-122.95342,38.08629],[-122.95623,38.08597],[-122.95715,38.08561],[-122.95772,38.08525],[-122.95912,38.08362],[-122.96192,38.07946],[-122.96212,38.07895],[-122.96225,38.07755],[-122.96258,38.0769],[-122.96599,38.0739],[-122.96949,38.06996],[-122.97,38.06962],[-122.9716,38.06889],[-122.97205,38.0685],[-122.97222,38.06823],[-122.97234,38.06771],[-122.97222,38.06605],[-122.97143,38.06475],[-122.97132,38.06429],[-122.97156,38.06395],[-122.97264,38.0637],[-122.97291,38.06352],[-122.9731,38.0631],[-122.97313,38.06192],[-122.97358,38.06032],[-122.9739,38.05999],[-122.97513,38.05936],[-122.9754,38.05888],[-122.97536,38.05853],[-122.97492,38.05774],[-122.97485,38.05735],[-122.97494,38.05677],[-122.97549,38.0553],[-122.97563,38.0544],[-122.97397,38.04835],[-122.97392,38.04783],[-122.974,38.0474],[-122.97429,38.04705],[-122.97463,38.04686],[-122.97617,38.04647],[-122.97649,38.0465],[-122.97683,38.04677],[-122.97714,38.04686],[-122.9775,38.04685],[-122.97767,38.04674],[-122.97793,38.04457],[-122.97825,38.04385],[-122.98362,38.0376],[-122.98379,38.03708],[-122.98423,38.03204],[-122.98575,38.02907],[-122.98649,38.02462],[-122.98665,38.02431],[-122.98699,38.024],[-122.98736,38.02385],[-122.98865,38.02371],[-122.98895,38.02354],[-122.98913,38.02321],[-122.98799,38.01733],[-122.98801,38.01693],[-122.98832,38.01645],[-122.98934,38.01565],[-122.99158,38.01493],[-122.99321,38.01393],[-122.99351,38.01351],[-122.99416,38.01176],[-122.99463,38.01113],[-122.99503,38.01101],[-122.9957,38.01122],[-122.99587,38.01118],[-122.99557,38.01036],[-122.99577,38.01013],[-122.99682,38.00976],[-122.99703,38.00961],[-122.99701,38.00937],[-122.99653,38.00891],[-122.99646,38.0085],[-122.99666,38.0082],[-122.99753,38.00749],[-122.99829,38.00509]]]}},{"type":"Feature","properties":{"id":"limantour","name":"Limantour Road","difficulty":2,"character":"Low speed"},"geometry":{"type":"MultiLineString","coordinates":[[[-122.80418,38.04774],[-122.80426,38.04744],[-122.80461,38.04708],[-122.80505,38.04692],[-122.80546,38.04692],[-122.80593,38.04711],[-122.80689,38.04803],[-122.80767,38.04846],[-122.80931,38.04862],[-122.80962,38.04872],[-122.81015,38.0492],[-122.81057,38.05026],[-122.81098,38.05057],[-122.81209,38.05106],[-122.81244,38.05145],[-122.8129,38.05246],[-122.81368,38.05286],[-122.81408,38.0529],[-122.81465,38.05279],[-122.81569,38.05216],[-122.81635,38.05194],[-122.81749,38.05194],[-122.81883,38.05172],[-122.81934,38.05181],[-122.81973,38.0521],[-122.81986,38.0525],[-122.81947,38.05354],[-122.81946,38.05393],[-122.81973,38.05437],[-122.82036,38.05466],[-122.82086,38.05467],[-122.82139,38.0545],[-122.82271,38.05335],[-122.82297,38.05324],[-122.82419,38.05321],[-122.82528,38.05294],[-122.82869,38.05298],[-122.82923,38.05277],[-122.8306,38.05198],[-122.83119,38.05187],[-122.83159,38.05189],[-122.83213,38.05207],[-122.83332,38.05305],[-122.83348,38.05355],[-122.83341,38.0547],[-122.83359,38.05501],[-122.83385,38.05519],[-122.83418,38.05529],[-122.83465,38.05529],[-122.83589,38.05464],[-122.8366,38.05449],[-122.83731,38.05461],[-122.83789,38.05495],[-122.83818,38.05543],[-122.83808,38.05707],[-122.83868,38.05765],[-122.83932,38.05899],[-122.84006,38.05941],[-122.84055,38.05951],[-122.84261,38.05954],[-122.84318,38.05931],[-122.84404,38.0587],[-122.84438,38.05862],[-122.84565,38.05939],[-122.84588,38.05999],[-122.8461,38.06011],[-122.84696,38.05988],[-122.84756,38.05923],[-122.8482,38.05891],[-122.85105,38.05907],[-122.85147,38.05894],[-122.85199,38.05849],[-122.85179,38.05782],[-122.85199,38.05725],[-122.85183,38.05649],[-122.85184,38.05581],[-122.85374,38.05278],[-122.85808,38.04905],[-122.8584,38.04891],[-122.86051,38.04867],[-122.8614,38.0482],[-122.86353,38.04768],[-122.86368,38.04748],[-122.86371,38.04707],[-122.86447,38.04648],[-122.86474,38.04602],[-122.86524,38.04563],[-122.86567,38.04553],[-122.86693,38.04564],[-122.86764,38.04513],[-122.8688,38.04453],[-122.87004,38.04405],[-122.87113,38.04384],[-122.8714,38.04367],[-122.87168,38.04328],[-122.87171,38.04306],[-122.87152,38.04264],[-122.87156,38.04244],[-122.8728,38.04145],[-122.87293,38.04124],[-122.87288,38.04076],[-122.87237,38.03975],[-122.87256,38.03799],[-122.87269,38.03755],[-122.87335,38.03697],[-122.8752,38.03606],[-122.87673,38.0356],[-122.87742,38.03516],[-122.87759,38.03486],[-122.87791,38.03349],[-122.87815,38.03306],[-122.87908,38.03219],[-122.87929,38.03167],[-122.8796,38.03135],[-122.87984,38.03121],[-122.88124,38.03085],[-122.88165,38.03055],[-122.88191,38.02942],[-122.88216,38.02891]]]}},{"type":"Feature","properties":{"id":"suisun-valley","name":"Suisun Valley Road","difficulty":2,"character":"Medium speed"},"geometry":{"type":"MultiLineString","coordinates":[[[-122.12783,38.22179],[-122.12957,38.22345],[-122.12981,38.22381],[-122.12983,38.22449],[-122.12958,38.2269],[-122.12929,38.22823],[-122.12873,38.2296],[-122.12525,38.23667],[-122.12214,38.24424],[-122.12046,38.24871],[-122.11993,38.25405],[-122.11632,38.25966],[-122.11387,38.26281],[-122.11285,38.26798],[-122.11165,38.27241],[-122.11163,38.27315],[-122.11181,38.27399],[-122.11205,38.27452],[-122.11526,38.27937],[-122.11814,38.28443],[-122.11836,38.28557],[-122.1184,38.28906],[-122.11943,38.29203],[-122.12035,38.29641],[-122.12067,38.29663],[-122.12598,38.29703],[-122.12624,38.29709],[-122.12641,38.29725],[-122.1268,38.29798],[-122.12746,38.29963],[-122.12874,38.30175],[-122.12854,38.3046],[-122.12869,38.30516],[-122.12881,38.30665],[-122.12876,38.30779],[-122.12889,38.30914],[-122.12928,38.31104],[-122.12916,38.31232],[-122.12991,38.31374],[-122.13055,38.31394],[-122.13144,38.31379],[-122.13192,38.31383],[-122.13234,38.31425],[-122.13314,38.31476],[-122.13334,38.31521],[-122.13374,38.31553],[-122.13391,38.31584]]]}},{"type":"Feature","properties":{"id":"niles-canyon","name":"Niles Canyon Road","difficulty":2,"character":"Medium speed"},"geometry":{"type":"MultiLineString","coordinates":[[[-121.97169,37.57648],[-121.96871,37.57922],[-121.96818,37.57951],[-121.96621,37.58026],[-121.96516,37.58104],[-121.96473,37.58156],[-121.96448,37.5823],[-121.96449,37.58278],[-121.96485,37.58453],[-121.9647,37.5852],[-121.96444,37.58562],[-121.96378,37.58614],[-121.96077,37.58735],[-121.95943,37.58802],[-121.95887,37.58838],[-121.95785,37.58925],[-121.95765,37.58951],[-121.95756,37.59008],[-121.95713,37.59131],[-121.95596,37.59274],[-121.95483,37.59399],[-121.95286,37.59592],[-121.9523,37.5969],[-121.95189,37.59735],[-121.95142,37.59767],[-121.9503,37.59804],[-121.94824,37.59815],[-121.94708,37.59791],[-121.94596,37.59747],[-121.94534,37.59745],[-121.94404,37.5976],[-121.94309,37.59786],[-121.94141,37.59875],[-121.94079,37.59898],[-121.93985,37.59902],[-121.93908,37.5988],[-121.93865,37.59856],[-121.9383,37.59822],[-121.93799,37.59757],[-121.93823,37.59516],[-121.93749,37.59265],[-121.93716,37.59207],[-121.93659,37.5914],[-121.93618,37.59108],[-121.93569,37.59096],[-121.93426,37.59114],[-121.93253,37.59183],[-121.93158,37.59282],[-121.93049,37.59535],[-121.93006,37.59596],[-121.92962,37.59629],[-121.92816,37.59702],[-121.92709,37.59816],[-121.92668,37.59848],[-121.926,37.59881],[-121.92497,37.59901],[-121.92408,37.59897],[-121.92258,37.59866],[-121.921,37.59798],[-121.91992,37.59722],[-121.91704,37.59487],[-121.91633,37.59444],[-121.91289,37.59371],[-121.91168,37.59373],[-121.90594,37.59556],[-121.90444,37.59568],[-121.90284,37.59548],[-121.89756,37.59416],[-121.89012,37.59343],[-121.8869,37.5926],[-121.88575,37.59254],[-121.88224,37.59289]]]}},{"type":"Feature","properties":{"id":"pinehurst","name":"Pinehurst Road","difficulty":3,"character":"Low speed"},"geometry":{"type":"MultiLineString","coordinates":[[[-122.18474,37.84075],[-122.18349,37.84012],[-122.18147,37.83983],[-122.18088,37.83921],[-122.17951,37.83836],[-122.17491,37.8367],[-122.17354,37.83612],[-122.17092,37.83395],[-122.16847,37.83226],[-122.16781,37.83163],[-122.16648,37.83069],[-122.16604,37.83019],[-122.16604,37.8299],[-122.16593,37.82974],[-122.16558,37.82953],[-122.16543,37.82915],[-122.16496,37.82858],[-122.16378,37.8274],[-122.16303,37.82693],[-122.16171,37.82578],[-122.16015,37.82505],[-122.15932,37.82498],[-122.15906,37.82489],[-122.15834,37.82444],[-122.15688,37.82331],[-122.15578,37.82272],[-122.15442,37.82162],[-122.1536,37.8215],[-122.15238,37.82081],[-122.15121,37.82039],[-122.15033,37.81979],[-122.14874,37.81938],[-122.14667,37.81849],[-122.1455,37.81698],[-122.14485,37.81666],[-122.14472,37.81609],[-122.14473,37.81526],[-122.14383,37.81376],[-122.14332,37.8125],[-122.14292,37.81216],[-122.14296,37.81164],[-122.14248,37.81115],[-122.14214,37.81103],[-122.14198,37.81087],[-122.14192,37.81063],[-122.14205,37.8101],[-122.14165,37.80976],[-122.14162,37.80934],[-122.14144,37.80914],[-122.14088,37.80886],[-122.14104,37.80846],[-122.14099,37.80828],[-122.13983,37.80769],[-122.13981,37.8076],[-122.14006,37.80731],[-122.14002,37.80706],[-122.13991,37.80688],[-122.13948,37.80675],[-122.13955,37.80638],[-122.13948,37.80625],[-122.13912,37.80614],[-122.13897,37.806],[-122.13891,37.80561],[-122.13858,37.80511],[-122.13866,37.80467],[-122.1381,37.80381],[-122.1376,37.80342],[-122.13732,37.80287],[-122.13684,37.80267],[-122.13664,37.80218],[-122.13602,37.80155],[-122.13555,37.7994],[-122.13537,37.79901],[-122.13552,37.79859],[-122.13547,37.79841],[-122.13525,37.79827],[-122.13384,37.79797],[-122.13213,37.7969],[-122.1314,37.79608],[-122.13117,37.79546],[-122.13135,37.79529]]]}},{"type":"Feature","properties":{"id":"bear-creek-orinda","name":"Bear Creek Road \u00b7 Orinda","difficulty":2,"character":"Medium speed"},"geometry":{"type":"MultiLineString","coordinates":[[[-122.21131,37.90713],[-122.21114,37.90784],[-122.21084,37.90826],[-122.21043,37.90858],[-122.20973,37.90887],[-122.20874,37.90895],[-122.20586,37.90843],[-122.20503,37.90858],[-122.20435,37.90895],[-122.20367,37.90979],[-122.2006,37.91427],[-122.20041,37.91487],[-122.20042,37.91674],[-122.20027,37.91739],[-122.19992,37.9178],[-122.1994,37.91818],[-122.19801,37.91897],[-122.19746,37.91943],[-122.19721,37.91987],[-122.19691,37.92132],[-122.19653,37.9218],[-122.19617,37.92201],[-122.19523,37.92221],[-122.1946,37.9221],[-122.19429,37.92197],[-122.1927,37.92088],[-122.19239,37.92076],[-122.1892,37.92034],[-122.18511,37.91923],[-122.17493,37.91799],[-122.17394,37.91791],[-122.17229,37.91802],[-122.1663,37.91974],[-122.16535,37.92026],[-122.16482,37.92083],[-122.16416,37.9222],[-122.16299,37.92399],[-122.16274,37.92475],[-122.16269,37.92531]]]}},{"type":"Feature","properties":{"id":"san-pablo-dam","name":"San Pablo Dam Road","difficulty":1,"character":"Medium speed"},"geometry":{"type":"MultiLineString","coordinates":[[[-122.30365,37.967],[-122.30255,37.96682],[-122.29823,37.96502],[-122.29575,37.96383],[-122.29488,37.96353],[-122.2941,37.96343],[-122.28965,37.96324],[-122.28644,37.96252],[-122.28589,37.96228],[-122.28537,37.96196],[-122.28439,37.96089],[-122.28187,37.95943],[-122.27503,37.95419],[-122.27459,37.95397],[-122.27224,37.95327],[-122.27105,37.95259],[-122.27072,37.9522],[-122.26919,37.94968],[-122.26885,37.94871],[-122.26682,37.94558],[-122.26671,37.94524],[-122.26657,37.94365],[-122.26643,37.94332],[-122.26595,37.94275],[-122.26544,37.94239],[-122.26264,37.94149],[-122.26202,37.94118],[-122.2615,37.94073],[-122.26067,37.93929],[-122.25927,37.93739],[-122.25758,37.93302],[-122.25701,37.93231],[-122.25546,37.93127],[-122.25487,37.93045],[-122.25468,37.92845],[-122.25443,37.92793],[-122.25401,37.92744],[-122.25302,37.92689],[-122.25101,37.92641],[-122.25035,37.92609],[-122.24976,37.92555],[-122.24953,37.92515],[-122.24912,37.92392],[-122.2489,37.92349],[-122.24849,37.92306],[-122.24491,37.92116],[-122.24401,37.92051],[-122.24328,37.91981],[-122.24239,37.91842],[-122.24169,37.91782],[-122.24075,37.91745],[-122.23806,37.9169],[-122.23702,37.91652],[-122.236,37.91596],[-122.2347,37.91494],[-122.23408,37.91398],[-122.23356,37.91119],[-122.23333,37.91057],[-122.23301,37.91012],[-122.23244,37.90958],[-122.22708,37.90567],[-122.22635,37.90536],[-122.22561,37.90517],[-122.22311,37.90524],[-122.22228,37.90518],[-122.21739,37.90377],[-122.2164,37.90336],[-122.21548,37.90271],[-122.21358,37.90082],[-122.2131,37.90048],[-122.2105,37.89952]]]}},{"type":"Feature","properties":{"id":"alhambra-valley","name":"Alhambra Valley Road","difficulty":2,"character":"Low speed"},"geometry":{"type":"MultiLineString","coordinates":[[[-122.12478,37.98087],[-122.1249,37.97999],[-122.12576,37.97909],[-122.12625,37.97825],[-122.12624,37.97766],[-122.12643,37.97699],[-122.12649,37.97618],[-122.12657,37.97594],[-122.12715,37.97523],[-122.12745,37.9738],[-122.12741,37.97359],[-122.12631,37.9729],[-122.12616,37.97269],[-122.12622,37.96677],[-122.13269,37.96492],[-122.13426,37.96464],[-122.13594,37.96482],[-122.13843,37.96483],[-122.14024,37.96526],[-122.14132,37.96531],[-122.14627,37.96495],[-122.14747,37.96554],[-122.14884,37.96604],[-122.15104,37.9671],[-122.15229,37.96731],[-122.15328,37.96761],[-122.15579,37.96875],[-122.1571,37.96946],[-122.15756,37.96952],[-122.15843,37.96946],[-122.15965,37.96969],[-122.16118,37.97015],[-122.16228,37.97023],[-122.16378,37.97057],[-122.16612,37.97035],[-122.16686,37.97011],[-122.16791,37.97027],[-122.16939,37.97002],[-122.16992,37.96984],[-122.17115,37.96916],[-122.17187,37.96855],[-122.17223,37.96842],[-122.17284,37.96844],[-122.17397,37.9688],[-122.17452,37.96888],[-122.17639,37.96885],[-122.17701,37.96875],[-122.17778,37.96769],[-122.17792,37.96713],[-122.17776,37.96583],[-122.17746,37.96477],[-122.17668,37.96307],[-122.17662,37.96275],[-122.17684,37.96251],[-122.1771,37.96241],[-122.17978,37.96201],[-122.18406,37.96245],[-122.18458,37.96243],[-122.18552,37.96221],[-122.18582,37.96223],[-122.18642,37.96252],[-122.18811,37.96377],[-122.1891,37.96413],[-122.18964,37.96444],[-122.19101,37.96494],[-122.19353,37.96547],[-122.19411,37.96547],[-122.19522,37.96528],[-122.19621,37.96489],[-122.19668,37.96455],[-122.19741,37.96367],[-122.19874,37.96303],[-122.20074,37.96317],[-122.20188,37.96339],[-122.20354,37.96438],[-122.20562,37.96497],[-122.20661,37.96585],[-122.20827,37.96671],[-122.20932,37.9678],[-122.20979,37.96845],[-122.21018,37.96872],[-122.21128,37.96893],[-122.21287,37.96975],[-122.21512,37.97046],[-122.21567,37.97036],[-122.21615,37.96999],[-122.21649,37.96989],[-122.21849,37.96967],[-122.21888,37.96974],[-122.22047,37.97057],[-122.221,37.97051],[-122.22151,37.97058],[-122.22297,37.97169],[-122.22319,37.97197],[-122.22332,37.97239],[-122.22362,37.97269],[-122.22455,37.97297],[-122.22554,37.97344],[-122.22713,37.97339],[-122.22801,37.97325],[-122.22838,37.9733],[-122.22902,37.97363],[-122.2303,37.97469],[-122.23081,37.9749],[-122.23174,37.97487],[-122.23407,37.97412],[-122.23716,37.97215],[-122.23756,37.97203],[-122.23871,37.97188],[-122.24171,37.97181],[-122.24218,37.97166],[-122.24301,37.97116],[-122.24366,37.97109],[-122.2445,37.97138],[-122.24548,37.97209],[-122.24606,37.97218],[-122.24737,37.97216],[-122.24783,37.97227],[-122.24874,37.97293],[-122.24991,37.9733],[-122.25014,37.97345],[-122.25034,37.97367],[-122.25094,37.97486],[-122.25137,37.97523],[-122.25613,37.97722]]]}},{"type":"Feature","properties":{"id":"altamont-pass","name":"Altamont Pass Road","difficulty":2,"character":"Medium speed"},"geometry":{"type":"MultiLineString","coordinates":[[[-121.71057,37.71515],[-121.70936,37.7156],[-121.70831,37.71611],[-121.70618,37.71758],[-121.70557,37.71788],[-121.70062,37.7193],[-121.69821,37.72064],[-121.69729,37.72133],[-121.69634,37.72242],[-121.69581,37.72377],[-121.69552,37.72417],[-121.69491,37.72464],[-121.69424,37.72489],[-121.69354,37.72498],[-121.69208,37.72482],[-121.6911,37.72434],[-121.68974,37.72328],[-121.68906,37.72292],[-121.68839,37.72273],[-121.6875,37.7227],[-121.68603,37.72308],[-121.68397,37.72339],[-121.68284,37.72331],[-121.68055,37.7228],[-121.6796,37.72271],[-121.67785,37.7229],[-121.67704,37.72316],[-121.67593,37.72402],[-121.67563,37.72455],[-121.6755,37.72592],[-121.67516,37.72775],[-121.67476,37.72884],[-121.67406,37.7298],[-121.67235,37.73135],[-121.67101,37.73333],[-121.67058,37.73412],[-121.67036,37.73502],[-121.67035,37.738],[-121.6702,37.73856],[-121.66986,37.73912],[-121.66865,37.74035],[-121.66758,37.74118],[-121.6672,37.74138],[-121.66559,37.74192],[-121.6607,37.74455],[-121.65946,37.74593],[-121.65857,37.74637],[-121.65792,37.74656],[-121.65552,37.74668],[-121.65441,37.74649],[-121.65314,37.74559],[-121.65198,37.74505],[-121.65135,37.74484],[-121.64995,37.74463],[-121.64886,37.7442],[-121.64794,37.74397],[-121.64353,37.74469],[-121.63929,37.74468],[-121.63659,37.74512],[-121.63461,37.74505],[-121.63007,37.74519],[-121.62951,37.74513],[-121.62622,37.74371],[-121.62443,37.74211],[-121.62403,37.74189],[-121.62369,37.74172],[-121.62211,37.74129],[-121.62125,37.74114],[-121.61732,37.74093],[-121.61471,37.7411],[-121.61134,37.74084],[-121.60997,37.74095],[-121.6076,37.74163],[-121.60102,37.74458],[-121.60019,37.74485],[-121.59883,37.74491],[-121.59634,37.74478],[-121.59482,37.74465],[-121.59252,37.74423],[-121.59061,37.74444],[-121.58848,37.74446],[-121.58673,37.74473],[-121.58559,37.74518],[-121.58428,37.74604],[-121.58401,37.74603]]]}},{"type":"Feature","properties":{"id":"tesla-corral-hollow","name":"Tesla Road & Corral Hollow Road","difficulty":2,"character":"Medium speed"},"geometry":{"type":"MultiLineString","coordinates":[[[-121.74209,37.66522],[-121.6979,37.66501],[-121.69703,37.66504],[-121.69536,37.66528],[-121.68611,37.66525],[-121.68566,37.66505],[-121.68491,37.66445],[-121.68442,37.66429],[-121.67814,37.66305],[-121.67725,37.663],[-121.67527,37.66317],[-121.67441,37.66302],[-121.6737,37.66273],[-121.67309,37.66234],[-121.6725,37.66178],[-121.67,37.6593],[-121.6694,37.65855],[-121.66915,37.65789],[-121.66841,37.65356],[-121.6681,37.65295],[-121.66756,37.65249],[-121.66414,37.65082],[-121.66324,37.65051],[-121.66096,37.65045],[-121.65756,37.65059],[-121.65672,37.65053],[-121.65501,37.65024],[-121.6493,37.64687],[-121.64747,37.64555],[-121.6452,37.6433],[-121.64379,37.6429],[-121.64008,37.64142],[-121.63935,37.64136],[-121.63879,37.64145],[-121.63419,37.64294],[-121.6308,37.64442],[-121.62988,37.64516],[-121.6284,37.64568],[-121.62574,37.64593],[-121.62207,37.64662],[-121.61739,37.64908],[-121.61624,37.6495],[-121.61514,37.65009],[-121.61502,37.65025],[-121.61472,37.65146],[-121.61437,37.65173],[-121.61406,37.65174],[-121.61368,37.65152],[-121.61231,37.65002],[-121.6106,37.64921],[-121.61037,37.64877],[-121.61046,37.64827],[-121.61039,37.64807],[-121.61001,37.64779],[-121.6095,37.64765],[-121.60865,37.64785],[-121.60836,37.64807],[-121.60809,37.64945],[-121.60829,37.64987],[-121.60831,37.65023],[-121.60803,37.65062],[-121.60767,37.65074],[-121.60725,37.65075],[-121.60581,37.65053],[-121.60421,37.65093],[-121.60309,37.65092],[-121.60235,37.65067],[-121.60114,37.65044],[-121.60068,37.65017],[-121.60048,37.64979],[-121.60052,37.6495],[-121.60151,37.64907],[-121.6016,37.6489],[-121.60153,37.64872],[-121.60128,37.64861],[-121.60035,37.64852],[-121.59943,37.64853],[-121.59906,37.64832],[-121.59851,37.64735],[-121.59851,37.64709],[-121.5987,37.64665],[-121.59808,37.64531],[-121.59805,37.6447],[-121.59767,37.64441],[-121.59749,37.64394],[-121.5962,37.64308],[-121.59559,37.64203],[-121.59423,37.64104],[-121.59385,37.64052],[-121.59363,37.64039],[-121.59323,37.64041],[-121.59263,37.6406],[-121.59162,37.64149],[-121.59109,37.64161],[-121.5898,37.64134],[-121.58842,37.64041],[-121.58622,37.63971],[-121.58502,37.63913],[-121.58115,37.6384],[-121.57917,37.63825],[-121.57657,37.63767],[-121.57519,37.63757],[-121.57396,37.63768],[-121.57275,37.63798],[-121.57088,37.63868],[-121.56993,37.63875],[-121.56925,37.6386],[-121.56721,37.63786],[-121.56365,37.63696],[-121.55777,37.63622],[-121.55484,37.63536],[-121.55225,37.63519],[-121.54891,37.63518],[-121.54816,37.63511],[-121.54452,37.63424],[-121.53782,37.63187],[-121.53669,37.6314],[-121.53454,37.6303],[-121.53375,37.63001],[-121.52882,37.62893],[-121.5275,37.6288]]]}},{"type":"Feature","properties":{"id":"marsh-creek","name":"Marsh Creek Road","difficulty":2,"character":"Medium speed"},"geometry":{"type":"MultiLineString","coordinates":[[[-121.93429,37.94224],[-121.93416,37.94174],[-121.9336,37.94077],[-121.93341,37.93781],[-121.93287,37.93623],[-121.93236,37.93544],[-121.93131,37.93459],[-121.93048,37.93421],[-121.92916,37.93392],[-121.92729,37.9339],[-121.92629,37.93375],[-121.92555,37.93343],[-121.92421,37.93259],[-121.92321,37.93224],[-121.92352,37.93094],[-121.92328,37.92973],[-121.92309,37.92931],[-121.92269,37.92881],[-121.92204,37.92812],[-121.92139,37.92762],[-121.92009,37.92693],[-121.91837,37.92622],[-121.91443,37.92482],[-121.90961,37.92393],[-121.90675,37.92287],[-121.90441,37.92217],[-121.90325,37.92191],[-121.90244,37.92161],[-121.89919,37.92019],[-121.89719,37.91944],[-121.89663,37.91904],[-121.89533,37.91779],[-121.89243,37.91589],[-121.89147,37.91542],[-121.8875,37.91407],[-121.88701,37.9138],[-121.88535,37.9125],[-121.88459,37.91223],[-121.88253,37.91223],[-121.88205,37.91209],[-121.88139,37.91162],[-121.88013,37.91102],[-121.87898,37.90979],[-121.87847,37.90939],[-121.8775,37.90891],[-121.87639,37.90854],[-121.87618,37.90825],[-121.87612,37.90759],[-121.87598,37.90739],[-121.87456,37.90654],[-121.87388,37.90561],[-121.87203,37.90422],[-121.87134,37.90332],[-121.86943,37.90235],[-121.86853,37.90208],[-121.86701,37.90109],[-121.86527,37.90034],[-121.86405,37.90015],[-121.86212,37.90012],[-121.86158,37.89982],[-121.86077,37.89898],[-121.86011,37.89742],[-121.8589,37.89659],[-121.85767,37.89487],[-121.85685,37.89418],[-121.85601,37.89391],[-121.85325,37.89339],[-121.85253,37.89318],[-121.85036,37.89203],[-121.8487,37.89155],[-121.8477,37.89111],[-121.84718,37.89034],[-121.84696,37.88937],[-121.84672,37.88906],[-121.84449,37.88727],[-121.84361,37.88633],[-121.84298,37.8858],[-121.84212,37.88557],[-121.84174,37.88565],[-121.84052,37.88629],[-121.8401,37.88635],[-121.83913,37.88611],[-121.83814,37.8856],[-121.83726,37.88527],[-121.83669,37.88515],[-121.83413,37.88529],[-121.83351,37.88522],[-121.83285,37.88506],[-121.83236,37.88483],[-121.83176,37.88474],[-121.83112,37.88488],[-121.83025,37.88547],[-121.82967,37.88563],[-121.82905,37.88558],[-121.82798,37.88516],[-121.82731,37.88519],[-121.82686,37.88537],[-121.82506,37.88672],[-121.82435,37.88691],[-121.82358,37.88673],[-121.82302,37.88644],[-121.82211,37.88518],[-121.82165,37.8848],[-121.82126,37.88471],[-121.82035,37.88482],[-121.81902,37.88472],[-121.81872,37.88487],[-121.81856,37.88513],[-121.81813,37.88722],[-121.81794,37.8875],[-121.81759,37.88773],[-121.81718,37.88782],[-121.81573,37.88777],[-121.8152,37.88761],[-121.81434,37.88713],[-121.81374,37.88709],[-121.81248,37.88743],[-121.81077,37.88854],[-121.81018,37.88882],[-121.8095,37.88969],[-121.80803,37.89059],[-121.80648,37.89073],[-121.80464,37.89071],[-121.80404,37.89091],[-121.8031,37.89152],[-121.80253,37.89165],[-121.80199,37.89155],[-121.80101,37.89099],[-121.8003,37.89102],[-121.79983,37.89132],[-121.79851,37.89326],[-121.79748,37.8938],[-121.79659,37.89446],[-121.79613,37.8946],[-121.79576,37.8946],[-121.79528,37.89439],[-121.79145,37.89145],[-121.79045,37.89108],[-121.78973,37.89059],[-121.78461,37.88649],[-121.78002,37.88372],[-121.77948,37.88351],[-121.7774,37.88198],[-121.77577,37.88099],[-121.77371,37.8801],[-121.76722,37.87785],[-121.76631,37.87707],[-121.7635,37.87525],[-121.76272,37.87499],[-121.76137,37.87482],[-121.76032,37.87444],[-121.75997,37.87421],[-121.75921,37.87344],[-121.75693,37.8719],[-121.75498,37.87104],[-121.75128,37.87022],[-121.74706,37.86946],[-121.74624,37.86942],[-121.74535,37.8696],[-121.74342,37.87051],[-121.74229,37.87077],[-121.73759,37.87085],[-121.7369,37.87076],[-121.73534,37.87037],[-121.73316,37.87057],[-121.73253,37.87072],[-121.72938,37.87218],[-121.72425,37.87414],[-121.72382,37.87452],[-121.72357,37.87515],[-121.72354,37.88477],[-121.72333,37.88544],[-121.72108,37.88895],[-121.72048,37.89141],[-121.71989,37.89259],[-121.719,37.89373],[-121.71802,37.89443],[-121.71718,37.89468],[-121.71468,37.89508],[-121.71124,37.89622],[-121.71035,37.89632],[-121.70862,37.89635],[-121.70044,37.89633],[-121.68639,37.89645],[-121.68378,37.8964],[-121.67437,37.89652],[-121.62301,37.8964]]]}},{"type":"Feature","properties":{"id":"skyline-oakland","name":"Skyline Boulevard \u00b7 Oakland","difficulty":2,"character":"Low speed"},"geometry":{"type":"MultiLineString","coordinates":[[[-122.11855,37.75401],[-122.1185,37.75429],[-122.11921,37.75531],[-122.12162,37.75818],[-122.122,37.75955],[-122.12297,37.76039],[-122.12313,37.76119],[-122.12384,37.76194],[-122.12474,37.76344],[-122.12523,37.76505],[-122.12691,37.76812],[-122.1285,37.76935],[-122.12976,37.77136],[-122.13169,37.77319],[-122.13197,37.77364],[-122.13249,37.77498],[-122.13312,37.77574],[-122.13532,37.77756],[-122.14087,37.78086],[-122.14143,37.78129],[-122.14178,37.78199],[-122.14198,37.78464],[-122.14232,37.78513],[-122.14281,37.78539],[-122.14341,37.78545],[-122.14455,37.78513],[-122.14507,37.78518],[-122.14544,37.78539],[-122.14582,37.78585],[-122.14625,37.78614],[-122.14869,37.78674],[-122.14911,37.78704],[-122.14943,37.7875],[-122.14966,37.78902],[-122.14988,37.78933],[-122.15104,37.78993],[-122.15186,37.79115],[-122.15296,37.79168],[-122.15381,37.79236],[-122.15472,37.79262],[-122.15529,37.79259],[-122.15634,37.79235],[-122.15697,37.7924],[-122.15735,37.79256],[-122.15785,37.79305],[-122.1583,37.79433],[-122.15882,37.79481],[-122.16199,37.79603],[-122.16415,37.79797],[-122.16475,37.7983],[-122.16535,37.79846],[-122.16593,37.7985],[-122.16772,37.79831],[-122.16834,37.79834],[-122.17145,37.79939],[-122.17515,37.80151],[-122.17884,37.80454],[-122.17918,37.805],[-122.17888,37.80508],[-122.17842,37.80546],[-122.17827,37.80586],[-122.17843,37.80622],[-122.17895,37.80672],[-122.179,37.80696],[-122.1789,37.80712],[-122.17835,37.8075],[-122.17848,37.80765],[-122.17917,37.80778],[-122.17922,37.808],[-122.17904,37.80804],[-122.17647,37.8072],[-122.17583,37.80732],[-122.17551,37.80765],[-122.17544,37.80827],[-122.17491,37.80941],[-122.17483,37.80986],[-122.17496,37.81038],[-122.17584,37.81153],[-122.17588,37.81195],[-122.17571,37.81262],[-122.17579,37.81314],[-122.1761,37.8135],[-122.17773,37.81484],[-122.18006,37.81595],[-122.18032,37.81628],[-122.18048,37.81725],[-122.18073,37.81767],[-122.18123,37.81804],[-122.18198,37.81823],[-122.18253,37.81848],[-122.18305,37.81912],[-122.18373,37.81953],[-122.18406,37.81966],[-122.1843,37.81961],[-122.1844,37.81943],[-122.18416,37.81905],[-122.18417,37.81883],[-122.18437,37.8187],[-122.18477,37.81866],[-122.18505,37.81872],[-122.18532,37.8193],[-122.18586,37.81961],[-122.1863,37.81953],[-122.18677,37.81889],[-122.18719,37.8187],[-122.18756,37.81881],[-122.18835,37.81933],[-122.18847,37.81949],[-122.18833,37.81983],[-122.18783,37.81999],[-122.1877,37.82012],[-122.18703,37.82146],[-122.1872,37.8223],[-122.18694,37.82334],[-122.18695,37.82397],[-122.18683,37.82448],[-122.1869,37.82464],[-122.18737,37.82502],[-122.18756,37.82586],[-122.18777,37.82619],[-122.18808,37.82647],[-122.18864,37.82644],[-122.18884,37.82652],[-122.18916,37.82736],[-122.18904,37.82753],[-122.18812,37.82772],[-122.18791,37.82787],[-122.18783,37.8286],[-122.18795,37.82923],[-122.1877,37.82969],[-122.18812,37.83011],[-122.18816,37.83035],[-122.18759,37.83067],[-122.18709,37.83045],[-122.18687,37.83047],[-122.18569,37.83136],[-122.18576,37.83217],[-122.186,37.8326],[-122.18601,37.83302],[-122.18644,37.83354],[-122.18634,37.83387],[-122.18639,37.83419],[-122.18617,37.83434],[-122.18515,37.8344],[-122.18452,37.83485],[-122.18447,37.83506],[-122.18486,37.83543],[-122.18484,37.83592],[-122.18539,37.8362],[-122.18581,37.83655],[-122.18656,37.83657],[-122.18736,37.83699],[-122.18787,37.83696],[-122.18837,37.83712],[-122.18911,37.83694],[-122.18938,37.83696],[-122.18981,37.83729],[-122.19052,37.83754],[-122.19104,37.83761],[-122.19131,37.83792],[-122.19179,37.83812],[-122.19259,37.83871],[-122.19346,37.8388],[-122.19391,37.83932],[-122.19655,37.83991],[-122.19787,37.84031],[-122.1986,37.8413],[-122.19854,37.84143],[-122.19815,37.84161],[-122.19797,37.84179],[-122.19791,37.84255],[-122.19766,37.84264],[-122.19544,37.84277],[-122.19525,37.84292],[-122.19531,37.84322],[-122.19551,37.84344],[-122.19637,37.84385],[-122.1966,37.84406],[-122.19657,37.84508],[-122.19685,37.84582],[-122.19744,37.84622],[-122.19871,37.84741],[-122.19947,37.84742],[-122.20057,37.84758],[-122.20147,37.84788],[-122.20184,37.84846],[-122.20293,37.84926],[-122.20387,37.85074],[-122.20475,37.85057],[-122.20568,37.85067],[-122.20635,37.85054],[-122.20656,37.85063],[-122.2069,37.8511],[-122.20815,37.85127],[-122.20854,37.85111],[-122.20863,37.8504],[-122.20887,37.85024],[-122.20994,37.8508],[-122.21017,37.85126],[-122.21037,37.85138],[-122.21117,37.85125],[-122.21176,37.85096],[-122.21201,37.85097],[-122.21236,37.85162],[-122.21219,37.85224],[-122.21232,37.8525],[-122.2127,37.85274],[-122.21337,37.85293],[-122.21442,37.85289],[-122.2146,37.85297],[-122.21451,37.85322],[-122.21397,37.85355],[-122.21315,37.85379],[-122.21287,37.85399],[-122.21269,37.85428],[-122.21279,37.8547],[-122.21361,37.8554],[-122.21403,37.85564],[-122.21419,37.85613]]]}},{"type":"Feature","properties":{"id":"del-puerto-canyon","name":"Del Puerto Canyon Road","difficulty":3,"character":"Technical"},"geometry":{"type":"MultiLineString","coordinates":[[[-121.49039,37.39175],[-121.48949,37.39152],[-121.48852,37.39087],[-121.487,37.39051],[-121.48633,37.39047],[-121.48523,37.39096],[-121.48469,37.39099],[-121.48387,37.3907],[-121.48277,37.38983],[-121.48234,37.38961],[-121.48184,37.38958],[-121.48069,37.38987],[-121.48006,37.38992],[-121.47975,37.38983],[-121.47889,37.38933],[-121.47848,37.38923],[-121.47808,37.38925],[-121.47773,37.38941],[-121.47666,37.39012],[-121.4761,37.3908],[-121.47567,37.39098],[-121.47046,37.39048],[-121.46904,37.39],[-121.46861,37.38971],[-121.46545,37.3858],[-121.46357,37.38486],[-121.46208,37.38396],[-121.46111,37.38379],[-121.45787,37.38384],[-121.45709,37.38423],[-121.45613,37.38503],[-121.45507,37.3855],[-121.45364,37.38634],[-121.45331,37.38667],[-121.45315,37.38736],[-121.45299,37.38758],[-121.45276,37.38773],[-121.45206,37.38787],[-121.4518,37.38802],[-121.45124,37.38901],[-121.45065,37.38944],[-121.45064,37.38962],[-121.45091,37.39017],[-121.45054,37.39057],[-121.45043,37.39143],[-121.44984,37.39219],[-121.44971,37.3928],[-121.4492,37.39394],[-121.44921,37.39461],[-121.44864,37.39527],[-121.4479,37.39562],[-121.44752,37.39628],[-121.44634,37.39645],[-121.44601,37.39667],[-121.44543,37.39773],[-121.44533,37.39828],[-121.44445,37.39949],[-121.44387,37.39971],[-121.44288,37.40046],[-121.44191,37.40084],[-121.4411,37.40086],[-121.44055,37.40104],[-121.43929,37.40171],[-121.43814,37.40186],[-121.43783,37.40213],[-121.4377,37.40262],[-121.437,37.40339],[-121.43668,37.404],[-121.43604,37.4044],[-121.43486,37.40468],[-121.43448,37.4049],[-121.43344,37.40526],[-121.43208,37.40505],[-121.43151,37.40484],[-121.43134,37.40487],[-121.43084,37.40589],[-121.43077,37.40656],[-121.43033,37.40692],[-121.42985,37.40756],[-121.42857,37.40994],[-121.42805,37.41036],[-121.42766,37.41041],[-121.42668,37.41025],[-121.4245,37.41026],[-121.42292,37.40999],[-121.42179,37.40964],[-121.42088,37.40961],[-121.41889,37.40973],[-121.41852,37.40964],[-121.41765,37.40907],[-121.41635,37.40877],[-121.4149,37.4089],[-121.41369,37.40884],[-121.41298,37.40896],[-121.41166,37.40846],[-121.41043,37.40859],[-121.40956,37.40858],[-121.40842,37.4096],[-121.4076,37.40993],[-121.40695,37.41119],[-121.40563,37.41226],[-121.40532,37.41235],[-121.40458,37.41221],[-121.40429,37.41225],[-121.4039,37.41252],[-121.40382,37.41308],[-121.40362,37.41332],[-121.4028,37.41344],[-121.40128,37.41341],[-121.39926,37.41484],[-121.3987,37.41504],[-121.39784,37.41509],[-121.39762,37.41518],[-121.397,37.41581],[-121.39607,37.41628],[-121.39542,37.41763],[-121.39498,37.41809],[-121.39459,37.41822],[-121.39257,37.41854],[-121.39165,37.41904],[-121.39098,37.41967],[-121.38946,37.42053],[-121.38613,37.42125],[-121.38469,37.42169],[-121.38317,37.42237],[-121.38248,37.42257],[-121.37977,37.42267],[-121.37888,37.42256],[-121.37629,37.42104],[-121.37508,37.42067],[-121.37414,37.42068],[-121.37276,37.42086],[-121.37223,37.42108],[-121.37168,37.42148],[-121.37131,37.42192],[-121.37047,37.42348],[-121.37009,37.42367],[-121.36928,37.42367],[-121.36686,37.42276],[-121.3663,37.42275],[-121.36529,37.42294],[-121.36454,37.42276],[-121.36286,37.42206],[-121.36081,37.42082],[-121.35981,37.42035],[-121.35808,37.41926],[-121.35696,37.41876],[-121.35654,37.41869],[-121.35486,37.41908],[-121.35314,37.42007],[-121.35263,37.42046],[-121.35166,37.42094],[-121.35103,37.42114],[-121.35041,37.42108],[-121.34915,37.42051],[-121.34823,37.42034],[-121.34448,37.42057],[-121.34387,37.42089],[-121.34343,37.42135],[-121.34294,37.42264],[-121.34274,37.4239],[-121.34153,37.42599],[-121.34086,37.4265],[-121.33911,37.42823],[-121.33686,37.42906],[-121.3365,37.4293],[-121.33642,37.4296],[-121.33647,37.43008],[-121.33696,37.43091],[-121.33682,37.43189],[-121.33701,37.43273],[-121.33605,37.43382],[-121.33604,37.43414],[-121.33632,37.4347],[-121.33588,37.43551],[-121.33576,37.43718],[-121.33586,37.43761],[-121.33617,37.43819],[-121.33598,37.43848],[-121.33543,37.43897],[-121.33408,37.43922],[-121.33308,37.43916],[-121.33292,37.43898],[-121.33285,37.43837],[-121.33217,37.43789],[-121.33162,37.43774],[-121.33086,37.43789],[-121.3296,37.43763],[-121.3294,37.43747],[-121.32874,37.43632],[-121.32854,37.43618],[-121.32774,37.43595],[-121.32722,37.43584],[-121.32619,37.43589],[-121.32566,37.43606],[-121.32503,37.43643],[-121.32479,37.43635],[-121.32412,37.43582],[-121.32349,37.43562],[-121.32307,37.43562],[-121.32226,37.43583],[-121.32177,37.43623],[-121.32163,37.43656],[-121.32148,37.4376],[-121.32127,37.43786],[-121.32098,37.438],[-121.32051,37.4381],[-121.32007,37.43808],[-121.31917,37.43788],[-121.31778,37.43731],[-121.31726,37.43726],[-121.31694,37.43737],[-121.31664,37.43789],[-121.3163,37.43905],[-121.31597,37.43927],[-121.3152,37.43944],[-121.31474,37.43977],[-121.31455,37.44011],[-121.31431,37.44125],[-121.31334,37.4422],[-121.31305,37.44209],[-121.31267,37.44163],[-121.31206,37.44117],[-121.31163,37.44055],[-121.31069,37.43978],[-121.31012,37.43985],[-121.30951,37.44041],[-121.30892,37.44071],[-121.3078,37.44091],[-121.30695,37.44052],[-121.30579,37.43932],[-121.30549,37.43917],[-121.30513,37.43914],[-121.30464,37.43935],[-121.30411,37.44026],[-121.30365,37.44058],[-121.30321,37.44063],[-121.30252,37.44051],[-121.30216,37.44058],[-121.29584,37.44328],[-121.29343,37.44402],[-121.29202,37.44411],[-121.29043,37.44374],[-121.28861,37.44428],[-121.28811,37.4442],[-121.28683,37.4437],[-121.2857,37.44375],[-121.28535,37.44393],[-121.2845,37.44471],[-121.28363,37.44507],[-121.28242,37.44629],[-121.28225,37.44676],[-121.28228,37.44722],[-121.2825,37.44775],[-121.28297,37.44836],[-121.28313,37.44882],[-121.28321,37.4512],[-121.28277,37.45163],[-121.28181,37.45186],[-121.28153,37.45215],[-121.28122,37.45289],[-121.28092,37.4531],[-121.28017,37.45336],[-121.27976,37.45338],[-121.27924,37.45325],[-121.27851,37.45283],[-121.27795,37.45268],[-121.27681,37.45255],[-121.27537,37.45288],[-121.27489,37.45281],[-121.274,37.4525],[-121.27277,37.45264],[-121.27087,37.45354],[-121.26617,37.45358],[-121.26441,37.4529],[-121.26332,37.45232],[-121.26141,37.4509],[-121.26003,37.44932],[-121.25929,37.44879],[-121.25873,37.44859],[-121.25575,37.44802],[-121.25514,37.44802],[-121.2547,37.44828],[-121.25466,37.44848],[-121.25475,37.44861],[-121.25561,37.44903],[-121.25687,37.44942],[-121.25714,37.44975],[-121.25715,37.45013],[-121.25586,37.45215],[-121.25532,37.4536],[-121.25337,37.45537],[-121.25289,37.45599],[-121.25272,37.45643],[-121.25314,37.45709],[-121.25366,37.45755],[-121.25521,37.45799],[-121.25559,37.45851],[-121.25561,37.45894],[-121.25516,37.45941],[-121.25379,37.45985],[-121.25325,37.46018],[-121.25302,37.46071],[-121.2533,37.46123],[-121.25323,37.46144],[-121.25194,37.4616],[-121.25167,37.4618],[-121.25161,37.46206],[-121.25171,37.46287],[-121.25201,37.46341],[-121.25314,37.46463],[-121.25424,37.4652],[-121.2543,37.46534],[-121.25421,37.46553],[-121.25352,37.46613],[-121.25298,37.46615],[-121.25219,37.4658],[-121.25061,37.46475],[-121.2501,37.46465],[-121.2488,37.4652],[-121.24736,37.46565],[-121.24662,37.46633],[-121.24628,37.46653],[-121.24467,37.46678],[-121.24439,37.46698],[-121.24411,37.46756],[-121.2442,37.46899],[-121.24408,37.46937],[-121.24359,37.46989],[-121.24244,37.47045],[-121.24168,37.47122],[-121.24067,37.47198],[-121.24055,37.47233],[-121.24071,37.47313],[-121.24053,37.47334],[-121.23966,37.4735],[-121.23897,37.47377],[-121.23828,37.47433],[-121.23804,37.4743],[-121.23661,37.47364],[-121.23622,37.47359],[-121.23568,37.47368],[-121.23496,37.47409],[-121.23421,37.47503],[-121.23376,37.47523],[-121.23303,37.4754],[-121.23205,37.47533],[-121.23043,37.47503],[-121.22944,37.47509],[-121.22777,37.47584],[-121.22588,37.47762],[-121.22461,37.47754],[-121.22344,37.47706],[-121.22184,37.47691],[-121.22121,37.47701],[-121.21969,37.47753],[-121.21766,37.47802],[-121.21701,37.47804],[-121.21541,37.47788],[-121.21447,37.47816],[-121.21403,37.47839],[-121.21302,37.47923],[-121.21256,37.47977],[-121.21223,37.47997],[-121.21144,37.48012],[-121.21075,37.47999],[-121.21019,37.47968],[-121.20913,37.47854],[-121.2073,37.47714],[-121.20341,37.47434],[-121.20176,37.47346],[-121.20019,37.47192],[-121.19707,37.47058],[-121.19456,37.46906],[-121.19419,37.46867],[-121.19372,37.46774],[-121.19186,37.46601],[-121.19114,37.46501],[-121.19072,37.46462],[-121.18981,37.46423],[-121.188,37.46398],[-121.18426,37.46319],[-121.18382,37.46298],[-121.18357,37.46266]]]}},{"type":"Feature","properties":{"id":"metcalf-san-felipe","name":"Metcalf Road & San Felipe Road","difficulty":3,"character":"Technical"},"geometry":{"type":"MultiLineString","coordinates":[[[-121.79163,37.31388],[-121.79086,37.31321],[-121.78888,37.31238],[-121.7882,37.31184],[-121.78529,37.31009],[-121.78096,37.30861],[-121.77998,37.30804],[-121.77371,37.30146],[-121.7715,37.2994],[-121.76564,37.29149],[-121.7655,37.29105],[-121.76556,37.28979],[-121.76526,37.2885],[-121.76367,37.28699],[-121.76307,37.28592],[-121.76239,37.285],[-121.76167,37.28453],[-121.76069,37.28353],[-121.76011,37.28327],[-121.7595,37.28274],[-121.75913,37.28232],[-121.75865,37.28112],[-121.75704,37.27986],[-121.75661,37.27963],[-121.756,37.27954],[-121.75497,37.27955],[-121.7495,37.27755],[-121.74881,37.27711],[-121.74823,37.27649],[-121.74682,37.27492],[-121.74607,37.27385],[-121.74575,37.27355],[-121.74361,37.27266],[-121.74117,37.27112],[-121.73916,37.26923],[-121.73841,37.26865],[-121.73669,37.26786],[-121.73521,37.26762],[-121.73459,37.26717],[-121.73357,37.2668],[-121.73335,37.26668],[-121.73279,37.26599],[-121.73198,37.26536],[-121.73094,37.26481],[-121.73035,37.26466],[-121.73,37.26471],[-121.7291,37.26463],[-121.72695,37.2638],[-121.72652,37.26348],[-121.72601,37.26328],[-121.72445,37.26304],[-121.72302,37.2627],[-121.72256,37.26242],[-121.72128,37.26208],[-121.71994,37.26143],[-121.71865,37.26126],[-121.71791,37.26086],[-121.7166,37.26062],[-121.71537,37.26055],[-121.71434,37.26021],[-121.71303,37.26022],[-121.71118,37.25983],[-121.71032,37.25973],[-121.70933,37.25976],[-121.70841,37.25928],[-121.70691,37.25873],[-121.70471,37.25818],[-121.70317,37.25739],[-121.70217,37.25727],[-121.6998,37.25653],[-121.69911,37.2566],[-121.69697,37.25749],[-121.696,37.25763],[-121.69558,37.25762],[-121.69532,37.25746],[-121.69521,37.25722],[-121.69511,37.25656],[-121.69478,37.2562],[-121.69392,37.25557],[-121.69333,37.25535],[-121.69226,37.25514],[-121.69148,37.25472],[-121.68976,37.2533],[-121.68843,37.25282],[-121.68798,37.25257],[-121.68661,37.25133],[-121.68499,37.25036],[-121.68429,37.24901],[-121.68381,37.24863],[-121.68367,37.24825],[-121.68368,37.24696],[-121.68373,37.24665],[-121.684,37.24622],[-121.68507,37.24532],[-121.68611,37.2448],[-121.68802,37.24264],[-121.68758,37.24115],[-121.68732,37.24084],[-121.68589,37.23978],[-121.68559,37.23906],[-121.68539,37.23888],[-121.68446,37.23864],[-121.68393,37.23839],[-121.68329,37.23751],[-121.68321,37.23584],[-121.68331,37.23548],[-121.68396,37.23473],[-121.6858,37.23359],[-121.68604,37.23351],[-121.68652,37.23355],[-121.68761,37.2344],[-121.68843,37.23466],[-121.6895,37.23464],[-121.69029,37.23484],[-121.69125,37.23464],[-121.69467,37.23462],[-121.69696,37.2347],[-121.6983,37.23544],[-121.69901,37.23602],[-121.70122,37.23735],[-121.70245,37.23782],[-121.70343,37.23853],[-121.70445,37.23898],[-121.70523,37.23946],[-121.70621,37.23962],[-121.70786,37.24012],[-121.7106,37.24018],[-121.71157,37.24044],[-121.71219,37.24094],[-121.71256,37.24106],[-121.71324,37.24105],[-121.71413,37.24081],[-121.71575,37.23978],[-121.71638,37.23913],[-121.71746,37.23761],[-121.71768,37.23715],[-121.71957,37.23661],[-121.72086,37.23652],[-121.72177,37.23659],[-121.72243,37.2367],[-121.72364,37.23736],[-121.72399,37.23745],[-121.72559,37.23738],[-121.72632,37.23758],[-121.72674,37.2376],[-121.72707,37.23749],[-121.72772,37.23694],[-121.72833,37.23586],[-121.72909,37.23513],[-121.72936,37.23504],[-121.72998,37.23512],[-121.73096,37.23493],[-121.73199,37.23528],[-121.73233,37.23519],[-121.73316,37.23521],[-121.73376,37.23505],[-121.73535,37.2352],[-121.73658,37.23499],[-121.73706,37.23519],[-121.73721,37.23468],[-121.73751,37.23452],[-121.7382,37.23453],[-121.73978,37.23498],[-121.74035,37.23471],[-121.7411,37.23456],[-121.74122,37.23449],[-121.74097,37.2342],[-121.74103,37.23396],[-121.74118,37.23393],[-121.7416,37.23409],[-121.74177,37.23405],[-121.74267,37.23309],[-121.7431,37.23277],[-121.74334,37.23271],[-121.74387,37.2328],[-121.74452,37.23256],[-121.74498,37.23264],[-121.74537,37.23233],[-121.74641,37.23198],[-121.74659,37.23181],[-121.74666,37.23145],[-121.74667,37.2306],[-121.74816,37.22873],[-121.74912,37.22784],[-121.75125,37.22641]]]}},{"type":"Feature","properties":{"id":"almaden-alamitos","name":"Almaden Road & Alamitos Road","difficulty":2,"character":"Low speed"},"geometry":{"type":"MultiLineString","coordinates":[[[-121.84018,37.20443],[-121.84047,37.2037],[-121.84032,37.20336],[-121.83904,37.20207],[-121.83605,37.19985],[-121.83454,37.19882],[-121.82844,37.19534],[-121.82674,37.19411],[-121.82457,37.19275],[-121.81897,37.18886],[-121.81826,37.18819],[-121.81769,37.18681],[-121.81745,37.18574],[-121.81652,37.18419],[-121.81602,37.18303],[-121.81614,37.18197],[-121.81608,37.18094],[-121.8162,37.18039],[-121.81641,37.18004],[-121.81689,37.17972],[-121.81868,37.17928],[-121.82087,37.17815],[-121.82124,37.17779],[-121.82197,37.1766],[-121.82454,37.17436]]]}},{"type":"Feature","properties":{"id":"watsonville-road","name":"Watsonville Road","difficulty":2,"character":"Medium speed"},"geometry":{"type":"MultiLineString","coordinates":[[[-121.63546,37.10775],[-121.63661,37.10663],[-121.63749,37.1056],[-121.64209,37.09955],[-121.64877,37.09106],[-121.64924,37.09061],[-121.65206,37.08874],[-121.65287,37.08797],[-121.65322,37.08743],[-121.65353,37.08628],[-121.65325,37.08387],[-121.65336,37.08292],[-121.65388,37.08189],[-121.65573,37.07901],[-121.66251,37.06227],[-121.66286,37.06034],[-121.66291,37.05945],[-121.66275,37.05881],[-121.66068,37.05456],[-121.66007,37.05384],[-121.65579,37.04992],[-121.65407,37.04806],[-121.65324,37.04591],[-121.65327,37.04541],[-121.65356,37.04445],[-121.65485,37.04232],[-121.65506,37.0418],[-121.65614,37.0378],[-121.65642,37.03499],[-121.65665,37.0344],[-121.65733,37.03351],[-121.65742,37.03258],[-121.65719,37.0318],[-121.65628,37.03034],[-121.65613,37.02963],[-121.65625,37.02718],[-121.65574,37.02551],[-121.65487,37.02389],[-121.65452,37.02364],[-121.65281,37.02296],[-121.65009,37.02145],[-121.64967,37.02116],[-121.64913,37.02058],[-121.64901,37.02005],[-121.64913,37.01941],[-121.6494,37.01902],[-121.65014,37.01844],[-121.65029,37.01821],[-121.65034,37.01346]]]}},{"type":"Feature","properties":{"id":"hecker-pass","name":"Hecker Pass Highway \u00b7 Hwy 152","difficulty":2,"character":"Medium speed"},"geometry":{"type":"MultiLineString","coordinates":[[[-121.59969,37.01323],[-121.60147,37.01274],[-121.60796,37.01193],[-121.61674,37.01187],[-121.61745,37.01184],[-121.61789,37.01171],[-121.6183,37.01186],[-121.62004,37.01187],[-121.62825,37.01164],[-121.62901,37.01171],[-121.62968,37.01189],[-121.6329,37.01325],[-121.63431,37.01346],[-121.64492,37.01354],[-121.65328,37.01341],[-121.65433,37.01329],[-121.65669,37.01249],[-121.66026,37.01194],[-121.66252,37.01115],[-121.66375,37.0106],[-121.66536,37.00967],[-121.66646,37.00871],[-121.66892,37.00512],[-121.66934,37.00483],[-121.67201,37.00408],[-121.67282,37.00328],[-121.67499,37.00306],[-121.67639,37.00332],[-121.67976,37.00362],[-121.68077,37.00391],[-121.68127,37.00392],[-121.68216,37.00375],[-121.68337,37.00315],[-121.6845,37.00276],[-121.68502,37.00238],[-121.68531,37.00203],[-121.68568,37.00097],[-121.68633,36.99982],[-121.68673,36.9987],[-121.68669,36.99782],[-121.68679,36.99746],[-121.68704,36.99702],[-121.68746,36.99657],[-121.68834,36.99586],[-121.68836,36.9956],[-121.68817,36.99514],[-121.6882,36.99471],[-121.68886,36.99296],[-121.68933,36.99235],[-121.68971,36.99206],[-121.69045,36.99176],[-121.69099,36.99165],[-121.69336,36.9915],[-121.6938,36.99137],[-121.69415,36.99118],[-121.69511,36.99021],[-121.69607,36.98976],[-121.69678,36.98957],[-121.69776,36.98959],[-121.69849,36.98975],[-121.69994,36.99035],[-121.70263,36.99185],[-121.70438,36.99197],[-121.70619,36.99226],[-121.70644,36.99244],[-121.70666,36.99308],[-121.70675,36.99377],[-121.70654,36.99425],[-121.70658,36.9945],[-121.70689,36.99475],[-121.70726,36.99489],[-121.70824,36.99504],[-121.71099,36.99459],[-121.71396,36.99475],[-121.71434,36.99484],[-121.71498,36.99542],[-121.71519,36.9959],[-121.71484,36.99662],[-121.71439,36.99709],[-121.71442,36.99727],[-121.71454,36.99734],[-121.71474,36.99731],[-121.71506,36.99712],[-121.7159,36.9963],[-121.71712,36.99601],[-121.71785,36.99565]]]}},{"type":"Feature","properties":{"id":"bailey-avenue","name":"Bailey Avenue","difficulty":1,"character":"Medium speed"},"geometry":{"type":"MultiLineString","coordinates":[[[-121.72007,37.21063],[-121.72061,37.21028],[-121.72568,37.20911],[-121.72656,37.20875],[-121.72778,37.20807],[-121.73136,37.20482],[-121.73658,37.20109],[-121.74411,37.19594],[-121.7472,37.19371],[-121.74789,37.19303],[-121.75297,37.18941],[-121.75583,37.18747],[-121.75772,37.18717],[-121.758,37.18705],[-121.75813,37.18691],[-121.75813,37.1867],[-121.75758,37.18599],[-121.75683,37.18546],[-121.75638,37.18485],[-121.75528,37.18465],[-121.75514,37.18444],[-121.75523,37.18418],[-121.75545,37.18406],[-121.75569,37.18406],[-121.75813,37.18488],[-121.75931,37.18484],[-121.75978,37.18453],[-121.75982,37.18368],[-121.76023,37.18291],[-121.76078,37.18254],[-121.76169,37.18225]]]}},{"type":"Feature","properties":{"id":"felton-empire","name":"Felton Empire Road","difficulty":3,"character":"Technical"},"geometry":{"type":"MultiLineString","coordinates":[[[-122.07328,37.05308],[-122.07446,37.0531],[-122.07497,37.05299],[-122.08143,37.05011],[-122.08298,37.0493],[-122.08419,37.04916],[-122.08501,37.04959],[-122.08547,37.04966],[-122.08705,37.04879],[-122.08764,37.04863],[-122.08838,37.04861],[-122.08917,37.0489],[-122.09002,37.04891],[-122.09057,37.04906],[-122.09213,37.0498],[-122.09274,37.05084],[-122.09524,37.05154],[-122.09533,37.05176],[-122.09519,37.05207],[-122.09379,37.05228],[-122.09347,37.05253],[-122.09347,37.05273],[-122.09363,37.05285],[-122.0957,37.05327],[-122.09687,37.054],[-122.09719,37.05459],[-122.09715,37.05558],[-122.09742,37.05583],[-122.09867,37.05634],[-122.09943,37.05608],[-122.10009,37.05624],[-122.1005,37.0562],[-122.10101,37.05597],[-122.10153,37.05608],[-122.10201,37.05607],[-122.10209,37.05614],[-122.1021,37.05672],[-122.1023,37.05687],[-122.10281,37.057],[-122.10317,37.05733],[-122.10337,37.0578],[-122.10379,37.05809],[-122.10466,37.05792],[-122.10533,37.05797],[-122.10607,37.05785],[-122.10754,37.05795],[-122.10807,37.05843],[-122.10833,37.05898],[-122.10902,37.05978],[-122.1103,37.06011],[-122.11118,37.06016],[-122.11174,37.06063],[-122.11238,37.061],[-122.11284,37.06115],[-122.11301,37.06116],[-122.11309,37.06105],[-122.11275,37.06086],[-122.11256,37.06064],[-122.1124,37.06003],[-122.11342,37.05911],[-122.11444,37.05912],[-122.115,37.05899],[-122.11653,37.05901],[-122.11719,37.05894],[-122.11831,37.05872],[-122.11886,37.05844],[-122.12059,37.05787],[-122.12195,37.05783],[-122.12312,37.05794]]]}},{"type":"Feature","properties":{"id":"lobitos-creek","name":"Lobitos Creek Road","difficulty":3,"character":"Technical"},"geometry":{"type":"MultiLineString","coordinates":[[[-122.40142,37.38399],[-122.40109,37.38398],[-122.40035,37.38425],[-122.39955,37.38509],[-122.39946,37.38544],[-122.39867,37.38635],[-122.39855,37.3868],[-122.39828,37.38703],[-122.39796,37.38783],[-122.3978,37.38893],[-122.39745,37.38983],[-122.39724,37.38992],[-122.39668,37.38996],[-122.39633,37.39017],[-122.39575,37.39097],[-122.39554,37.39175],[-122.39484,37.39216],[-122.39422,37.39291],[-122.39399,37.39344],[-122.39367,37.39376],[-122.39383,37.39441],[-122.39366,37.39476],[-122.39389,37.39497],[-122.3939,37.39514],[-122.39319,37.39543],[-122.39272,37.39591],[-122.39193,37.39632],[-122.39163,37.3963],[-122.39149,37.39612],[-122.39162,37.39592],[-122.39211,37.39558],[-122.39245,37.39432],[-122.39241,37.3942],[-122.3921,37.39403],[-122.39237,37.39362],[-122.39234,37.39336],[-122.39183,37.39299],[-122.39101,37.39326],[-122.39021,37.39314],[-122.38989,37.39317],[-122.38825,37.39355],[-122.38658,37.39348],[-122.3865,37.39336],[-122.3866,37.3932],[-122.3872,37.39293],[-122.38741,37.3926],[-122.38725,37.39245],[-122.38604,37.39212],[-122.38605,37.39196],[-122.38644,37.39172],[-122.38636,37.39155],[-122.38586,37.39141],[-122.38421,37.39126],[-122.38386,37.39112],[-122.38343,37.3907],[-122.38252,37.39067],[-122.38225,37.39079],[-122.38206,37.39107],[-122.38134,37.39162],[-122.38095,37.39156],[-122.38046,37.39125],[-122.38017,37.3912],[-122.37988,37.39127],[-122.37953,37.39157],[-122.37902,37.39168],[-122.37889,37.39209],[-122.37904,37.39313],[-122.37886,37.39362],[-122.37372,37.39703],[-122.37131,37.40034],[-122.37046,37.401],[-122.36974,37.40134],[-122.36944,37.40163],[-122.36946,37.40226],[-122.36853,37.4023],[-122.36787,37.40143],[-122.3673,37.40001],[-122.36655,37.39905],[-122.36665,37.39787],[-122.36684,37.3972],[-122.36667,37.39704],[-122.36643,37.39709],[-122.3662,37.39736],[-122.36576,37.3975],[-122.36542,37.39776],[-122.36471,37.39798],[-122.36411,37.39882],[-122.363,37.39954]]]}},{"type":"Feature","properties":{"id":"star-hill","name":"Star Hill Road & Swett Road","difficulty":3,"character":"Technical"},"geometry":{"type":"MultiLineString","coordinates":[[[-122.32783,37.42212],[-122.32796,37.42202],[-122.32748,37.42151],[-122.32747,37.42111],[-122.32798,37.42097],[-122.32822,37.42073],[-122.32905,37.4204],[-122.32932,37.41938],[-122.32953,37.41915],[-122.33013,37.41881],[-122.33108,37.41896],[-122.33209,37.41861],[-122.33239,37.41843],[-122.33192,37.41813],[-122.33182,37.41796],[-122.33155,37.41677],[-122.3316,37.41636],[-122.33218,37.41581],[-122.33246,37.41522],[-122.33245,37.41497],[-122.33198,37.41434],[-122.33197,37.41411],[-122.33258,37.41341],[-122.33274,37.41266],[-122.3325,37.41229],[-122.33249,37.41202],[-122.33286,37.41146],[-122.33349,37.41003],[-122.33336,37.40933],[-122.3326,37.40794],[-122.33269,37.40755],[-122.333,37.40708],[-122.33306,37.40679],[-122.33293,37.40638],[-122.33322,37.4055],[-122.3332,37.40472],[-122.33339,37.40441],[-122.33337,37.40427],[-122.333,37.4039],[-122.33309,37.40378],[-122.33428,37.40342],[-122.33442,37.40332],[-122.33462,37.40277],[-122.3358,37.40244],[-122.3361,37.40217],[-122.33642,37.40153],[-122.33633,37.40116],[-122.33574,37.40075],[-122.33548,37.4002],[-122.33562,37.39957],[-122.33537,37.399],[-122.33482,37.3987],[-122.33476,37.39842],[-122.3349,37.39789],[-122.33482,37.39764],[-122.33386,37.39744],[-122.33358,37.39763],[-122.33326,37.39764],[-122.33315,37.39745],[-122.33331,37.39696],[-122.33294,37.39629],[-122.33262,37.3961],[-122.3325,37.39578],[-122.33236,37.39576],[-122.33216,37.39595],[-122.3317,37.39593],[-122.33135,37.39641],[-122.33098,37.39656],[-122.32992,37.39667],[-122.32947,37.39663],[-122.32938,37.39653],[-122.32932,37.39614],[-122.32957,37.39587],[-122.33005,37.39576],[-122.33006,37.39529],[-122.33045,37.39478],[-122.33029,37.39427],[-122.33136,37.39351],[-122.33166,37.39293],[-122.33146,37.39262],[-122.33133,37.39198],[-122.33072,37.39174],[-122.33015,37.39129],[-122.32985,37.39084],[-122.32961,37.39071],[-122.32878,37.39063],[-122.32864,37.39044],[-122.32866,37.39012],[-122.32875,37.38985],[-122.32892,37.38969],[-122.32918,37.38962],[-122.33027,37.38979],[-122.33095,37.38978],[-122.33112,37.3897],[-122.33121,37.38949],[-122.33125,37.3886],[-122.33157,37.38829],[-122.33195,37.38814],[-122.33217,37.38782],[-122.33217,37.387],[-122.33225,37.3869]]]}},{"type":"Feature","properties":{"id":"canada-road","name":"Ca\u00f1ada Road","difficulty":1,"character":"Medium speed"},"geometry":{"type":"MultiLineString","coordinates":[[[-122.25397,37.4296],[-122.25589,37.43185],[-122.25715,37.43316],[-122.26771,37.44293],[-122.26889,37.44371],[-122.26918,37.44406],[-122.26972,37.44513],[-122.27011,37.44552],[-122.27199,37.44642],[-122.28667,37.45607],[-122.28739,37.45682],[-122.28863,37.45901],[-122.28927,37.45962],[-122.29026,37.46004],[-122.29242,37.46029],[-122.2935,37.46061],[-122.29574,37.46203],[-122.29738,37.46329],[-122.30038,37.4665],[-122.32017,37.48906],[-122.32133,37.49012],[-122.32573,37.49343],[-122.32639,37.49405],[-122.32679,37.49461],[-122.32709,37.49528],[-122.32756,37.49772],[-122.3278,37.49821],[-122.32824,37.49876],[-122.32906,37.4994],[-122.33021,37.49988],[-122.33133,37.50004],[-122.33312,37.50003],[-122.33375,37.50018],[-122.33445,37.5005],[-122.33502,37.50096],[-122.33536,37.5014],[-122.33557,37.50189],[-122.33581,37.50305],[-122.33644,37.50395],[-122.33716,37.50447],[-122.34034,37.50593],[-122.34103,37.50651],[-122.34137,37.50711]]]}},{"type":"Feature","properties":{"id":"cloverdale-road","name":"Cloverdale Road","difficulty":2,"character":"Medium speed"},"geometry":{"type":"MultiLineString","coordinates":[[[-122.37344,37.25412],[-122.37316,37.25381],[-122.37232,37.25336],[-122.3715,37.25272],[-122.36926,37.24988],[-122.36844,37.24856],[-122.36715,37.24421],[-122.36632,37.2426],[-122.3662,37.24207],[-122.36624,37.24164],[-122.36639,37.24131],[-122.36764,37.23991],[-122.3679,37.23938],[-122.36786,37.23851],[-122.36711,37.23704],[-122.36675,37.23659],[-122.36629,37.23623],[-122.36268,37.2345],[-122.36146,37.23377],[-122.35854,37.23154],[-122.35816,37.23111],[-122.35798,37.23057],[-122.35786,37.22914],[-122.35677,37.22709],[-122.35485,37.22185],[-122.35429,37.22101],[-122.35043,37.21739],[-122.34996,37.21685],[-122.34975,37.21618],[-122.3494,37.21231],[-122.34999,37.20978],[-122.34999,37.2092],[-122.34983,37.20862],[-122.34721,37.20312],[-122.34668,37.20255],[-122.3446,37.20118],[-122.3442,37.20069],[-122.34407,37.20021],[-122.3441,37.19971],[-122.34436,37.19923],[-122.34498,37.19862],[-122.3463,37.19811],[-122.34641,37.19802],[-122.34641,37.19775],[-122.34431,37.19442],[-122.34307,37.19352],[-122.34225,37.19249],[-122.34198,37.19236],[-122.34136,37.19227],[-122.34115,37.19209],[-122.34088,37.19135],[-122.34098,37.1907],[-122.34084,37.19011],[-122.34026,37.18883],[-122.33971,37.1882],[-122.33955,37.18778],[-122.34,37.18688],[-122.3401,37.18639]]]}}]}
