{"type":"FeatureCollection","features":[{"type":"Feature","properties":{"id":"latigo-canyon","name":"Latigo Canyon Road","difficulty":3,"character":"Technical"},"geometry":{"type":"MultiLineString","coordinates":[[[-118.75471,34.03006],[-118.75464,34.03051],[-118.75407,34.03111],[-118.75372,34.0313],[-118.75355,34.03158],[-118.7535,34.03192],[-118.75375,34.0323],[-118.755,34.03346],[-118.75526,34.03432],[-118.7561,34.03486],[-118.75772,34.03496],[-118.75824,34.03487],[-118.75919,34.0352],[-118.75988,34.0351],[-118.76151,34.03521],[-118.76247,34.03519],[-118.76383,34.03542],[-118.76482,34.03604],[-118.76538,34.03686],[-118.76556,34.0375],[-118.76574,34.03763],[-118.76593,34.03757],[-118.76599,34.03737],[-118.76582,34.03645],[-118.76557,34.03595],[-118.76567,34.03575],[-118.76755,34.03593],[-118.76839,34.03588],[-118.76858,34.03592],[-118.76896,34.03627],[-118.76934,34.03641],[-118.76944,34.0369],[-118.76973,34.03749],[-118.77022,34.03776],[-118.77069,34.03786],[-118.77088,34.03803],[-118.77098,34.03817],[-118.77092,34.03841],[-118.77058,34.03854],[-118.77045,34.03851],[-118.77008,34.03813],[-118.76966,34.03808],[-118.76901,34.03775],[-118.76883,34.03703],[-118.76861,34.0369],[-118.7675,34.03704],[-118.76729,34.03719],[-118.76728,34.03732],[-118.76744,34.03752],[-118.76803,34.03786],[-118.76902,34.03906],[-118.76922,34.03917],[-118.77116,34.03957],[-118.77125,34.03993],[-118.7711,34.04027],[-118.77077,34.04062],[-118.77072,34.04088],[-118.77138,34.04123],[-118.77199,34.04113],[-118.77233,34.04128],[-118.77286,34.04175],[-118.77346,34.04209],[-118.77439,34.04311],[-118.7742,34.04381],[-118.77458,34.04517],[-118.77405,34.04558],[-118.77398,34.04595],[-118.77461,34.04705],[-118.77468,34.04774],[-118.77403,34.04917],[-118.77409,34.04944],[-118.77447,34.04988],[-118.7745,34.05056],[-118.77422,34.05179],[-118.77436,34.05329],[-118.77409,34.05402],[-118.77424,34.05441],[-118.7748,34.05502],[-118.77493,34.05531],[-118.77493,34.05607],[-118.77473,34.05661],[-118.7748,34.05722],[-118.77504,34.05753],[-118.77512,34.05784],[-118.77577,34.0584],[-118.77634,34.05937],[-118.77698,34.06016],[-118.77699,34.06037],[-118.77659,34.06054],[-118.7765,34.06072],[-118.77659,34.06087],[-118.77717,34.06105],[-118.7772,34.06142],[-118.77769,34.06167],[-118.77789,34.06218],[-118.77784,34.06252],[-118.77807,34.06292],[-118.77792,34.06315],[-118.77795,34.06331],[-118.77829,34.06348],[-118.77861,34.06381],[-118.77884,34.06379],[-118.779,34.06367],[-118.77939,34.06267],[-118.77908,34.0617],[-118.77911,34.06134],[-118.77939,34.06118],[-118.77976,34.0613],[-118.7803,34.06175],[-118.78081,34.06246],[-118.78134,34.06287],[-118.78132,34.06346],[-118.78111,34.06388],[-118.78115,34.06405],[-118.78131,34.06416],[-118.7815,34.06415],[-118.78213,34.06402],[-118.78237,34.06428],[-118.78243,34.06471],[-118.78215,34.06514],[-118.78213,34.06587],[-118.78178,34.06636],[-118.7818,34.06662],[-118.7821,34.06676],[-118.783,34.06662],[-118.78333,34.06689],[-118.78343,34.06734],[-118.78364,34.06761],[-118.78351,34.06774],[-118.78321,34.0677],[-118.78306,34.06716],[-118.78281,34.067],[-118.78149,34.06748],[-118.78109,34.06749],[-118.7808,34.06649],[-118.7805,34.06608],[-118.78018,34.06597],[-118.78,34.06604],[-118.77988,34.06626],[-118.78025,34.06655],[-118.78042,34.06684],[-118.78048,34.0679],[-118.78093,34.06845],[-118.78117,34.06851],[-118.78161,34.06828],[-118.78176,34.06831],[-118.78185,34.06852],[-118.7815,34.06877],[-118.78123,34.06882],[-118.78027,34.06861],[-118.78005,34.06863],[-118.77993,34.06871],[-118.77996,34.06899],[-118.78015,34.06933],[-118.78042,34.06952],[-118.78075,34.06953],[-118.78124,34.06939],[-118.78177,34.06947],[-118.78257,34.06974],[-118.78269,34.0703],[-118.78324,34.0712],[-118.78423,34.07126],[-118.78447,34.07137],[-118.78435,34.0721],[-118.78444,34.07307],[-118.78469,34.07375],[-118.78513,34.07445],[-118.78538,34.07466],[-118.78556,34.07469],[-118.78572,34.07457],[-118.78583,34.07381],[-118.78613,34.07363],[-118.78653,34.07311],[-118.78721,34.07275],[-118.78764,34.07302],[-118.78807,34.07311],[-118.78835,34.07329],[-118.78844,34.07344],[-118.78843,34.07377],[-118.78867,34.07417],[-118.78878,34.07462],[-118.78909,34.07481],[-118.79053,34.07492],[-118.79112,34.07475],[-118.79178,34.07487],[-118.79243,34.07477],[-118.79277,34.07484],[-118.79323,34.07527],[-118.79356,34.07607],[-118.79422,34.0766],[-118.79425,34.07687],[-118.79399,34.0777],[-118.79392,34.07832],[-118.79399,34.07858],[-118.7942,34.07883],[-118.79443,34.07901],[-118.79493,34.07916],[-118.79608,34.0791],[-118.79677,34.07975],[-118.7974,34.0798],[-118.79821,34.08019],[-118.79845,34.08065],[-118.79845,34.0808],[-118.79829,34.08102],[-118.79796,34.08104],[-118.79679,34.08061],[-118.79647,34.08066],[-118.79596,34.08114],[-118.79648,34.08183],[-118.79632,34.08217],[-118.79578,34.08247],[-118.79471,34.08258],[-118.79433,34.08273],[-118.79376,34.08309],[-118.79386,34.0834],[-118.79465,34.08361],[-118.79526,34.08418],[-118.79604,34.08419],[-118.79636,34.08456],[-118.79658,34.08456],[-118.7974,34.08424],[-118.79757,34.08438],[-118.79773,34.08472],[-118.79815,34.08494],[-118.79835,34.08493],[-118.79884,34.08461],[-118.79932,34.08481],[-118.79951,34.08477],[-118.79985,34.08442],[-118.80006,34.08442],[-118.80029,34.08469],[-118.80026,34.0851],[-118.80037,34.08535],[-118.801,34.0854],[-118.80148,34.08584],[-118.80197,34.08606],[-118.80225,34.086],[-118.80248,34.0854],[-118.80264,34.08533],[-118.80328,34.08568],[-118.80396,34.08582],[-118.80422,34.08571],[-118.8046,34.08533],[-118.80511,34.08545],[-118.80569,34.08523],[-118.80623,34.0854],[-118.80641,34.08562],[-118.80653,34.0863],[-118.8067,34.08649],[-118.80747,34.08659],[-118.80787,34.08678],[-118.80849,34.08683],[-118.80883,34.08706],[-118.80865,34.08734],[-118.80793,34.08737],[-118.80759,34.08753],[-118.80752,34.08844],[-118.80759,34.08882],[-118.80805,34.08921],[-118.80885,34.08955],[-118.8091,34.09004],[-118.80982,34.09076],[-118.81048,34.09125],[-118.81155,34.09172],[-118.81186,34.09212],[-118.81209,34.0921],[-118.81227,34.09188],[-118.81219,34.09174],[-118.81174,34.09153],[-118.81137,34.0912],[-118.81136,34.09093],[-118.81158,34.09051],[-118.8118,34.09044],[-118.81196,34.09052],[-118.81223,34.09074],[-118.81235,34.09107],[-118.81258,34.09108],[-118.81395,34.09045],[-118.81417,34.08992],[-118.81452,34.08963],[-118.81544,34.08958]]]}},{"type":"Feature","properties":{"id":"piuma-road","name":"Piuma Road","difficulty":3,"character":"Technical"},"geometry":{"type":"MultiLineString","coordinates":[[[-118.70455,34.08213],[-118.70413,34.08219],[-118.70377,34.0821],[-118.70214,34.08124],[-118.70128,34.08047],[-118.7006,34.07957],[-118.69954,34.07876],[-118.69597,34.07853],[-118.69274,34.07731],[-118.69145,34.07712],[-118.68983,34.07707],[-118.68818,34.07672],[-118.68709,34.07616],[-118.68618,34.07618],[-118.68615,34.07592],[-118.68686,34.07574],[-118.68722,34.07551],[-118.68789,34.07558],[-118.68856,34.07532],[-118.68962,34.0756],[-118.68992,34.07544],[-118.68986,34.07521],[-118.6896,34.07514],[-118.68904,34.07519],[-118.68834,34.075],[-118.6878,34.07511],[-118.68637,34.07447],[-118.68599,34.07398],[-118.6849,34.07324],[-118.68457,34.07313],[-118.68403,34.07314],[-118.68368,34.07316],[-118.6831,34.07335],[-118.68293,34.0732],[-118.683,34.07302],[-118.68482,34.07246],[-118.68633,34.07297],[-118.68688,34.07306],[-118.68708,34.07291],[-118.68716,34.07254],[-118.6874,34.07227],[-118.68834,34.07179],[-118.68909,34.0721],[-118.68934,34.07209],[-118.68985,34.07145],[-118.69028,34.07125],[-118.69084,34.07126],[-118.69143,34.07166],[-118.69297,34.07203],[-118.69344,34.07277],[-118.69413,34.07284],[-118.69428,34.07292],[-118.69438,34.0731],[-118.69435,34.07346],[-118.69452,34.07359],[-118.69535,34.0736],[-118.6958,34.07335],[-118.69615,34.0733],[-118.69712,34.07358],[-118.69731,34.074],[-118.69751,34.07414],[-118.69783,34.07408],[-118.69786,34.07379],[-118.69754,34.07352],[-118.69659,34.073],[-118.69539,34.07261],[-118.69494,34.07201],[-118.6943,34.0717],[-118.69433,34.07101],[-118.69416,34.0707],[-118.69385,34.07062],[-118.69303,34.07063],[-118.69153,34.06953],[-118.6906,34.06941],[-118.68968,34.06864],[-118.68834,34.06832],[-118.68669,34.06893],[-118.68554,34.06892],[-118.6848,34.06874],[-118.68422,34.06889],[-118.68383,34.06886],[-118.68357,34.06869],[-118.68341,34.06811],[-118.68373,34.06751],[-118.68376,34.06729],[-118.68367,34.06699],[-118.6835,34.06684],[-118.68306,34.0667],[-118.68208,34.0666],[-118.68138,34.06629],[-118.68016,34.06601],[-118.67947,34.06554],[-118.67892,34.0653],[-118.67762,34.06516],[-118.67687,34.06528],[-118.67639,34.06505],[-118.67607,34.06501],[-118.6735,34.06534],[-118.67244,34.06596],[-118.67215,34.06637],[-118.67206,34.06667],[-118.67216,34.06822],[-118.67201,34.06829],[-118.67147,34.06822],[-118.67094,34.06802],[-118.67071,34.06806],[-118.67059,34.06823],[-118.67063,34.06878],[-118.67037,34.06922],[-118.66885,34.07004],[-118.66849,34.07008],[-118.6677,34.06988],[-118.66642,34.07035],[-118.66587,34.07034],[-118.66421,34.0697],[-118.66397,34.06945],[-118.66376,34.06898],[-118.66354,34.06882],[-118.66289,34.06884],[-118.66178,34.06912],[-118.6615,34.06933],[-118.66159,34.0701],[-118.66121,34.07048],[-118.66115,34.07078],[-118.66083,34.07114],[-118.66075,34.07156],[-118.66032,34.07194],[-118.66003,34.07203],[-118.6596,34.07203],[-118.65909,34.07184],[-118.65865,34.07185],[-118.65829,34.07194],[-118.65785,34.07223],[-118.65753,34.07224],[-118.65709,34.07198],[-118.65626,34.07121],[-118.65398,34.07042],[-118.65343,34.07001]]]}},{"type":"Feature","properties":{"id":"stunt-road","name":"Stunt Road","difficulty":3,"character":"Technical"},"geometry":{"type":"MultiLineString","coordinates":[[[-118.66,34.10193],[-118.65877,34.10141],[-118.65836,34.10133],[-118.65545,34.10153],[-118.655,34.1015],[-118.65471,34.10139],[-118.65437,34.10104],[-118.65376,34.09989],[-118.65333,34.09851],[-118.65244,34.09767],[-118.65224,34.0973],[-118.65219,34.09647],[-118.65255,34.09565],[-118.65252,34.09533],[-118.65233,34.09508],[-118.65199,34.09487],[-118.65157,34.09481],[-118.65046,34.09515],[-118.64943,34.09525],[-118.64778,34.095],[-118.64736,34.09483],[-118.64716,34.09458],[-118.64711,34.09433],[-118.64725,34.09375],[-118.6475,34.0934],[-118.64788,34.09332],[-118.64905,34.0939],[-118.64955,34.09394],[-118.64975,34.0938],[-118.65006,34.09333],[-118.65067,34.09314],[-118.65123,34.09283],[-118.65177,34.09274],[-118.65223,34.09246],[-118.6524,34.09226],[-118.65248,34.09161],[-118.65317,34.09114],[-118.65343,34.09051],[-118.65373,34.09031],[-118.65489,34.09031],[-118.65597,34.09073],[-118.65706,34.09072],[-118.65785,34.09099],[-118.65834,34.09099],[-118.65896,34.0908],[-118.65934,34.09054],[-118.66022,34.08963],[-118.6606,34.08884],[-118.66097,34.08838],[-118.66132,34.08832],[-118.66239,34.08847],[-118.66351,34.08837],[-118.6638,34.08822],[-118.66494,34.08716],[-118.66502,34.08697],[-118.66488,34.08666],[-118.66457,34.08652],[-118.66378,34.08677],[-118.66353,34.08677],[-118.66035,34.08602],[-118.65974,34.08595],[-118.65772,34.08616],[-118.65735,34.08587],[-118.65698,34.08516],[-118.65659,34.08498],[-118.65495,34.08501],[-118.65388,34.08527],[-118.6531,34.08517],[-118.65275,34.08493],[-118.65174,34.08383],[-118.65072,34.08354],[-118.65042,34.08333],[-118.65021,34.08213],[-118.65075,34.08146],[-118.65087,34.08112],[-118.65074,34.08072],[-118.65044,34.08048],[-118.64982,34.08042],[-118.64736,34.08082],[-118.64603,34.08117],[-118.64574,34.08111]]]}},{"type":"Feature","properties":{"id":"schueren-saddle-peak","name":"Schueren / Saddle Peak connector","difficulty":3,"character":"Technical"},"geometry":{"type":"MultiLineString","coordinates":[[[-118.64574,34.08111],[-118.64738,34.08007],[-118.64881,34.07938],[-118.64902,34.07917],[-118.64906,34.07896],[-118.6488,34.07857],[-118.6484,34.0785],[-118.64657,34.07922],[-118.646,34.07935],[-118.64528,34.07938],[-118.64432,34.07921],[-118.643,34.07872],[-118.64289,34.07844],[-118.64299,34.07806],[-118.64359,34.07749],[-118.64411,34.07617],[-118.64473,34.07556],[-118.64498,34.07465],[-118.64517,34.07446],[-118.64549,34.07435],[-118.64705,34.07431],[-118.64896,34.07469],[-118.64983,34.07462],[-118.65065,34.07473],[-118.65153,34.07511],[-118.65195,34.07505],[-118.65215,34.07487],[-118.65218,34.07455],[-118.65191,34.07396],[-118.65147,34.07352],[-118.65144,34.07319],[-118.6516,34.07298],[-118.65224,34.0727],[-118.65252,34.07245],[-118.65265,34.0719],[-118.65236,34.07129],[-118.65238,34.07094],[-118.65286,34.07021],[-118.65343,34.07001]]]}},{"type":"Feature","properties":{"id":"decker-canyon","name":"Decker Road \u00b7 SR 23","difficulty":3,"character":"Technical"},"geometry":{"type":"MultiLineString","coordinates":[[[-118.89441,34.04147],[-118.8945,34.04176],[-118.89523,34.04189],[-118.89601,34.04235],[-118.89658,34.04331],[-118.89669,34.04406],[-118.89692,34.04469],[-118.8978,34.04573],[-118.89767,34.04648],[-118.89789,34.04721],[-118.89749,34.04768],[-118.89742,34.04801],[-118.89755,34.04848],[-118.89781,34.04883],[-118.89762,34.04882],[-118.89734,34.04856],[-118.89696,34.04785],[-118.89682,34.04783],[-118.89679,34.04794],[-118.89714,34.04887],[-118.8974,34.04921],[-118.89761,34.05008],[-118.89823,34.0508],[-118.89914,34.05132],[-118.89934,34.05171],[-118.89928,34.05214],[-118.8991,34.0524],[-118.89827,34.05276],[-118.89813,34.05302],[-118.8978,34.0532],[-118.89807,34.0539],[-118.89852,34.05418],[-118.89859,34.05448],[-118.89793,34.0551],[-118.89672,34.05542],[-118.89619,34.05598],[-118.89632,34.05616],[-118.89673,34.05621],[-118.89737,34.0567],[-118.89741,34.05698],[-118.8969,34.05799],[-118.89707,34.05806],[-118.89746,34.05788],[-118.89757,34.05799],[-118.89723,34.05882],[-118.8973,34.0596],[-118.89696,34.06119],[-118.89703,34.06199],[-118.8968,34.06337],[-118.89641,34.0638],[-118.89603,34.06463],[-118.89582,34.06548],[-118.89526,34.066],[-118.8953,34.06643],[-118.89506,34.06677],[-118.89493,34.06722],[-118.89453,34.06747],[-118.89427,34.06821],[-118.8939,34.06848],[-118.89322,34.06864],[-118.89325,34.06879],[-118.89383,34.06947],[-118.89375,34.06975],[-118.89244,34.07019],[-118.89179,34.07013],[-118.89073,34.07045],[-118.89064,34.07073],[-118.8911,34.07121],[-118.89115,34.07138],[-118.89086,34.07201],[-118.89072,34.07213],[-118.89052,34.07221],[-118.88937,34.07227],[-118.88886,34.07222],[-118.88871,34.07241],[-118.88879,34.07274],[-118.88867,34.07283],[-118.88803,34.07257],[-118.8878,34.07258],[-118.88759,34.07297],[-118.88692,34.07293],[-118.88592,34.07331],[-118.88546,34.0737],[-118.88466,34.07392],[-118.88423,34.07452],[-118.88279,34.07493],[-118.88237,34.07513],[-118.88186,34.07569],[-118.88136,34.07679],[-118.88051,34.07731],[-118.87975,34.07764],[-118.8788,34.07842],[-118.87866,34.07868],[-118.87894,34.07955],[-118.87891,34.07973],[-118.87829,34.08024],[-118.87792,34.08087],[-118.87803,34.08143],[-118.87794,34.08222],[-118.87821,34.08322],[-118.87816,34.08351],[-118.87777,34.08387],[-118.87738,34.08478],[-118.87681,34.08538],[-118.87619,34.08628],[-118.8759,34.08648],[-118.87495,34.08679],[-118.87471,34.08698],[-118.87388,34.08813],[-118.87341,34.08857]]]}},{"type":"Feature","properties":{"id":"encinal-canyon","name":"Encinal Canyon Road","difficulty":2,"character":"Medium speed"},"geometry":{"type":"MultiLineString","coordinates":[[[-118.88525,34.04036],[-118.88529,34.04065],[-118.88547,34.04084],[-118.88598,34.04113],[-118.89139,34.04229],[-118.89204,34.04251],[-118.89239,34.0428],[-118.89259,34.04322],[-118.8926,34.04365],[-118.89238,34.04408],[-118.89183,34.04443],[-118.89136,34.04452],[-118.88825,34.04433],[-118.8859,34.04389],[-118.88476,34.04388],[-118.88061,34.04418],[-118.87965,34.04409],[-118.87717,34.04361],[-118.87655,34.04365],[-118.87626,34.04378],[-118.87575,34.04423],[-118.87505,34.0452],[-118.87479,34.04577],[-118.87481,34.04645],[-118.87529,34.04803],[-118.87524,34.04867],[-118.87499,34.04915],[-118.87451,34.04958],[-118.87317,34.05025],[-118.8722,34.05126],[-118.87094,34.05195],[-118.87019,34.05279],[-118.86954,34.05494],[-118.86963,34.05687],[-118.86954,34.05764],[-118.8693,34.05834],[-118.86843,34.06007],[-118.86841,34.06057],[-118.86854,34.06093],[-118.86955,34.06229],[-118.87,34.06267],[-118.87112,34.06329],[-118.87145,34.06379],[-118.87174,34.06475],[-118.87208,34.06506],[-118.87272,34.06528],[-118.87345,34.06517],[-118.8739,34.06487],[-118.87412,34.06454],[-118.8742,34.06407],[-118.87409,34.06167],[-118.87421,34.06124],[-118.87448,34.06092],[-118.87525,34.06056],[-118.87592,34.06057],[-118.87659,34.06086],[-118.87695,34.06131],[-118.87707,34.06176],[-118.877,34.06216],[-118.87626,34.06324],[-118.87604,34.06373],[-118.87611,34.06536],[-118.87586,34.06581],[-118.87534,34.06625],[-118.87516,34.06666],[-118.87524,34.06717],[-118.87572,34.06802],[-118.8759,34.06889],[-118.87546,34.07069],[-118.87511,34.07395],[-118.87524,34.07458],[-118.8757,34.07541],[-118.87711,34.07658],[-118.87769,34.07746],[-118.87616,34.07801],[-118.87574,34.07825],[-118.87528,34.07866],[-118.87445,34.08003],[-118.87102,34.08206],[-118.86886,34.0824],[-118.86823,34.08257],[-118.86746,34.08308],[-118.86668,34.08403],[-118.86625,34.08439],[-118.86516,34.08489],[-118.86414,34.08502],[-118.86153,34.08504],[-118.86073,34.08521],[-118.86003,34.0857],[-118.85904,34.08705],[-118.85839,34.08741],[-118.85775,34.08749],[-118.85543,34.08751],[-118.85199,34.08745],[-118.85101,34.08713],[-118.84904,34.08587],[-118.84833,34.08567],[-118.84738,34.08572],[-118.84683,34.08589],[-118.84287,34.08786],[-118.842,34.08791],[-118.84017,34.0875],[-118.83961,34.08762],[-118.83924,34.08783],[-118.8389,34.08834],[-118.83899,34.08996],[-118.83872,34.09049],[-118.83829,34.09089],[-118.83783,34.09112],[-118.83392,34.09229],[-118.83193,34.09234],[-118.83124,34.09249],[-118.82844,34.09426]]]}},{"type":"Feature","properties":{"id":"mulholland-highway-malibu","name":"Mulholland Highway \u00b7 Malibu mountains","difficulty":2,"character":"Medium speed"},"geometry":{"type":"MultiLineString","coordinates":[[[-118.87341,34.08857],[-118.8727,34.08899],[-118.87105,34.08935],[-118.87093,34.08957],[-118.87099,34.09021],[-118.87,34.09112],[-118.86949,34.0913],[-118.8688,34.09131],[-118.8672,34.09166],[-118.86575,34.09175],[-118.86519,34.09246],[-118.864,34.09308],[-118.86336,34.09394],[-118.86314,34.09483],[-118.86249,34.09553],[-118.86328,34.09662],[-118.86326,34.09679],[-118.86299,34.09697],[-118.86296,34.0972],[-118.86306,34.09752],[-118.86346,34.0979],[-118.86351,34.09807],[-118.86326,34.09825],[-118.8631,34.09854],[-118.86207,34.09888],[-118.86189,34.09955],[-118.86176,34.09973],[-118.8614,34.09992],[-118.86153,34.10014],[-118.86222,34.10031],[-118.8622,34.10047],[-118.86194,34.10074],[-118.86199,34.10094],[-118.86286,34.10135],[-118.86312,34.10162],[-118.86153,34.10265],[-118.86186,34.10293],[-118.86167,34.10325],[-118.86186,34.10346],[-118.86178,34.10361],[-118.861,34.10358],[-118.86046,34.10338],[-118.86016,34.10341],[-118.8599,34.10352],[-118.85932,34.10411],[-118.85874,34.10421],[-118.85843,34.10441],[-118.85751,34.10422],[-118.85613,34.10343],[-118.85536,34.10313],[-118.85483,34.10328],[-118.85369,34.10403],[-118.85278,34.10429],[-118.85201,34.10431],[-118.85105,34.10415],[-118.84972,34.10408],[-118.84628,34.10437],[-118.84549,34.10427],[-118.84519,34.10413],[-118.84504,34.10389],[-118.84558,34.10237],[-118.84551,34.10171],[-118.84509,34.10117],[-118.84332,34.09999],[-118.84299,34.09982],[-118.84152,34.09982],[-118.84039,34.10061],[-118.84016,34.10067],[-118.83852,34.10028],[-118.83824,34.10003],[-118.83807,34.09946],[-118.83763,34.09906],[-118.835,34.09815],[-118.83344,34.0975],[-118.83249,34.09686],[-118.8322,34.09663],[-118.83191,34.09599],[-118.83198,34.09469],[-118.83161,34.09336],[-118.83138,34.09314],[-118.83104,34.09319],[-118.82855,34.09439],[-118.82711,34.09487],[-118.8265,34.09494],[-118.82589,34.09486],[-118.82387,34.09393],[-118.82282,34.09387],[-118.81617,34.0959],[-118.8146,34.09649],[-118.81404,34.09656],[-118.81338,34.09652],[-118.81266,34.09648]]]}},{"type":"Feature","properties":{"id":"pch-malibu","name":"Pacific Coast Highway \u00b7 Malibu","difficulty":1,"character":"Medium speed"},"geometry":{"type":"MultiLineString","coordinates":[[[-118.5793,34.04011],[-118.58042,34.03996],[-118.58388,34.03894],[-118.58467,34.03878],[-118.58556,34.03881],[-118.58795,34.03937],[-118.58947,34.03946],[-118.5919,34.03994],[-118.59342,34.0399],[-118.59487,34.04],[-118.5971,34.03956],[-118.60073,34.03937],[-118.60335,34.03944],[-118.6045,34.03918],[-118.60662,34.03842],[-118.60727,34.03811],[-118.60854,34.03721],[-118.6093,34.03694],[-118.61006,34.03684],[-118.61063,34.03684],[-118.61236,34.03718],[-118.61416,34.03723],[-118.62307,34.03817],[-118.62456,34.03808],[-118.62611,34.03758],[-118.62726,34.03735],[-118.6287,34.03737],[-118.63067,34.0376],[-118.63151,34.03761],[-118.63427,34.03726],[-118.63542,34.03698],[-118.63603,34.03692],[-118.63797,34.03714],[-118.64062,34.03778],[-118.64518,34.03862],[-118.64671,34.03859],[-118.64874,34.03808],[-118.64957,34.03802],[-118.65529,34.03889],[-118.66278,34.0396],[-118.66541,34.03967],[-118.67076,34.03937],[-118.67289,34.03898],[-118.67616,34.03778],[-118.67696,34.0374],[-118.67775,34.03689],[-118.67916,34.03571],[-118.67992,34.03525],[-118.68115,34.03481],[-118.68192,34.03469],[-118.68498,34.03439],[-118.68727,34.03435],[-118.69627,34.03526],[-118.70338,34.03478],[-118.71476,34.03391],[-118.7158,34.03386],[-118.72554,34.03418],[-118.72688,34.03409],[-118.73234,34.03343],[-118.73737,34.03354],[-118.742,34.03331],[-118.74327,34.03313],[-118.74689,34.03228],[-118.74947,34.03143],[-118.75347,34.03046],[-118.75471,34.03006],[-118.75642,34.0293],[-118.76005,34.02727],[-118.76165,34.02662],[-118.76383,34.02607],[-118.76593,34.02582],[-118.77111,34.02564],[-118.77298,34.02566],[-118.7781,34.02596],[-118.77996,34.02583],[-118.78335,34.02504],[-118.78626,34.02426],[-118.79432,34.02091],[-118.7962,34.02049],[-118.7976,34.02043],[-118.79909,34.02057],[-118.8026,34.02151],[-118.80513,34.02218],[-118.80587,34.02229],[-118.80753,34.0223],[-118.80869,34.0221],[-118.81063,34.0214],[-118.81095,34.02121],[-118.81515,34.018],[-118.81589,34.01753],[-118.81669,34.01717],[-118.81778,34.01683],[-118.81911,34.01655],[-118.8209,34.01646],[-118.82231,34.01664],[-118.82352,34.01702],[-118.82455,34.01755],[-118.83048,34.02243],[-118.83136,34.02301],[-118.83478,34.02489],[-118.83647,34.02594],[-118.83857,34.02771],[-118.84213,34.03],[-118.84458,34.03189],[-118.84684,34.03318],[-118.85135,34.03498],[-118.85299,34.03552],[-118.85477,34.0359],[-118.86039,34.03644],[-118.86202,34.03672],[-118.86381,34.03724],[-118.86789,34.03872],[-118.87054,34.0394],[-118.87307,34.03967],[-118.88136,34.03997],[-118.88525,34.04036],[-118.89061,34.04094],[-118.89441,34.04147],[-118.91516,34.04432],[-118.92384,34.04683],[-118.92551,34.04709],[-118.92883,34.04701],[-118.92981,34.04689],[-118.93069,34.04668],[-118.93514,34.04509],[-118.93686,34.04487],[-118.93833,34.04499],[-118.94594,34.04699],[-118.95198,34.04905],[-118.96313,34.05313]]]}},{"type":"Feature","properties":{"id":"angeles-crest-west","name":"Angeles Crest Highway \u00b7 western SR 2","difficulty":2,"character":"Medium speed"},"geometry":{"type":"MultiLineString","coordinates":[[[-118.20007,34.21299],[-118.2001,34.21733],[-118.19988,34.21804],[-118.19953,34.21848],[-118.19905,34.21881],[-118.19846,34.21904],[-118.19796,34.21911],[-118.19644,34.21911],[-118.1954,34.21899],[-118.19385,34.21842],[-118.19292,34.21743],[-118.19211,34.21713],[-118.1902,34.21742],[-118.18978,34.21772],[-118.18957,34.21795],[-118.18944,34.21831],[-118.18944,34.21869],[-118.18958,34.21899],[-118.19002,34.21939],[-118.19273,34.22104],[-118.19297,34.22133],[-118.19309,34.22169],[-118.19295,34.2223],[-118.19276,34.22252],[-118.19229,34.22279],[-118.19058,34.223],[-118.18983,34.22336],[-118.18791,34.22512],[-118.1879,34.22552],[-118.18836,34.22627],[-118.18833,34.22663],[-118.18815,34.22687],[-118.18787,34.22707],[-118.18751,34.22717],[-118.18666,34.22714],[-118.18627,34.22723],[-118.18561,34.2282],[-118.1845,34.22875],[-118.18298,34.22884],[-118.18275,34.22905],[-118.18258,34.22978],[-118.18162,34.23023],[-118.18143,34.2306],[-118.18158,34.23166],[-118.18172,34.23189],[-118.18249,34.23222],[-118.1835,34.23289],[-118.18363,34.23317],[-118.18363,34.23427],[-118.18413,34.23549],[-118.18508,34.23617],[-118.18536,34.23688],[-118.1856,34.2372],[-118.18597,34.23745],[-118.18628,34.23753],[-118.18904,34.23741],[-118.18934,34.23751],[-118.18964,34.23781],[-118.18985,34.2382],[-118.18985,34.23863],[-118.18961,34.23891],[-118.18889,34.23924],[-118.1885,34.23959],[-118.18832,34.24007],[-118.18827,34.2411],[-118.18854,34.24163],[-118.18939,34.24205],[-118.18963,34.24234],[-118.18967,34.24335],[-118.18986,34.24365],[-118.19038,34.24411],[-118.19055,34.24443],[-118.19044,34.24547],[-118.19054,34.24582],[-118.19237,34.24787],[-118.1928,34.24802],[-118.1938,34.24808],[-118.19429,34.24832],[-118.19449,34.24856],[-118.19452,34.24906],[-118.19407,34.24984],[-118.19399,34.25027],[-118.19435,34.25092],[-118.19536,34.25185],[-118.19586,34.25196],[-118.19679,34.25183],[-118.19731,34.25199],[-118.19756,34.25237],[-118.19744,34.25332],[-118.19759,34.25366],[-118.19793,34.25393],[-118.19873,34.25414],[-118.19905,34.25447],[-118.19906,34.25501],[-118.19811,34.25605],[-118.19784,34.25618],[-118.19707,34.25625],[-118.1966,34.25657],[-118.19652,34.25696],[-118.19702,34.25816],[-118.19712,34.25872],[-118.19697,34.25912],[-118.19663,34.25945],[-118.19612,34.25962],[-118.19542,34.25956],[-118.19487,34.25924],[-118.19429,34.25842],[-118.19397,34.25813],[-118.19357,34.258],[-118.19311,34.25805],[-118.19268,34.25832],[-118.19244,34.25866],[-118.19247,34.26001],[-118.19228,34.2603],[-118.1919,34.2605],[-118.19158,34.26054],[-118.18919,34.26025],[-118.18865,34.26034],[-118.18829,34.26062],[-118.18815,34.26089],[-118.18839,34.2618],[-118.18829,34.2622],[-118.18763,34.26284],[-118.18699,34.26308],[-118.18643,34.26297],[-118.18571,34.26233],[-118.18523,34.2618],[-118.18474,34.26087],[-118.18454,34.26069],[-118.18399,34.26054],[-118.18356,34.2606],[-118.1832,34.2608],[-118.18303,34.261],[-118.18278,34.26204],[-118.18266,34.26307],[-118.18292,34.26407],[-118.18291,34.26444],[-118.18265,34.26479],[-118.18217,34.26499],[-118.18173,34.26498],[-118.18062,34.26453],[-118.17937,34.26433],[-118.17877,34.26415],[-118.17821,34.26386],[-118.17747,34.26324],[-118.17698,34.26303],[-118.17636,34.26296],[-118.17564,34.26307],[-118.17456,34.26362],[-118.17424,34.26395],[-118.17399,34.2654],[-118.17404,34.26632],[-118.17364,34.26697],[-118.17322,34.26725],[-118.17272,34.2674],[-118.17133,34.26736],[-118.17101,34.26743],[-118.17063,34.26769],[-118.16989,34.2685],[-118.16873,34.26937],[-118.16814,34.26963],[-118.16744,34.26967],[-118.16633,34.26951],[-118.16518,34.26888],[-118.16358,34.26851],[-118.16246,34.26764],[-118.16195,34.26748],[-118.16144,34.26763],[-118.16023,34.26848],[-118.1594,34.26952],[-118.15899,34.26974],[-118.15851,34.26977],[-118.15749,34.26959],[-118.15509,34.26965],[-118.15427,34.26983],[-118.15313,34.27027],[-118.15253,34.27035],[-118.14692,34.26929],[-118.1452,34.26851],[-118.14461,34.26835],[-118.14387,34.26842],[-118.14136,34.26951],[-118.14075,34.26955],[-118.14019,34.26922],[-118.13987,34.26841],[-118.13957,34.26813],[-118.13917,34.268],[-118.13841,34.26798],[-118.13781,34.26778],[-118.13658,34.267],[-118.13433,34.26597],[-118.13321,34.26576],[-118.13122,34.26605],[-118.13079,34.26596],[-118.12894,34.26522],[-118.12858,34.26518],[-118.12765,34.26538],[-118.12726,34.26536],[-118.12653,34.26507],[-118.12537,34.26415],[-118.12472,34.26392],[-118.12282,34.26347],[-118.12156,34.26366],[-118.12095,34.26359],[-118.12032,34.26325],[-118.11962,34.26258],[-118.1193,34.26239],[-118.11702,34.26166],[-118.11639,34.26089],[-118.11598,34.26073],[-118.11568,34.26076],[-118.1154,34.26089],[-118.11526,34.26111],[-118.11527,34.26146],[-118.11554,34.26176],[-118.11616,34.26199],[-118.11648,34.26221],[-118.11699,34.26317],[-118.11713,34.2637],[-118.1169,34.2651],[-118.1163,34.266],[-118.1163,34.26646],[-118.11643,34.26664],[-118.11677,34.26681],[-118.118,34.26692],[-118.11833,34.26716],[-118.11848,34.26755],[-118.11845,34.2678],[-118.11823,34.26811],[-118.11789,34.26823],[-118.11745,34.2682],[-118.11617,34.26706],[-118.11487,34.26645],[-118.11464,34.26626],[-118.1145,34.26602],[-118.11449,34.26569],[-118.11523,34.26461],[-118.11525,34.26381],[-118.11494,34.26329],[-118.11329,34.2622],[-118.11281,34.26206],[-118.11229,34.26227],[-118.11209,34.2626],[-118.11204,34.26349],[-118.11177,34.26376],[-118.11115,34.26404],[-118.11067,34.26405],[-118.10972,34.26369],[-118.10833,34.26398],[-118.108,34.26396],[-118.10781,34.26385],[-118.10762,34.26359],[-118.10761,34.26336],[-118.10824,34.26267],[-118.10834,34.26239],[-118.10829,34.26215],[-118.10781,34.26149],[-118.10745,34.26067],[-118.10619,34.25904],[-118.10576,34.25865],[-118.10523,34.25847],[-118.10459,34.25857],[-118.10423,34.25876],[-118.1034,34.26013],[-118.10287,34.26063],[-118.10227,34.26083],[-118.10104,34.261],[-118.1005,34.26132],[-118.09974,34.26268],[-118.09985,34.26342],[-118.09977,34.26375],[-118.09825,34.26533],[-118.09749,34.26568],[-118.09698,34.2657],[-118.09563,34.26532],[-118.09506,34.26527],[-118.09426,34.26538],[-118.09343,34.26571],[-118.09279,34.26575],[-118.09221,34.26549],[-118.09061,34.26438],[-118.08999,34.2643],[-118.08945,34.2645],[-118.08856,34.26539],[-118.08799,34.26571],[-118.08746,34.2658],[-118.08657,34.2657],[-118.08609,34.26578],[-118.08576,34.26594],[-118.08534,34.26641],[-118.08494,34.26657],[-118.0845,34.26655],[-118.08377,34.26633],[-118.0833,34.26633],[-118.08297,34.26649],[-118.08209,34.26719],[-118.08075,34.26725],[-118.08033,34.26752],[-118.07987,34.26838],[-118.07942,34.26864],[-118.07876,34.26866],[-118.07748,34.26836],[-118.07688,34.26846],[-118.07662,34.26865],[-118.07593,34.26955],[-118.07532,34.26982],[-118.07484,34.26986],[-118.07438,34.26971],[-118.07318,34.26894],[-118.07078,34.26777],[-118.07003,34.26768],[-118.06851,34.2679],[-118.06646,34.26795],[-118.06601,34.26807],[-118.06461,34.26876],[-118.06334,34.26897],[-118.06263,34.26953],[-118.06167,34.26987],[-118.06126,34.2703],[-118.06111,34.27125],[-118.06093,34.27147],[-118.0606,34.27162],[-118.06006,34.27157],[-118.05918,34.27102],[-118.0586,34.2709],[-118.05818,34.27097],[-118.05645,34.27162],[-118.05587,34.27169],[-118.05487,34.27137],[-118.0537,34.27139],[-118.05267,34.27082],[-118.05233,34.27071],[-118.05088,34.27059],[-118.05028,34.27074],[-118.04575,34.27273],[-118.04518,34.27286],[-118.04339,34.27295]]]}},{"type":"Feature","properties":{"id":"angeles-forest","name":"Angeles Forest Highway \u00b7 N3","difficulty":2,"character":"Medium speed"},"geometry":{"type":"MultiLineString","coordinates":[[[-118.15346,34.27023],[-118.15374,34.2711],[-118.15402,34.2714],[-118.1544,34.2716],[-118.15478,34.27169],[-118.15525,34.27167],[-118.15637,34.27138],[-118.15689,34.27141],[-118.15735,34.27154],[-118.15786,34.27181],[-118.15975,34.27334],[-118.16214,34.27413],[-118.16344,34.2753],[-118.1641,34.27564],[-118.16491,34.27577],[-118.16562,34.27576],[-118.16609,34.27594],[-118.16659,34.27638],[-118.16687,34.27698],[-118.16693,34.27807],[-118.16719,34.27864],[-118.16784,34.27898],[-118.16878,34.27895],[-118.16938,34.27912],[-118.16961,34.27928],[-118.1702,34.28022],[-118.17048,34.28047],[-118.17113,34.28065],[-118.17199,34.28056],[-118.17448,34.28094],[-118.17631,34.28148],[-118.17668,34.28176],[-118.17707,34.28253],[-118.17742,34.28278],[-118.17789,34.28279],[-118.17891,34.2826],[-118.17946,34.28281],[-118.18006,34.28352],[-118.18053,34.28445],[-118.18009,34.28552],[-118.18018,34.28597],[-118.18075,34.28675],[-118.18076,34.28744],[-118.18066,34.2877],[-118.18029,34.28804],[-118.17949,34.28846],[-118.17838,34.28852],[-118.17732,34.28931],[-118.17614,34.28975],[-118.17587,34.28998],[-118.17541,34.29084],[-118.17505,34.29103],[-118.17405,34.29113],[-118.1728,34.29151],[-118.17074,34.29097],[-118.17001,34.291],[-118.1697,34.29124],[-118.16953,34.29175],[-118.17002,34.29279],[-118.17003,34.29322],[-118.16982,34.29377],[-118.16937,34.2942],[-118.1678,34.29516],[-118.16742,34.29522],[-118.16657,34.29519],[-118.16607,34.29535],[-118.16573,34.29576],[-118.16559,34.29649],[-118.16515,34.29689],[-118.16451,34.29696],[-118.16361,34.29657],[-118.1629,34.29647],[-118.16249,34.29651],[-118.16126,34.29691]]]}},{"type":"Feature","properties":{"id":"big-tujunga","name":"Big Tujunga Canyon Road","difficulty":2,"character":"Medium speed"},"geometry":{"type":"MultiLineString","coordinates":[[[-118.31575,34.27215],[-118.31558,34.27249],[-118.31359,34.27328],[-118.31016,34.27578],[-118.30895,34.27635],[-118.30809,34.27655],[-118.30495,34.27688],[-118.30423,34.27683],[-118.30222,34.27632],[-118.30121,34.27633],[-118.30014,34.27654],[-118.29828,34.27748],[-118.29726,34.27834],[-118.29616,34.28043],[-118.2958,34.28087],[-118.295,34.28144],[-118.29389,34.28198],[-118.29343,34.28247],[-118.29238,34.28329],[-118.29172,34.28469],[-118.29151,34.28602],[-118.29029,34.28901],[-118.28997,34.28948],[-118.28801,34.2911],[-118.28612,34.29218],[-118.28501,34.29303],[-118.28211,34.29621],[-118.27873,34.29822],[-118.27657,34.2994],[-118.276,34.29945],[-118.27566,34.29936],[-118.27473,34.29868],[-118.2742,34.29857],[-118.27382,34.29865],[-118.27136,34.29984],[-118.27091,34.29991],[-118.26999,34.29982],[-118.26948,34.29992],[-118.26779,34.30105],[-118.2645,34.30274],[-118.26418,34.30313],[-118.2638,34.30446],[-118.26341,34.30481],[-118.26296,34.30496],[-118.26144,34.30501],[-118.26014,34.30468],[-118.25927,34.30432],[-118.25785,34.30346],[-118.25634,34.30298],[-118.25489,34.30237],[-118.25268,34.30168],[-118.24753,34.29809],[-118.24687,34.29773],[-118.24641,34.29765],[-118.24515,34.29769],[-118.24248,34.2974],[-118.24197,34.29725],[-118.24044,34.29649],[-118.23886,34.29604],[-118.23593,34.29413],[-118.23389,34.29334],[-118.23357,34.29299],[-118.23328,34.2923],[-118.23296,34.29185],[-118.23134,34.291],[-118.2304,34.29014],[-118.22979,34.28994],[-118.22664,34.28948],[-118.22636,34.28931],[-118.22523,34.2879],[-118.22483,34.28758],[-118.22432,34.28735],[-118.22306,34.28719],[-118.22254,34.28699],[-118.22223,34.28667],[-118.22178,34.28573],[-118.22106,34.28515],[-118.22048,34.28493],[-118.21804,34.28466],[-118.21753,34.28448],[-118.21729,34.28427],[-118.2167,34.28315],[-118.21665,34.2828],[-118.21679,34.28226],[-118.21667,34.28183],[-118.21636,34.28154],[-118.2153,34.28102],[-118.21462,34.28006],[-118.21404,34.2798],[-118.21289,34.28006],[-118.21193,34.28058],[-118.21057,34.28174],[-118.20919,34.28364],[-118.20869,34.28394],[-118.20799,34.28394],[-118.20759,34.28366],[-118.20741,34.28335],[-118.20722,34.28239],[-118.20683,34.28183],[-118.2063,34.28155],[-118.20554,34.28143],[-118.20491,34.28156],[-118.20407,34.28203],[-118.20331,34.28312],[-118.20258,34.28349],[-118.20212,34.28353],[-118.20028,34.28317],[-118.19979,34.28327],[-118.19897,34.28376],[-118.19827,34.28387],[-118.19618,34.28306],[-118.19529,34.28292],[-118.19448,34.28312],[-118.19283,34.28408],[-118.19121,34.28454],[-118.19095,34.28478],[-118.19083,34.2852],[-118.19131,34.28602],[-118.19138,34.2866],[-118.19096,34.28763],[-118.19034,34.28852],[-118.19002,34.28874],[-118.18961,34.28886],[-118.18828,34.28879],[-118.18782,34.2889],[-118.18743,34.28928],[-118.18722,34.29025],[-118.18666,34.29069],[-118.18407,34.29143],[-118.18202,34.29167],[-118.18154,34.29184],[-118.18115,34.29219],[-118.17983,34.29492],[-118.17925,34.29576],[-118.1787,34.29624],[-118.17659,34.29765],[-118.17608,34.29788],[-118.17563,34.29795],[-118.17512,34.2979],[-118.17463,34.29769],[-118.17428,34.29737],[-118.17404,34.2968],[-118.17418,34.29541],[-118.17387,34.29496],[-118.17332,34.29473],[-118.17271,34.29484],[-118.17188,34.29551],[-118.171,34.29572],[-118.1707,34.2959],[-118.16989,34.29714],[-118.16943,34.29739],[-118.1687,34.29736],[-118.16786,34.29665],[-118.16744,34.29642],[-118.16704,34.29637],[-118.1666,34.29646],[-118.16613,34.29696],[-118.16597,34.29789],[-118.16578,34.29812],[-118.16523,34.29838],[-118.16474,34.29836],[-118.16442,34.29823],[-118.16372,34.29748],[-118.16331,34.29729],[-118.16126,34.29691]]]}},{"type":"Feature","properties":{"id":"upper-big-tujunga","name":"Upper Big Tujunga Canyon Road","difficulty":2,"character":"Medium speed"},"geometry":{"type":"MultiLineString","coordinates":[[[-118.1198,34.32929],[-118.11981,34.32891],[-118.11997,34.32847],[-118.12092,34.32767],[-118.12116,34.3273],[-118.12144,34.32586],[-118.1217,34.32529],[-118.12223,34.32474],[-118.12331,34.32391],[-118.12442,34.32253],[-118.12469,34.32186],[-118.12465,34.32126],[-118.12436,34.32068],[-118.12353,34.31955],[-118.12292,34.31783],[-118.12253,34.31733],[-118.12201,34.31707],[-118.11897,34.31629],[-118.11832,34.31577],[-118.11735,34.31437],[-118.11689,34.314],[-118.11634,34.31375],[-118.11345,34.31297],[-118.1123,34.3127],[-118.11172,34.31271],[-118.11112,34.31291],[-118.11027,34.31366],[-118.10981,34.31392],[-118.10911,34.31404],[-118.10723,34.31386],[-118.10643,34.31389],[-118.10564,34.31424],[-118.10441,34.31515],[-118.10395,34.31534],[-118.10331,34.3154],[-118.10102,34.31485],[-118.0995,34.31495],[-118.0988,34.31486],[-118.0964,34.31402],[-118.09586,34.31366],[-118.09552,34.31318],[-118.09531,34.31187],[-118.09494,34.31119],[-118.09429,34.31081],[-118.09312,34.3106],[-118.08962,34.31002],[-118.08898,34.30998],[-118.08458,34.31068],[-118.08323,34.31067],[-118.08173,34.31029],[-118.07918,34.30899],[-118.07525,34.30818],[-118.07427,34.30836],[-118.07202,34.30966],[-118.07147,34.30989],[-118.07066,34.30996],[-118.07007,34.30979],[-118.06964,34.30954],[-118.06929,34.30915],[-118.06914,34.30881],[-118.06898,34.30774],[-118.06885,34.30752],[-118.06855,34.30717],[-118.0676,34.30645],[-118.06649,34.305],[-118.06589,34.30468],[-118.06324,34.30394],[-118.06262,34.30341],[-118.06219,34.30248],[-118.06161,34.30183],[-118.05996,34.30045],[-118.05843,34.29963],[-118.05814,34.29917],[-118.05785,34.29785],[-118.05798,34.29633],[-118.05778,34.29586],[-118.05736,34.29548],[-118.05532,34.29478],[-118.05335,34.29451],[-118.05271,34.29422],[-118.05091,34.2926],[-118.05034,34.29151],[-118.04999,34.29105],[-118.04971,34.29086],[-118.04809,34.29035],[-118.04769,34.28997],[-118.0472,34.28894],[-118.04685,34.28859],[-118.04495,34.28783],[-118.04396,34.28683],[-118.04202,34.28555],[-118.04171,34.28492],[-118.04173,34.28445],[-118.04228,34.28348],[-118.04245,34.28292],[-118.04224,34.28209],[-118.04186,34.28173],[-118.04107,34.2814],[-118.03702,34.28035],[-118.03617,34.28036],[-118.03391,34.28076],[-118.03297,34.28069],[-118.02876,34.27947],[-118.02807,34.27915],[-118.0277,34.27876],[-118.02753,34.27825],[-118.02759,34.27775],[-118.02789,34.2773],[-118.02833,34.27697],[-118.03043,34.27622],[-118.03164,34.2756],[-118.03237,34.27541],[-118.03451,34.27529],[-118.03732,34.27443],[-118.03984,34.27432],[-118.04313,34.27334],[-118.04332,34.27321],[-118.04339,34.27295]]]}},{"type":"Feature","properties":{"id":"glendora-mountain","name":"Glendora Mountain Road \u00b7 GMR","difficulty":3,"character":"Technical"},"geometry":{"type":"MultiLineString","coordinates":[[[-117.84333,34.15918],[-117.84331,34.15937],[-117.84282,34.15983],[-117.84269,34.1601],[-117.84292,34.16113],[-117.84325,34.16169],[-117.84318,34.16249],[-117.84341,34.16259],[-117.84358,34.16244],[-117.8436,34.16167],[-117.84342,34.1607],[-117.84372,34.16023],[-117.844,34.16017],[-117.84407,34.16042],[-117.84371,34.16082],[-117.8439,34.16133],[-117.84429,34.16163],[-117.84417,34.16223],[-117.84487,34.1627],[-117.84522,34.16313],[-117.84568,34.16336],[-117.84589,34.16386],[-117.84585,34.16434],[-117.84546,34.16504],[-117.84494,34.16534],[-117.84388,34.16561],[-117.84372,34.16579],[-117.84385,34.16613],[-117.84438,34.16662],[-117.84571,34.16724],[-117.84639,34.16779],[-117.84633,34.168],[-117.84586,34.16833],[-117.84476,34.16877],[-117.84466,34.1689],[-117.84466,34.1692],[-117.84491,34.16964],[-117.84522,34.16976],[-117.84539,34.1696],[-117.8452,34.16914],[-117.84531,34.16891],[-117.84672,34.16859],[-117.84734,34.16862],[-117.84763,34.1685],[-117.84768,34.16755],[-117.84729,34.16696],[-117.84748,34.16677],[-117.84781,34.16684],[-117.84817,34.16787],[-117.84864,34.16839],[-117.8487,34.16863],[-117.84779,34.16935],[-117.84752,34.16938],[-117.84688,34.16926],[-117.84662,34.16937],[-117.8466,34.16953],[-117.84791,34.17047],[-117.84805,34.17079],[-117.84788,34.17114],[-117.84792,34.17124],[-117.84829,34.17148],[-117.84851,34.17193],[-117.84968,34.17315],[-117.84977,34.17345],[-117.8496,34.17373],[-117.84914,34.17395],[-117.84855,34.17446],[-117.84861,34.17465],[-117.84913,34.17495],[-117.84919,34.17511],[-117.84835,34.17672],[-117.84824,34.17717],[-117.84721,34.17775],[-117.84638,34.17809],[-117.84592,34.17843],[-117.84492,34.17949],[-117.84394,34.18034],[-117.84325,34.18131],[-117.84236,34.18231],[-117.84238,34.18263],[-117.84272,34.18316],[-117.84268,34.18364],[-117.84286,34.18434],[-117.84311,34.18464],[-117.84353,34.18491],[-117.84339,34.18548],[-117.84354,34.18563],[-117.84402,34.18578],[-117.84412,34.18594],[-117.84376,34.18625],[-117.84346,34.18675],[-117.84185,34.18741],[-117.84168,34.18803],[-117.84124,34.18893],[-117.8412,34.18934],[-117.84133,34.19031],[-117.84147,34.19042],[-117.84189,34.1905],[-117.84221,34.19071],[-117.84206,34.19198],[-117.84261,34.19252],[-117.84293,34.19311],[-117.84281,34.19325],[-117.84231,34.19327],[-117.84163,34.19348],[-117.84143,34.19367],[-117.84129,34.19416],[-117.84102,34.19424],[-117.84038,34.19422],[-117.83974,34.19454],[-117.83963,34.19472],[-117.84015,34.19558],[-117.84003,34.19649],[-117.84027,34.19672],[-117.84077,34.19696],[-117.84108,34.19742],[-117.84221,34.19843],[-117.84225,34.19898],[-117.84218,34.19914],[-117.84194,34.19922],[-117.8417,34.19914],[-117.84119,34.19829],[-117.84054,34.19805],[-117.84014,34.19766],[-117.8399,34.19769],[-117.83946,34.19798],[-117.8392,34.19793],[-117.83865,34.19735],[-117.83849,34.19685],[-117.83797,34.19646],[-117.8376,34.19646],[-117.83733,34.19665],[-117.83705,34.19722],[-117.83655,34.19786],[-117.83525,34.19831],[-117.83519,34.19865],[-117.83555,34.19913],[-117.83545,34.19935],[-117.83514,34.19942],[-117.83444,34.19926],[-117.83409,34.19932],[-117.83386,34.1995],[-117.83363,34.19997],[-117.83284,34.20016],[-117.83253,34.20055],[-117.83199,34.20084],[-117.83176,34.2008],[-117.83143,34.20036],[-117.83088,34.20014],[-117.83059,34.1999],[-117.82993,34.19979],[-117.82928,34.19948],[-117.82815,34.19951],[-117.82735,34.19973],[-117.8267,34.20011],[-117.82594,34.20086],[-117.82513,34.20123],[-117.82461,34.20179],[-117.82427,34.20191],[-117.82375,34.20191],[-117.82346,34.20201],[-117.82268,34.20247],[-117.82179,34.20285],[-117.82003,34.20405],[-117.81957,34.20448],[-117.81954,34.20504],[-117.81895,34.20538],[-117.81884,34.20582],[-117.81817,34.20597],[-117.81785,34.20614],[-117.81757,34.20654],[-117.81739,34.20663],[-117.81716,34.20659],[-117.81686,34.20637],[-117.81675,34.20568],[-117.81657,34.20551],[-117.816,34.20574],[-117.81546,34.20677],[-117.8151,34.20694],[-117.81453,34.20678],[-117.81286,34.20601],[-117.81187,34.20586],[-117.8114,34.20544],[-117.81105,34.20543],[-117.81053,34.20561],[-117.81024,34.20562],[-117.80996,34.20519],[-117.80925,34.2046],[-117.809,34.20417],[-117.80876,34.20404],[-117.80811,34.20395],[-117.80744,34.20421],[-117.80583,34.20441],[-117.8054,34.2044],[-117.80514,34.2043],[-117.80478,34.20433],[-117.80434,34.2048],[-117.80417,34.20551],[-117.80388,34.20562],[-117.80344,34.20558],[-117.80319,34.20632],[-117.80286,34.20647],[-117.80249,34.20648],[-117.80203,34.20664],[-117.80152,34.20707],[-117.80127,34.20763],[-117.80128,34.20785],[-117.80157,34.20813],[-117.80225,34.20834],[-117.80267,34.20871],[-117.80275,34.20891],[-117.80259,34.20929],[-117.80271,34.20964],[-117.80256,34.20983],[-117.80197,34.21007],[-117.8017,34.21009],[-117.80098,34.20991],[-117.80084,34.20999],[-117.80076,34.21021],[-117.80091,34.21043],[-117.80141,34.21084],[-117.80192,34.21181],[-117.80225,34.21222],[-117.80214,34.21286],[-117.80198,34.21299],[-117.80174,34.213],[-117.80106,34.21275],[-117.8003,34.21227],[-117.79993,34.21229],[-117.79963,34.21243],[-117.79946,34.21282],[-117.79964,34.2133],[-117.79948,34.21387],[-117.79925,34.21411],[-117.79873,34.21422],[-117.7986,34.21434],[-117.7986,34.21459],[-117.79879,34.21505],[-117.79866,34.21527],[-117.79817,34.21547],[-117.79813,34.21612],[-117.79792,34.21626],[-117.79681,34.21644],[-117.79671,34.21659],[-117.79662,34.21721],[-117.79589,34.21738],[-117.79559,34.21763],[-117.79555,34.2186],[-117.79477,34.21898],[-117.79426,34.21963],[-117.79401,34.21972],[-117.79366,34.21972],[-117.79343,34.21954],[-117.79317,34.21899],[-117.7924,34.21898],[-117.79212,34.21885],[-117.79206,34.21859],[-117.79235,34.21756],[-117.79196,34.21686],[-117.79167,34.21686],[-117.79133,34.21717],[-117.79109,34.21719],[-117.7907,34.2169],[-117.79024,34.21679],[-117.78994,34.21652],[-117.78911,34.21618],[-117.78874,34.21618],[-117.78851,34.21637],[-117.78847,34.21675],[-117.78931,34.2176],[-117.78946,34.21796],[-117.78934,34.21835],[-117.78894,34.21903],[-117.78889,34.21974],[-117.78852,34.22047],[-117.78856,34.22063],[-117.78889,34.22084],[-117.78894,34.22117],[-117.78877,34.22158],[-117.78845,34.22181],[-117.78766,34.22171],[-117.78733,34.22183],[-117.78712,34.22267],[-117.78719,34.22285],[-117.78783,34.2233],[-117.78808,34.22383],[-117.78776,34.22442],[-117.78714,34.22482],[-117.78712,34.2252],[-117.78767,34.22554],[-117.7885,34.22565],[-117.78877,34.22588],[-117.78863,34.22618],[-117.78786,34.22662],[-117.78773,34.22681],[-117.78777,34.22719],[-117.78763,34.22756],[-117.78804,34.22799],[-117.78794,34.22827],[-117.78659,34.22821],[-117.78595,34.22835],[-117.78525,34.22804],[-117.78471,34.2282],[-117.78288,34.22816],[-117.78242,34.22798],[-117.78201,34.22743],[-117.78144,34.22725],[-117.78113,34.22735],[-117.78074,34.22775],[-117.78028,34.22788],[-117.77951,34.22768],[-117.77866,34.22763],[-117.77836,34.22749],[-117.77761,34.22688],[-117.77593,34.22652],[-117.77555,34.22669],[-117.77549,34.22696],[-117.77561,34.22723],[-117.77613,34.22752],[-117.77626,34.22771],[-117.77624,34.22862],[-117.77639,34.22898],[-117.77626,34.22921],[-117.77422,34.22984],[-117.77312,34.22952],[-117.77217,34.2289],[-117.77198,34.22892],[-117.77198,34.22906]]]}},{"type":"Feature","properties":{"id":"glendora-ridge","name":"Glendora Ridge Road \u00b7 GRR","difficulty":3,"character":"Technical"},"geometry":{"type":"MultiLineString","coordinates":[[[-117.80876,34.20404],[-117.80861,34.20381],[-117.8084,34.20373],[-117.8067,34.2036],[-117.80542,34.20376],[-117.80477,34.20344],[-117.80449,34.20343],[-117.80327,34.20426],[-117.80273,34.20428],[-117.80226,34.20448],[-117.80092,34.20535],[-117.80005,34.20569],[-117.79904,34.20634],[-117.79802,34.20769],[-117.79781,34.20784],[-117.79697,34.20825],[-117.79611,34.20831],[-117.79544,34.2088],[-117.79483,34.20886],[-117.79426,34.20942],[-117.79391,34.20958],[-117.7932,34.20945],[-117.79268,34.20913],[-117.79179,34.2089],[-117.79102,34.20843],[-117.79073,34.20781],[-117.78948,34.20749],[-117.78894,34.20703],[-117.78882,34.20662],[-117.78852,34.20647],[-117.78787,34.20639],[-117.78698,34.20642],[-117.78653,34.2067],[-117.78581,34.20672],[-117.7853,34.20708],[-117.78472,34.20719],[-117.78422,34.20756],[-117.78345,34.20779],[-117.78294,34.20806],[-117.78234,34.208],[-117.78147,34.20814],[-117.78042,34.20809],[-117.77933,34.20853],[-117.77896,34.20859],[-117.77831,34.20859],[-117.77748,34.20835],[-117.77707,34.20837],[-117.7767,34.2087],[-117.77681,34.20944],[-117.77658,34.20963],[-117.7763,34.20957],[-117.77589,34.20913],[-117.77544,34.20891],[-117.77521,34.20835],[-117.77401,34.20804],[-117.77381,34.20812],[-117.77184,34.20997],[-117.7715,34.21049],[-117.77076,34.21107],[-117.77044,34.21145],[-117.76987,34.2117],[-117.76863,34.21302],[-117.76796,34.21338],[-117.76755,34.21401],[-117.76649,34.21469],[-117.76507,34.2154],[-117.76454,34.21592],[-117.76393,34.21625],[-117.76349,34.21732],[-117.76258,34.21759],[-117.76211,34.21753],[-117.76142,34.21729],[-117.76111,34.2173],[-117.76071,34.2175],[-117.76035,34.2179],[-117.7598,34.21802],[-117.75874,34.21849],[-117.75774,34.21866],[-117.75735,34.21891],[-117.7562,34.21926],[-117.75605,34.21947],[-117.75599,34.21999],[-117.75515,34.22088],[-117.75494,34.22221],[-117.75481,34.22236],[-117.75452,34.22232],[-117.75393,34.22167],[-117.75408,34.22109],[-117.75389,34.22072],[-117.75424,34.22024],[-117.75432,34.21999],[-117.75421,34.21974],[-117.75385,34.2194],[-117.75376,34.21864],[-117.75159,34.21758],[-117.75105,34.21746],[-117.75067,34.21748],[-117.75032,34.21755],[-117.7497,34.21786],[-117.74855,34.218],[-117.74791,34.21794],[-117.74676,34.21803],[-117.74449,34.21772],[-117.74418,34.21783],[-117.74325,34.21856],[-117.74324,34.21879],[-117.74354,34.21917],[-117.74369,34.21959],[-117.74367,34.21982],[-117.74352,34.21997],[-117.74334,34.21999],[-117.7421,34.21956],[-117.74179,34.21956],[-117.74112,34.22003],[-117.74107,34.22069],[-117.74065,34.22106],[-117.74031,34.22113],[-117.73961,34.22098],[-117.73934,34.22111],[-117.73906,34.22169],[-117.73921,34.22206],[-117.73919,34.22226],[-117.73876,34.2225],[-117.73843,34.22294],[-117.73848,34.22316],[-117.73882,34.22347],[-117.73862,34.22445],[-117.73842,34.22454],[-117.73746,34.22442],[-117.73649,34.2244],[-117.73623,34.22449],[-117.73576,34.22503],[-117.73572,34.22534],[-117.73529,34.22572],[-117.73513,34.2261],[-117.7346,34.22652],[-117.73431,34.22646],[-117.73405,34.22614],[-117.73383,34.22537],[-117.73351,34.22486],[-117.73342,34.22416],[-117.73322,34.22397],[-117.73209,34.22383],[-117.73162,34.22404],[-117.73068,34.22421],[-117.73013,34.22372],[-117.7296,34.22357],[-117.7292,34.22313],[-117.72886,34.22296],[-117.72823,34.22304],[-117.72736,34.22367],[-117.72705,34.22378],[-117.72678,34.22371],[-117.72653,34.22342],[-117.72579,34.22297],[-117.72546,34.22291],[-117.72506,34.22302],[-117.72462,34.22341],[-117.72383,34.22356],[-117.72365,34.22342],[-117.72338,34.22266],[-117.72285,34.22243],[-117.72238,34.22186],[-117.72171,34.22166],[-117.72117,34.22192],[-117.72073,34.22162],[-117.72013,34.22158],[-117.71981,34.22129],[-117.71934,34.22114],[-117.71904,34.22056],[-117.71802,34.22012],[-117.71706,34.22006],[-117.71651,34.22018],[-117.71566,34.22053],[-117.71523,34.22029],[-117.71453,34.22008],[-117.713,34.22015],[-117.71279,34.21997],[-117.71272,34.21926],[-117.71239,34.21909],[-117.71216,34.21909],[-117.71073,34.21956],[-117.70996,34.21953],[-117.70934,34.21987],[-117.70864,34.21994],[-117.70738,34.22036],[-117.70624,34.22033],[-117.70586,34.2204],[-117.70495,34.22081],[-117.70461,34.22154],[-117.7034,34.22168],[-117.70292,34.22219],[-117.70268,34.22226],[-117.70252,34.22218],[-117.70239,34.22153],[-117.7019,34.22076],[-117.70184,34.2202],[-117.70163,34.22],[-117.701,34.21969],[-117.70085,34.21912],[-117.70038,34.21858],[-117.69967,34.21835],[-117.69846,34.21772],[-117.69808,34.21763],[-117.69787,34.21774],[-117.69781,34.21787],[-117.69798,34.2185],[-117.69791,34.2187],[-117.69708,34.21879],[-117.69631,34.21993],[-117.69515,34.22061],[-117.69448,34.22079],[-117.69417,34.22111],[-117.69417,34.22138],[-117.69451,34.22192],[-117.69442,34.22232],[-117.69423,34.22242],[-117.69394,34.22243],[-117.69303,34.22196],[-117.6923,34.22184],[-117.69192,34.22188],[-117.69152,34.22214],[-117.69128,34.22247],[-117.69097,34.22314],[-117.69092,34.22366],[-117.6907,34.22385],[-117.69038,34.22386],[-117.68992,34.22352],[-117.68878,34.22327],[-117.68754,34.2235],[-117.68675,34.22419],[-117.68639,34.22437],[-117.68604,34.22439],[-117.68543,34.22418],[-117.68492,34.22416],[-117.6846,34.22419],[-117.684,34.22444],[-117.68333,34.22423],[-117.68289,34.22356],[-117.68243,34.22352],[-117.68208,34.22368],[-117.68178,34.224],[-117.68137,34.22515],[-117.68122,34.22526],[-117.681,34.22526],[-117.6797,34.22464],[-117.67935,34.22471],[-117.67844,34.22527],[-117.67804,34.22566],[-117.67772,34.22578],[-117.6773,34.22569],[-117.67662,34.22526],[-117.67614,34.22523],[-117.67554,34.22606],[-117.67471,34.22646],[-117.67394,34.22641],[-117.67359,34.2265],[-117.67331,34.22674],[-117.67297,34.22732],[-117.67168,34.22767],[-117.67106,34.22804],[-117.66996,34.22819],[-117.66804,34.22887],[-117.66658,34.23014],[-117.66609,34.23115],[-117.66504,34.23164],[-117.66475,34.23187],[-117.66397,34.23298],[-117.66378,34.23383],[-117.66353,34.23423],[-117.66196,34.23555],[-117.66025,34.23627],[-117.66006,34.23623],[-117.65996,34.23607]]]}},{"type":"Feature","properties":{"id":"mount-baldy-road","name":"Mount Baldy Road","difficulty":2,"character":"Medium speed"},"geometry":{"type":"MultiLineString","coordinates":[[[-117.70732,34.13838],[-117.70373,34.14064],[-117.70312,34.14121],[-117.70268,34.14205],[-117.70241,34.14375],[-117.70213,34.14456],[-117.70143,34.14569],[-117.7005,34.14663],[-117.69936,34.14737],[-117.69235,34.15055],[-117.68909,34.15174],[-117.68666,34.15347],[-117.68581,34.15441],[-117.68487,34.15516],[-117.6843,34.1559],[-117.68405,34.15661],[-117.6839,34.15792],[-117.68367,34.15832],[-117.68294,34.1591],[-117.68262,34.15977],[-117.6824,34.16268],[-117.68192,34.16324],[-117.68082,34.16381],[-117.68056,34.16404],[-117.67974,34.16547],[-117.67856,34.17025],[-117.67791,34.17186],[-117.67724,34.1739],[-117.67658,34.17512],[-117.67644,34.17562],[-117.67682,34.17823],[-117.67743,34.17916],[-117.67761,34.17963],[-117.67755,34.18094],[-117.67791,34.18216],[-117.67782,34.18278],[-117.67661,34.18524],[-117.6769,34.1886],[-117.67706,34.18907],[-117.67781,34.19026],[-117.67818,34.19105],[-117.67844,34.19359],[-117.67824,34.19447],[-117.67698,34.19696],[-117.67713,34.19805],[-117.67703,34.19853],[-117.67673,34.19903],[-117.6759,34.19982],[-117.67575,34.20032],[-117.67682,34.20328],[-117.67664,34.20514],[-117.67583,34.20656],[-117.67576,34.20703],[-117.6759,34.20792],[-117.67679,34.20919],[-117.67686,34.20945],[-117.67664,34.21095],[-117.67604,34.21265],[-117.67481,34.21392],[-117.6733,34.21612],[-117.67191,34.21674],[-117.67158,34.21696],[-117.67072,34.21845],[-117.66997,34.21918],[-117.66819,34.22126],[-117.66791,34.22176],[-117.66786,34.22218],[-117.66799,34.22399],[-117.66745,34.2259],[-117.66682,34.22662],[-117.66563,34.22727],[-117.66511,34.2278],[-117.66449,34.22914],[-117.66315,34.23094],[-117.66294,34.23135],[-117.66254,34.23253],[-117.6618,34.23376],[-117.66137,34.23542],[-117.66122,34.2356],[-117.66054,34.23596],[-117.65996,34.23607]]]}},{"type":"Feature","properties":{"id":"santiago-canyon","name":"Santiago Canyon Road","difficulty":2,"character":"High speed"},"geometry":{"type":"MultiLineString","coordinates":[[[-117.76122,33.79236],[-117.75742,33.79101],[-117.75403,33.78848],[-117.75228,33.78677],[-117.75136,33.78562],[-117.74889,33.78145],[-117.74724,33.77949],[-117.74647,33.77747],[-117.74578,33.77648],[-117.74296,33.77395],[-117.74097,33.77236],[-117.7393,33.77124],[-117.7363,33.76944],[-117.73509,33.76904],[-117.73091,33.76797],[-117.72618,33.7675],[-117.72478,33.76761],[-117.72087,33.76863],[-117.71961,33.76867],[-117.71864,33.76845],[-117.71719,33.76774],[-117.7159,33.76696],[-117.7154,33.76645],[-117.71375,33.76428],[-117.71252,33.76335],[-117.71142,33.76285],[-117.70932,33.7621],[-117.7074,33.76157],[-117.70456,33.76044],[-117.70233,33.75971],[-117.70173,33.75941],[-117.69963,33.75782],[-117.69621,33.75604],[-117.69386,33.75348],[-117.6934,33.75309],[-117.69263,33.75267],[-117.69166,33.75239],[-117.69074,33.75232],[-117.68479,33.75291],[-117.68354,33.75278],[-117.68264,33.75247],[-117.68178,33.7519],[-117.68126,33.75133],[-117.67987,33.74935],[-117.67866,33.74844],[-117.67802,33.74808],[-117.67736,33.74785],[-117.6761,33.7477],[-117.67536,33.74777],[-117.67308,33.74824],[-117.67169,33.7482],[-117.67086,33.74795],[-117.66983,33.7474],[-117.66921,33.74677],[-117.66878,33.74602],[-117.668,33.74272],[-117.66755,33.74193],[-117.66687,33.74128],[-117.66575,33.7407],[-117.66383,33.74026],[-117.66283,33.73983],[-117.66195,33.73916],[-117.66095,33.73807],[-117.66058,33.73779],[-117.65765,33.73631],[-117.65568,33.73568],[-117.65495,33.73532],[-117.65435,33.73486],[-117.65182,33.73244],[-117.65145,33.73181],[-117.65073,33.7301],[-117.65019,33.72822],[-117.64853,33.72399],[-117.64822,33.72148],[-117.64642,33.71809],[-117.64624,33.71729],[-117.64626,33.71553],[-117.64534,33.71318],[-117.64484,33.71058],[-117.64236,33.70672],[-117.64213,33.70617],[-117.64201,33.70557],[-117.64209,33.70344],[-117.64179,33.7023],[-117.63972,33.69985],[-117.63934,33.69952],[-117.63809,33.69884],[-117.63533,33.69824],[-117.63416,33.69771],[-117.63332,33.69699],[-117.63234,33.69565],[-117.63191,33.69524],[-117.62973,33.69404],[-117.62809,33.69268],[-117.62682,33.69107],[-117.62634,33.69061],[-117.62564,33.6902],[-117.62287,33.68904],[-117.62218,33.68856],[-117.62157,33.68786],[-117.62113,33.68684],[-117.62077,33.6855],[-117.62063,33.68334]]]}},{"type":"Feature","properties":{"id":"live-oak-trabuco","name":"Live Oak / Trabuco Canyon","difficulty":2,"character":"Low speed"},"geometry":{"type":"MultiLineString","coordinates":[[[-117.62063,33.68334],[-117.61878,33.6843],[-117.61556,33.68641],[-117.61448,33.6868],[-117.61375,33.68687],[-117.61308,33.6868],[-117.61169,33.68648],[-117.60716,33.68598],[-117.60512,33.6849],[-117.60456,33.68445],[-117.60363,33.68324],[-117.60318,33.68195],[-117.6032,33.68125],[-117.60305,33.68052],[-117.60316,33.67983],[-117.60319,33.67857],[-117.60258,33.67644],[-117.60202,33.67554],[-117.60166,33.67417],[-117.60164,33.67272],[-117.60196,33.67147],[-117.60241,33.67063],[-117.60246,33.67022],[-117.60239,33.66989],[-117.60188,33.66917],[-117.60162,33.66732],[-117.60073,33.66478],[-117.60083,33.663],[-117.60069,33.66226],[-117.60098,33.66153],[-117.60103,33.66087],[-117.60084,33.65987],[-117.60088,33.65899],[-117.60048,33.65808],[-117.60044,33.65662],[-117.60061,33.6559],[-117.6004,33.65515],[-117.60039,33.65469],[-117.60053,33.65397],[-117.60044,33.65359],[-117.6002,33.65326],[-117.59978,33.65304],[-117.5993,33.65299],[-117.59832,33.65334],[-117.59775,33.65386],[-117.59584,33.65521],[-117.5951,33.65618],[-117.59364,33.65748],[-117.59071,33.65955],[-117.5901,33.65965]]]}},{"type":"Feature","properties":{"id":"ortega-highway","name":"Ortega Highway \u00b7 SR 74","difficulty":3,"character":"Technical"},"geometry":{"type":"MultiLineString","coordinates":[[[-117.65997,33.50167],[-117.65963,33.50206],[-117.65922,33.5023],[-117.65902,33.50229],[-117.65481,33.5036],[-117.65392,33.5039],[-117.65328,33.50423],[-117.65223,33.50509],[-117.65132,33.50638],[-117.65047,33.50716],[-117.64662,33.50954],[-117.64294,33.5115],[-117.64076,33.5124],[-117.63791,33.51313],[-117.63553,33.51417],[-117.63296,33.51499],[-117.63146,33.51582],[-117.62758,33.51837],[-117.62686,33.51871],[-117.62556,33.51902],[-117.62138,33.51938],[-117.61948,33.51966],[-117.61576,33.52074],[-117.61402,33.52169],[-117.61312,33.52198],[-117.61228,33.522],[-117.60987,33.52182],[-117.60917,33.52194],[-117.60818,33.52235],[-117.6074,33.52254],[-117.60653,33.52252],[-117.60558,33.52237],[-117.605,33.52218],[-117.6044,33.52186],[-117.60201,33.51974],[-117.60132,33.51933],[-117.59329,33.51682],[-117.59252,33.51647],[-117.5915,33.5158],[-117.59101,33.51558],[-117.58767,33.51467],[-117.5858,33.51468],[-117.58495,33.51457],[-117.58337,33.51386],[-117.58256,33.51367],[-117.58187,33.51365],[-117.57644,33.51422],[-117.57362,33.51473],[-117.57294,33.5147],[-117.57105,33.5144],[-117.56777,33.51443],[-117.56671,33.5146],[-117.56548,33.51507],[-117.56467,33.51562],[-117.56313,33.51739],[-117.56151,33.51863],[-117.56068,33.51945],[-117.56014,33.52036],[-117.55979,33.52143],[-117.55926,33.52219],[-117.55831,33.52284],[-117.55493,33.52448],[-117.55414,33.52521],[-117.55377,33.52574],[-117.55323,33.52686],[-117.55275,33.52901],[-117.55072,33.532],[-117.55003,33.53324],[-117.54954,33.53469],[-117.54922,33.53809],[-117.54856,33.54065],[-117.54871,33.54177],[-117.54929,33.54336],[-117.54948,33.5442],[-117.54872,33.54751],[-117.54916,33.55558],[-117.54893,33.55686],[-117.54494,33.56656],[-117.54112,33.5739],[-117.54073,33.57445],[-117.53817,33.57643],[-117.53728,33.57729],[-117.53682,33.57761],[-117.53581,33.57812],[-117.52417,33.58309],[-117.5227,33.58406],[-117.52234,33.58439],[-117.52214,33.58478],[-117.52196,33.58588],[-117.52146,33.58654],[-117.52084,33.58686],[-117.51841,33.58752],[-117.5173,33.58801],[-117.51651,33.58868],[-117.51516,33.58931],[-117.51461,33.58972],[-117.51428,33.59016],[-117.51393,33.59106],[-117.51368,33.59146],[-117.5129,33.59193],[-117.51174,33.59236],[-117.5113,33.59241],[-117.51075,33.59234],[-117.50858,33.59155],[-117.50804,33.5915],[-117.50706,33.59163],[-117.50647,33.59157],[-117.5041,33.5904],[-117.50348,33.59022],[-117.50267,33.59022],[-117.50089,33.5907],[-117.49983,33.5904],[-117.49939,33.59038],[-117.49812,33.59077],[-117.49771,33.59099],[-117.49745,33.59133],[-117.49718,33.592],[-117.49688,33.59224],[-117.49487,33.59278],[-117.49395,33.59262],[-117.49282,33.59225],[-117.49232,33.59233],[-117.49183,33.59257],[-117.49127,33.59321],[-117.49078,33.59344],[-117.48978,33.59338],[-117.48918,33.59343],[-117.48744,33.59414],[-117.4869,33.59411],[-117.48601,33.59386],[-117.48545,33.59395],[-117.48519,33.59412],[-117.48446,33.59488],[-117.48381,33.59524],[-117.48351,33.59529],[-117.48323,33.59527],[-117.48246,33.59498],[-117.48027,33.59445],[-117.47958,33.59407],[-117.47835,33.59308],[-117.47437,33.5919],[-117.47358,33.59188],[-117.47267,33.59221],[-117.47222,33.59223],[-117.47189,33.59217],[-117.47057,33.59156],[-117.46988,33.59157],[-117.46932,33.59187],[-117.46908,33.59219],[-117.46873,33.59304],[-117.4682,33.5934],[-117.46744,33.59349],[-117.46615,33.59331],[-117.46539,33.59363],[-117.46464,33.59452],[-117.46451,33.59479],[-117.46435,33.59543],[-117.46436,33.59652],[-117.46403,33.59696],[-117.46338,33.59712],[-117.46258,33.59685],[-117.46218,33.59682],[-117.46155,33.59707],[-117.46136,33.59732],[-117.46102,33.59835],[-117.46011,33.59975],[-117.45972,33.60108],[-117.45936,33.60148],[-117.45807,33.6021],[-117.45646,33.60245],[-117.45546,33.60297],[-117.45502,33.60309],[-117.45458,33.60311],[-117.45294,33.60288],[-117.45198,33.60326],[-117.45151,33.60333],[-117.45109,33.60322],[-117.4502,33.60278],[-117.44955,33.60284],[-117.44826,33.60404],[-117.44752,33.60521],[-117.44723,33.60543],[-117.44621,33.60583],[-117.44539,33.60658],[-117.44204,33.60745],[-117.4412,33.60785],[-117.44001,33.60869],[-117.43891,33.60898],[-117.43856,33.60916],[-117.4368,33.61135],[-117.43628,33.61258],[-117.43581,33.61292],[-117.43523,33.61299],[-117.43469,33.61284],[-117.4342,33.61221],[-117.4342,33.61131],[-117.43356,33.61016],[-117.43332,33.60846],[-117.43348,33.60738],[-117.43316,33.60612],[-117.43284,33.60581],[-117.43235,33.60561],[-117.43195,33.60558],[-117.43159,33.60569],[-117.43133,33.60606],[-117.43092,33.60775],[-117.43055,33.60839],[-117.42721,33.6114],[-117.42684,33.61193],[-117.42652,33.61292],[-117.42654,33.6152],[-117.42642,33.61562],[-117.42606,33.616],[-117.42493,33.6167],[-117.42441,33.61726],[-117.42376,33.61885],[-117.42307,33.61987],[-117.42311,33.62031],[-117.42327,33.62056],[-117.42367,33.6208],[-117.42426,33.62085],[-117.42462,33.62071],[-117.42494,33.62036],[-117.42512,33.61891],[-117.42548,33.6184],[-117.42608,33.61823],[-117.42659,33.61834],[-117.42691,33.61861],[-117.42705,33.61907],[-117.42687,33.6195],[-117.4262,33.62008],[-117.42579,33.6208],[-117.42502,33.62145],[-117.42484,33.62192],[-117.42487,33.62354],[-117.42592,33.62479],[-117.42616,33.62538],[-117.42587,33.62757],[-117.42524,33.62895],[-117.42506,33.63124],[-117.42506,33.63282],[-117.4244,33.63396],[-117.42416,33.63554],[-117.42395,33.63596],[-117.42362,33.63631],[-117.42245,33.63704],[-117.42203,33.6376],[-117.42171,33.64044],[-117.42047,33.64391],[-117.42014,33.64435],[-117.41702,33.64712],[-117.41668,33.64777],[-117.41655,33.64859],[-117.41634,33.64921],[-117.41592,33.64976],[-117.41496,33.65046],[-117.41429,33.65084],[-117.41382,33.65101],[-117.41217,33.65129],[-117.40888,33.65215],[-117.40362,33.65311],[-117.403,33.65355],[-117.40232,33.65504],[-117.40127,33.65595],[-117.40083,33.6571],[-117.40046,33.65749],[-117.40005,33.65773],[-117.3995,33.65784],[-117.39883,33.65777],[-117.39785,33.65743],[-117.39736,33.65698],[-117.39584,33.65447],[-117.39572,33.65396],[-117.39557,33.65169],[-117.39537,33.65137],[-117.39508,33.65117],[-117.39453,33.65102],[-117.39335,33.65122],[-117.39287,33.65116],[-117.39193,33.65066],[-117.39075,33.65046],[-117.39009,33.64995],[-117.38974,33.64981],[-117.38877,33.6498],[-117.38792,33.64951],[-117.38693,33.64975],[-117.3864,33.64969],[-117.38558,33.64934],[-117.38473,33.64854],[-117.38459,33.64829],[-117.38458,33.64789],[-117.38537,33.64629],[-117.38524,33.64525],[-117.38575,33.64424],[-117.38579,33.64391],[-117.38562,33.64346],[-117.38469,33.6428],[-117.38452,33.64243],[-117.38447,33.64178],[-117.3843,33.64152],[-117.38391,33.64127],[-117.38346,33.64122],[-117.38254,33.64154],[-117.38215,33.64154],[-117.38177,33.64136],[-117.381,33.64047],[-117.38054,33.64034],[-117.38014,33.6404],[-117.37906,33.64101],[-117.37838,33.64166],[-117.3774,33.64198],[-117.37717,33.64213],[-117.37619,33.64403],[-117.37367,33.64658],[-117.37305,33.6467],[-117.37168,33.64644],[-117.37125,33.64621],[-117.37063,33.64566],[-117.37006,33.64549],[-117.36966,33.64553],[-117.36937,33.64565],[-117.36916,33.64587],[-117.36906,33.64618]]]}},{"type":"Feature","properties":{"id":"carbon-canyon","name":"Carbon Canyon Road \u00b7 SR 142","difficulty":2,"character":"Medium speed"},"geometry":{"type":"MultiLineString","coordinates":[[[-117.84766,33.92414],[-117.84542,33.92408],[-117.84261,33.92377],[-117.84167,33.92358],[-117.83859,33.92268],[-117.83739,33.92245],[-117.83569,33.92239],[-117.83359,33.92247],[-117.83265,33.92239],[-117.82464,33.91994],[-117.82404,33.91982],[-117.82341,33.91983],[-117.8201,33.92047],[-117.8191,33.9208],[-117.81694,33.92184],[-117.81431,33.92241],[-117.81289,33.92311],[-117.81146,33.92345],[-117.80935,33.92417],[-117.80804,33.92446],[-117.80599,33.92539],[-117.80358,33.92688],[-117.79846,33.92859],[-117.79784,33.92903],[-117.79684,33.93018],[-117.7964,33.9311],[-117.79611,33.93203],[-117.7957,33.93255],[-117.79439,33.93325],[-117.79371,33.93392],[-117.79273,33.93435],[-117.79236,33.93474],[-117.79215,33.93529],[-117.79222,33.93624],[-117.79212,33.93663],[-117.79162,33.93786],[-117.79123,33.93839],[-117.79003,33.93932],[-117.78949,33.93953],[-117.7885,33.93972],[-117.78788,33.94004],[-117.78759,33.94038],[-117.78711,33.94131],[-117.78606,33.94263],[-117.78531,33.94305],[-117.78306,33.94396],[-117.78262,33.94443],[-117.78228,33.94505],[-117.78083,33.94611],[-117.78037,33.94682],[-117.77927,33.94722],[-117.77844,33.94799],[-117.77791,33.94824],[-117.77729,33.94923],[-117.77657,33.94973],[-117.77606,33.95066],[-117.7744,33.95276],[-117.77277,33.95556],[-117.77192,33.95623],[-117.76918,33.95765],[-117.76789,33.95873],[-117.76567,33.96032],[-117.76385,33.96138],[-117.76219,33.96317],[-117.7605,33.96417],[-117.76023,33.96457],[-117.75982,33.96563],[-117.75974,33.96662],[-117.75959,33.96688],[-117.75927,33.96702],[-117.75817,33.96709],[-117.75639,33.96658],[-117.75627,33.96671],[-117.75633,33.96683],[-117.75718,33.96725],[-117.75719,33.9674],[-117.75703,33.96746],[-117.7552,33.9669],[-117.75433,33.967],[-117.75391,33.96733],[-117.75369,33.96738],[-117.75303,33.96699],[-117.75251,33.96692],[-117.75221,33.96704],[-117.75162,33.96776],[-117.74994,33.96903],[-117.74943,33.96969],[-117.74874,33.97111],[-117.74816,33.97188],[-117.74675,33.97319],[-117.7464,33.97367],[-117.74583,33.9754],[-117.74488,33.97696],[-117.74203,33.97967],[-117.74107,33.98112]]]}},{"type":"Feature","properties":{"id":"pch-orange-county","name":"Pacific Coast Highway \u00b7 Orange County","difficulty":1,"character":"Low speed"},"geometry":{"type":"MultiLineString","coordinates":[[[-117.92313,33.61975],[-117.92071,33.61867],[-117.91914,33.61765],[-117.91786,33.61704],[-117.91425,33.61614],[-117.91346,33.616],[-117.91212,33.61593],[-117.90879,33.61607],[-117.90722,33.61625],[-117.9051,33.61675],[-117.90372,33.6167],[-117.90233,33.61629],[-117.90052,33.61616],[-117.8992,33.61579],[-117.89835,33.61541],[-117.89599,33.61387],[-117.89455,33.61333],[-117.88607,33.61189],[-117.88496,33.61157],[-117.88389,33.61108],[-117.87469,33.60475],[-117.87404,33.60417],[-117.87337,33.60303],[-117.87139,33.59693],[-117.87091,33.59629],[-117.87019,33.59565],[-117.86922,33.59491],[-117.85726,33.58869],[-117.85553,33.5876],[-117.84193,33.57824],[-117.84118,33.57765],[-117.84046,33.57685],[-117.83871,33.57377],[-117.83756,33.57253],[-117.83276,33.56858],[-117.82512,33.56366],[-117.82347,33.56194],[-117.82132,33.56044],[-117.81997,33.55936],[-117.81837,33.55774],[-117.8179,33.55739],[-117.81716,33.55697],[-117.81373,33.55549],[-117.8101,33.55336],[-117.80903,33.55305],[-117.8074,33.55291],[-117.80685,33.55269],[-117.80593,33.552],[-117.80524,33.5509],[-117.80485,33.55046],[-117.80424,33.55002],[-117.80344,33.54962],[-117.80029,33.54842],[-117.79544,33.54677],[-117.79369,33.54582],[-117.78532,33.54275],[-117.78425,33.54216],[-117.78334,33.54205],[-117.78027,33.53853],[-117.77576,33.53247],[-117.76881,33.52672],[-117.76569,33.52424],[-117.76306,33.52195],[-117.76163,33.52104],[-117.76006,33.51899],[-117.75689,33.5158],[-117.75413,33.51247],[-117.75191,33.51065],[-117.75151,33.51022],[-117.75047,33.50868],[-117.75007,33.50823],[-117.74895,33.50742],[-117.74575,33.50433],[-117.74435,33.5025],[-117.74277,33.50018],[-117.74189,33.49943],[-117.74028,33.49846],[-117.73948,33.49776],[-117.73852,33.4965],[-117.73742,33.49475],[-117.73681,33.49404],[-117.73185,33.49066],[-117.73165,33.49062],[-117.73037,33.48962],[-117.72112,33.48167],[-117.71986,33.48044],[-117.71858,33.47882],[-117.71055,33.46682],[-117.71003,33.46624],[-117.70889,33.46566],[-117.70799,33.4655],[-117.70732,33.46552],[-117.69721,33.46741],[-117.69637,33.46748],[-117.69588,33.46742],[-117.69305,33.46633],[-117.68951,33.4656]]]}},{"type":"Feature","properties":{"id":"the-snake","name":"Mulholland Highway \u00b7 The Snake","difficulty":3,"character":"Technical"},"geometry":{"type":"MultiLineString","coordinates":[[[-118.81266,34.09648],[-118.80929,34.09613],[-118.80617,34.09639],[-118.80556,34.09655],[-118.80531,34.09674],[-118.80501,34.09741],[-118.80485,34.09896],[-118.80486,34.10009],[-118.80393,34.10092],[-118.8037,34.10089],[-118.8036,34.10071],[-118.8041,34.10019],[-118.80414,34.09971],[-118.80316,34.0994],[-118.80287,34.09889],[-118.80267,34.09885],[-118.8019,34.09909],[-118.80129,34.09915],[-118.80111,34.09909],[-118.80086,34.09879],[-118.80064,34.09874],[-118.79971,34.09925],[-118.79948,34.09966],[-118.79932,34.09975],[-118.79906,34.09959],[-118.79897,34.09931],[-118.79903,34.09876],[-118.79879,34.09862],[-118.79855,34.09879],[-118.79837,34.09919],[-118.79795,34.09958],[-118.79757,34.09952],[-118.79731,34.09895],[-118.79694,34.09889],[-118.79638,34.09913],[-118.79575,34.09982],[-118.79413,34.10057],[-118.79359,34.1006],[-118.79316,34.1009],[-118.79267,34.10089],[-118.79228,34.10075],[-118.79193,34.10082],[-118.79187,34.10101],[-118.79213,34.10137],[-118.79176,34.10166],[-118.79183,34.10258],[-118.79147,34.10297],[-118.79171,34.10364],[-118.7919,34.10375],[-118.79208,34.10375],[-118.79225,34.10358],[-118.79227,34.10316],[-118.79288,34.10318],[-118.79303,34.10307],[-118.79316,34.10279],[-118.79344,34.10279],[-118.79337,34.10346],[-118.79345,34.10364],[-118.79389,34.10409],[-118.79484,34.10452],[-118.79513,34.10487],[-118.79513,34.10573],[-118.79488,34.10593],[-118.79236,34.10652],[-118.79106,34.10754],[-118.79018,34.10801],[-118.78936,34.10898],[-118.78818,34.10995],[-118.78791,34.11104],[-118.78621,34.11369],[-118.78593,34.11381],[-118.78534,34.11379]]]}},{"type":"Feature","properties":{"id":"mulholland-drive","name":"Mulholland Drive","difficulty":2,"character":"Low speed"},"geometry":{"type":"MultiLineString","coordinates":[[[-118.34146,34.12363],[-118.34234,34.12293],[-118.34212,34.12272],[-118.34157,34.12174],[-118.34161,34.12142],[-118.34221,34.12114],[-118.34219,34.12101],[-118.34177,34.12055],[-118.34177,34.12038],[-118.34203,34.12029],[-118.34279,34.12058],[-118.3431,34.12057],[-118.34322,34.12035],[-118.34285,34.11973],[-118.34289,34.11954],[-118.34314,34.11943],[-118.34382,34.1195],[-118.34399,34.11942],[-118.34409,34.11921],[-118.34397,34.11882],[-118.34362,34.11831],[-118.34301,34.1176],[-118.34235,34.11705],[-118.34236,34.11659],[-118.34271,34.11643],[-118.34368,34.11676],[-118.34499,34.11768],[-118.34576,34.11783],[-118.34635,34.11821],[-118.34698,34.11828],[-118.34718,34.11871],[-118.34741,34.11954],[-118.34745,34.1201],[-118.34756,34.12023],[-118.34867,34.12023],[-118.35033,34.11998],[-118.35111,34.12005],[-118.3517,34.11978],[-118.35233,34.11978],[-118.35291,34.11952],[-118.35314,34.11953],[-118.35482,34.12112],[-118.35586,34.12127],[-118.3568,34.12195],[-118.35798,34.12206],[-118.35945,34.12292],[-118.35951,34.12304],[-118.35941,34.12321],[-118.35814,34.12356],[-118.358,34.12364],[-118.35796,34.12381],[-118.35916,34.12503],[-118.35921,34.12554],[-118.35932,34.12568],[-118.36069,34.12621],[-118.36073,34.12648],[-118.36033,34.12727],[-118.36032,34.12752],[-118.36059,34.12783],[-118.36127,34.12824],[-118.36181,34.1283],[-118.36236,34.12819],[-118.36359,34.12832],[-118.36566,34.1289],[-118.36689,34.12896],[-118.36761,34.12941],[-118.36959,34.12923],[-118.3698,34.12936],[-118.36986,34.12969],[-118.37,34.12985],[-118.37098,34.12997],[-118.37169,34.13062],[-118.37237,34.13109],[-118.37336,34.13098],[-118.37353,34.13085],[-118.37355,34.13069],[-118.37347,34.13056],[-118.37298,34.13024],[-118.37266,34.12937],[-118.37182,34.12874],[-118.37198,34.12823],[-118.37164,34.12732],[-118.37158,34.12672],[-118.37179,34.12653],[-118.37245,34.12642],[-118.37267,34.12645],[-118.37306,34.1268],[-118.3733,34.12689],[-118.37372,34.12686],[-118.37398,34.1267],[-118.37421,34.12569],[-118.37476,34.12485],[-118.37476,34.12398],[-118.37502,34.12368],[-118.37558,34.12342],[-118.37582,34.12312],[-118.37583,34.12279],[-118.3756,34.12223],[-118.37576,34.12191],[-118.37669,34.12206],[-118.37731,34.12238],[-118.37785,34.12221],[-118.37813,34.12223],[-118.37877,34.12256],[-118.37991,34.12266],[-118.3804,34.12297],[-118.3809,34.12314],[-118.38118,34.12302],[-118.38137,34.12258],[-118.38161,34.1224],[-118.38187,34.12241],[-118.38238,34.12266],[-118.38258,34.12267],[-118.38347,34.12202],[-118.38466,34.12188],[-118.38565,34.12145],[-118.38613,34.12138],[-118.38647,34.12145],[-118.38685,34.12172],[-118.38733,34.12331],[-118.3876,34.12346],[-118.38863,34.12321],[-118.38914,34.12323],[-118.39013,34.12285],[-118.39054,34.12222],[-118.39147,34.12216],[-118.39201,34.12157],[-118.39283,34.12117],[-118.3931,34.12039],[-118.39328,34.12014],[-118.39408,34.12021],[-118.39465,34.11987],[-118.39525,34.11968],[-118.39615,34.11911],[-118.39676,34.11901],[-118.39745,34.1191],[-118.39796,34.11957],[-118.39817,34.12006],[-118.3982,34.12137],[-118.39874,34.12193],[-118.39904,34.12255],[-118.39979,34.12305],[-118.40014,34.12351],[-118.40082,34.1241],[-118.40193,34.12452],[-118.40233,34.12493],[-118.40292,34.12534],[-118.40317,34.12579],[-118.40322,34.12643],[-118.40378,34.12711],[-118.40382,34.12763],[-118.40398,34.12795],[-118.40422,34.12799],[-118.40568,34.12757],[-118.40609,34.12758],[-118.40645,34.1278],[-118.40666,34.12805],[-118.40691,34.12904],[-118.4072,34.12928],[-118.40756,34.12945],[-118.40887,34.12969],[-118.41225,34.12955],[-118.41257,34.12946],[-118.41299,34.12905],[-118.41322,34.12895],[-118.41351,34.12894],[-118.41397,34.12908],[-118.41413,34.12904],[-118.4143,34.12876],[-118.41412,34.12796],[-118.41449,34.12756],[-118.41483,34.12658],[-118.41507,34.12642],[-118.41539,34.12637],[-118.41626,34.12667],[-118.41701,34.12718],[-118.41803,34.12711],[-118.41926,34.12746],[-118.41979,34.12793],[-118.42049,34.12831],[-118.42071,34.12853],[-118.4209,34.1288],[-118.42115,34.12963],[-118.42138,34.12985],[-118.42256,34.12977],[-118.42286,34.12985],[-118.42324,34.13023],[-118.42458,34.13016],[-118.42567,34.1306],[-118.4267,34.13117],[-118.42753,34.13116],[-118.42866,34.13147],[-118.42932,34.13133],[-118.42951,34.13148],[-118.42973,34.13197],[-118.42988,34.13204],[-118.43037,34.13201],[-118.43107,34.13168],[-118.43152,34.13198],[-118.43225,34.13197],[-118.43335,34.13159],[-118.43409,34.13088],[-118.43484,34.13059],[-118.43566,34.13062],[-118.438,34.13159],[-118.43874,34.13168],[-118.44002,34.13142],[-118.44299,34.13038],[-118.44341,34.13032],[-118.44639,34.13054],[-118.44872,34.13132],[-118.44889,34.13142],[-118.44937,34.13203],[-118.45112,34.1318],[-118.45337,34.13211],[-118.454,34.13245],[-118.45455,34.13301],[-118.45483,34.13307],[-118.45585,34.13291],[-118.4564,34.13239],[-118.45689,34.13219],[-118.45777,34.13157],[-118.45863,34.13072],[-118.45907,34.13057],[-118.46076,34.13038],[-118.4616,34.1308],[-118.46214,34.13092],[-118.46266,34.13116],[-118.46303,34.13119],[-118.46329,34.13104],[-118.46357,34.13055],[-118.46418,34.13011],[-118.46444,34.13007],[-118.46547,34.13024],[-118.46632,34.12974],[-118.46677,34.12967],[-118.46711,34.12936],[-118.46741,34.12926],[-118.46875,34.12967],[-118.46969,34.13008],[-118.47026,34.13015],[-118.4708,34.13005],[-118.4713,34.12981],[-118.47159,34.12951],[-118.47344,34.12697],[-118.47386,34.12666],[-118.47451,34.12645],[-118.47753,34.1262],[-118.47802,34.12626],[-118.4785,34.12645],[-118.47886,34.12675],[-118.47913,34.12722],[-118.47925,34.12855],[-118.47945,34.12916],[-118.47992,34.12957]]]}},{"type":"Feature","properties":{"id":"angeles-crest-newcombs","name":"Angeles Crest Highway \u00b7 to Newcomb's Ranch","difficulty":2,"character":"Medium speed"},"geometry":{"type":"MultiLineString","coordinates":[[[-118.04339,34.27295],[-118.04171,34.27351],[-118.04111,34.27364],[-118.03758,34.27352],[-118.03482,34.27383],[-118.03265,34.27332],[-118.03184,34.27278],[-118.03147,34.27269],[-118.02947,34.27296],[-118.02845,34.27293],[-118.02709,34.27302],[-118.02666,34.2729],[-118.02595,34.27243],[-118.02542,34.27233],[-118.02501,34.27246],[-118.02391,34.27308],[-118.02278,34.27318],[-118.02155,34.27349],[-118.02059,34.27339],[-118.02009,34.27343],[-118.01964,34.27362],[-118.01911,34.27403],[-118.01869,34.27417],[-118.01828,34.27415],[-118.01722,34.27378],[-118.01615,34.27394],[-118.01525,34.2739],[-118.01405,34.27467],[-118.01288,34.275],[-118.01185,34.27555],[-118.01064,34.27677],[-118.00998,34.27713],[-118.00826,34.27746],[-118.0073,34.27784],[-118.00621,34.27774],[-118.00572,34.27787],[-118.00539,34.27825],[-118.00488,34.27938],[-118.00365,34.28037],[-118.00186,34.28251],[-117.99952,34.28448],[-117.99858,34.28478],[-117.99606,34.28515],[-117.99534,34.28514],[-117.99423,34.28494],[-117.99385,34.28497],[-117.99323,34.28521],[-117.9929,34.28554],[-117.99273,34.28597],[-117.99271,34.28631],[-117.99298,34.28688],[-117.99446,34.28868],[-117.99502,34.28904],[-117.99573,34.28933],[-117.9962,34.28985],[-117.99618,34.29045],[-117.99556,34.29235],[-117.99555,34.29262],[-117.99571,34.29293],[-117.9963,34.29319],[-117.99765,34.29307],[-117.9984,34.29321],[-117.99912,34.29368],[-117.99963,34.29454],[-118.00009,34.29493],[-118.00059,34.29504],[-118.0019,34.29501],[-118.00231,34.29512],[-118.00278,34.29542],[-118.00312,34.29588],[-118.00323,34.29651],[-118.00309,34.29694],[-118.00257,34.29773],[-118.0026,34.29815],[-118.00283,34.29841],[-118.00312,34.29858],[-118.00361,34.29864],[-118.00528,34.29818],[-118.00595,34.2981],[-118.00881,34.29838],[-118.00954,34.29861],[-118.01022,34.29899],[-118.01249,34.30056],[-118.01294,34.30096],[-118.01348,34.30171],[-118.01376,34.30269],[-118.01371,34.30345],[-118.01323,34.3049],[-118.01333,34.30573],[-118.01374,34.30628],[-118.0149,34.30713],[-118.01577,34.30826],[-118.01604,34.30882],[-118.01594,34.30941],[-118.01554,34.30983],[-118.015,34.31003],[-118.01378,34.31004],[-118.01344,34.31013],[-118.01309,34.31034],[-118.0124,34.31113],[-118.01177,34.3115],[-118.01097,34.31161],[-118.00974,34.31142],[-118.00937,34.31143],[-118.0089,34.31161],[-118.00853,34.31195],[-118.00756,34.31386],[-118.00753,34.31441],[-118.00775,34.3148],[-118.00803,34.31504],[-118.00943,34.31556],[-118.00985,34.31585],[-118.01016,34.31623],[-118.01043,34.31686],[-118.01067,34.31783],[-118.01057,34.31827],[-118.01024,34.31872],[-118.00971,34.31902],[-118.00912,34.31912],[-118.00732,34.31873],[-118.00508,34.31903],[-118.00324,34.31901],[-118.00288,34.3191],[-118.00242,34.31944],[-118.00176,34.32049],[-118.00172,34.32098],[-118.003,34.32278],[-118.00318,34.32349],[-118.00257,34.32688],[-118.00177,34.32947]]]}},{"type":"Feature","properties":{"id":"east-fork-road","name":"East Fork Road","difficulty":2,"character":"Medium speed"},"geometry":{"type":"MultiLineString","coordinates":[[[-117.77198,34.22906],[-117.77357,34.22998],[-117.77418,34.23013],[-117.77501,34.23021],[-117.77591,34.23018],[-117.7772,34.2297],[-117.77805,34.22967],[-117.77916,34.22947],[-117.77949,34.2295],[-117.78006,34.22979],[-117.78051,34.22989],[-117.78212,34.22975],[-117.78415,34.23009],[-117.78569,34.22993],[-117.78661,34.23002],[-117.7876,34.23038],[-117.78803,34.23063],[-117.78852,34.23121],[-117.78927,34.23233],[-117.78977,34.23254],[-117.79021,34.23255],[-117.79055,34.23245],[-117.7913,34.23174],[-117.79199,34.23155],[-117.79252,34.23169],[-117.79383,34.23261],[-117.79446,34.23283],[-117.79584,34.2328],[-117.79751,34.23242],[-117.79898,34.23257],[-117.79952,34.23282],[-117.80039,34.23382],[-117.80077,34.23406],[-117.80218,34.23431],[-117.80338,34.23469],[-117.80383,34.23495],[-117.80435,34.23566],[-117.80475,34.23601],[-117.8068,34.2367],[-117.80733,34.23679],[-117.80908,34.23682],[-117.80973,34.23701],[-117.8106,34.2375],[-117.81103,34.23763],[-117.81152,34.23757],[-117.81259,34.23725],[-117.81457,34.23692],[-117.81662,34.23674],[-117.81744,34.23678],[-117.8189,34.23714],[-117.81953,34.23749],[-117.82011,34.23892],[-117.82176,34.24012],[-117.82235,34.24034],[-117.82277,34.24036],[-117.82336,34.24013],[-117.8245,34.23896],[-117.82532,34.23849],[-117.82595,34.23826],[-117.82753,34.23831],[-117.82908,34.23809],[-117.82969,34.23811],[-117.83474,34.23909],[-117.83534,34.23909],[-117.83607,34.23871],[-117.83728,34.23846],[-117.83883,34.23737],[-117.84047,34.23688],[-117.84128,34.23604],[-117.843,34.23557],[-117.84345,34.23563],[-117.84381,34.23586],[-117.84437,34.23689],[-117.84471,34.23716],[-117.84592,34.23736],[-117.84765,34.23799],[-117.84796,34.23817],[-117.84852,34.23876],[-117.84884,34.23891],[-117.85131,34.23911]]]}},{"type":"Feature","properties":{"id":"bouquet-canyon","name":"Bouquet Canyon Road","difficulty":2,"character":"Medium speed"},"geometry":{"type":"MultiLineString","coordinates":[[[-118.45515,34.50019],[-118.45471,34.50076],[-118.45389,34.5014],[-118.45343,34.5019],[-118.45319,34.50241],[-118.45312,34.50429],[-118.45298,34.50477],[-118.45261,34.5051],[-118.45189,34.5055],[-118.4516,34.50585],[-118.45161,34.5063],[-118.45254,34.5074],[-118.45269,34.50772],[-118.45282,34.50915],[-118.45259,34.50932],[-118.45138,34.50969],[-118.45104,34.51066],[-118.4506,34.51155],[-118.45036,34.51186],[-118.44955,34.51235],[-118.4492,34.51278],[-118.44915,34.51316],[-118.44968,34.51376],[-118.44971,34.51393],[-118.44959,34.51409],[-118.44896,34.51435],[-118.44847,34.51487],[-118.44844,34.51515],[-118.44865,34.51578],[-118.44862,34.51607],[-118.44782,34.51664],[-118.44704,34.51753],[-118.44702,34.51873],[-118.44693,34.51902],[-118.44646,34.51936],[-118.44597,34.52002],[-118.44539,34.5204],[-118.44494,34.52155],[-118.44408,34.52218],[-118.44332,34.52301],[-118.44183,34.52372],[-118.44142,34.52418],[-118.44137,34.52458],[-118.44154,34.52484],[-118.44177,34.525],[-118.44248,34.52518],[-118.44267,34.52546],[-118.44244,34.5263],[-118.44284,34.52738],[-118.44247,34.52805],[-118.44272,34.52883],[-118.44263,34.52945],[-118.44295,34.53027],[-118.44294,34.53058],[-118.44192,34.53268],[-118.4411,34.53306],[-118.44044,34.53361],[-118.43993,34.53415],[-118.43971,34.53463],[-118.43974,34.53687],[-118.43989,34.53792],[-118.43951,34.5385],[-118.43927,34.5396],[-118.43888,34.5403],[-118.43843,34.54178],[-118.43826,34.54196],[-118.43742,34.54235],[-118.43679,34.54348],[-118.43647,34.54427],[-118.43607,34.54455],[-118.43534,34.54469],[-118.4351,34.54488],[-118.43413,34.54618],[-118.43402,34.54684],[-118.43382,34.54721],[-118.4326,34.54799],[-118.43214,34.54898],[-118.43186,34.54924],[-118.43146,34.54933],[-118.43008,34.54928],[-118.42901,34.54962],[-118.42831,34.54947],[-118.4279,34.5495],[-118.42751,34.54981],[-118.42744,34.55058],[-118.42727,34.55092],[-118.42646,34.55152],[-118.42578,34.5524],[-118.42539,34.55273],[-118.42487,34.55292],[-118.42319,34.55325],[-118.42158,34.55337],[-118.42047,34.55397],[-118.41966,34.55425],[-118.41906,34.55424],[-118.4179,34.55391],[-118.41393,34.55375],[-118.41246,34.55347],[-118.41147,34.5535],[-118.41098,34.5543],[-118.41064,34.55457],[-118.41006,34.55477],[-118.4086,34.55504],[-118.40811,34.5553],[-118.40784,34.55558],[-118.40716,34.55671],[-118.40657,34.55735],[-118.40599,34.55891],[-118.40536,34.55962],[-118.40492,34.55991],[-118.40402,34.56004],[-118.40364,34.5602],[-118.40169,34.56149],[-118.40123,34.56161],[-118.40056,34.5616],[-118.40024,34.56169],[-118.3998,34.56221],[-118.39956,34.56274],[-118.3987,34.56344],[-118.39839,34.56422],[-118.3975,34.56469],[-118.39618,34.56639],[-118.39579,34.56663],[-118.39452,34.56709],[-118.39371,34.56803],[-118.39226,34.56922],[-118.39189,34.56965],[-118.3916,34.56987],[-118.39054,34.57033],[-118.39021,34.57057],[-118.38947,34.57156],[-118.38902,34.57173],[-118.38816,34.5717],[-118.38765,34.57194],[-118.38691,34.57324],[-118.38541,34.5743],[-118.38523,34.57465],[-118.38532,34.57547],[-118.38494,34.5759],[-118.38462,34.57602],[-118.38373,34.57607],[-118.3834,34.57632],[-118.38311,34.57679],[-118.3828,34.57695],[-118.38239,34.57701],[-118.37971,34.57666],[-118.37661,34.57596],[-118.37568,34.57596],[-118.3736,34.57642],[-118.37103,34.5777],[-118.36933,34.57826],[-118.36908,34.5785],[-118.36892,34.57887],[-118.3688,34.58029],[-118.36838,34.58083],[-118.36681,34.5818],[-118.36468,34.58285],[-118.36357,34.58359],[-118.36257,34.58397],[-118.36112,34.5843],[-118.36003,34.58434],[-118.3588,34.58417],[-118.35761,34.58386],[-118.35446,34.58337],[-118.35147,34.58376],[-118.34579,34.583],[-118.34077,34.58334],[-118.33982,34.58321],[-118.33833,34.58282],[-118.33738,34.58268],[-118.33612,34.58276],[-118.33268,34.58324],[-118.3268,34.58339],[-118.32424,34.58385],[-118.32146,34.58365],[-118.31904,34.58383],[-118.31833,34.58396],[-118.31608,34.58467],[-118.31498,34.58481],[-118.31344,34.58478],[-118.31081,34.58422],[-118.30966,34.5842],[-118.3076,34.58447],[-118.3068,34.58471],[-118.30629,34.58519],[-118.30524,34.58693],[-118.30487,34.58724],[-118.30439,34.58744],[-118.30371,34.58753],[-118.29931,34.58748],[-118.29683,34.58763],[-118.29481,34.58722],[-118.29404,34.58719],[-118.29144,34.58763],[-118.28896,34.589],[-118.28848,34.58916],[-118.27853,34.59181],[-118.27792,34.59215],[-118.27619,34.59425],[-118.2757,34.59471],[-118.27525,34.59491],[-118.27472,34.59498],[-118.27219,34.59505],[-118.27155,34.59535],[-118.27106,34.59596],[-118.27096,34.59675],[-118.2711,34.61172]]]}},{"type":"Feature","properties":{"id":"lake-hughes-road","name":"Lake Hughes Road","difficulty":2,"character":"Medium speed"},"geometry":{"type":"MultiLineString","coordinates":[[[-118.62384,34.49587],[-118.62137,34.497],[-118.61996,34.49736],[-118.61875,34.49745],[-118.6104,34.49713],[-118.60928,34.49735],[-118.60855,34.49774],[-118.60798,34.49828],[-118.60734,34.49918],[-118.60677,34.49979],[-118.60454,34.50111],[-118.60402,34.50164],[-118.60374,34.50223],[-118.60284,34.50581],[-118.60261,34.50749],[-118.60198,34.50829],[-118.59842,34.51078],[-118.59753,34.51173],[-118.597,34.51284],[-118.59596,34.51759],[-118.59577,34.51803],[-118.59526,34.51858],[-118.59479,34.51884],[-118.59426,34.51901],[-118.5937,34.51906],[-118.59314,34.51899],[-118.58485,34.51654],[-118.58414,34.51639],[-118.58304,34.51644],[-118.58235,34.51665],[-118.58173,34.51698],[-118.58102,34.51753],[-118.57876,34.52007],[-118.57783,34.52187],[-118.57677,34.52299],[-118.57473,34.52546],[-118.57413,34.52607],[-118.57198,34.52742],[-118.5713,34.52815],[-118.57038,34.53015],[-118.56705,34.53344],[-118.56666,34.53406],[-118.56526,34.53756],[-118.56488,34.53814],[-118.56015,34.5432],[-118.55942,34.54371],[-118.55848,34.54404],[-118.55595,34.54416],[-118.55526,34.54427],[-118.55432,34.54467],[-118.54955,34.54728],[-118.54691,34.54829],[-118.54635,34.54861],[-118.5404,34.55327],[-118.54018,34.55383],[-118.54018,34.55445],[-118.54198,34.55753],[-118.54294,34.56024],[-118.54335,34.56071],[-118.54386,34.56106],[-118.54448,34.56133],[-118.54521,34.56145],[-118.5463,34.5613],[-118.54698,34.56099],[-118.54807,34.56027],[-118.54895,34.5601],[-118.54979,34.56034],[-118.55133,34.56135],[-118.55188,34.56148],[-118.55255,34.56146],[-118.55618,34.56014],[-118.55784,34.55892],[-118.55812,34.55876],[-118.55875,34.55862],[-118.56011,34.55851],[-118.56077,34.55864],[-118.56113,34.55883],[-118.56138,34.5591],[-118.56165,34.55957],[-118.56171,34.55981],[-118.5616,34.56036],[-118.56119,34.56087],[-118.56058,34.56119],[-118.55873,34.56154],[-118.55627,34.56314],[-118.55573,34.56384],[-118.55547,34.56503],[-118.55553,34.56558],[-118.55598,34.56634],[-118.55717,34.56729],[-118.55753,34.56774],[-118.55797,34.56923],[-118.55862,34.57031],[-118.55868,34.57058],[-118.55851,34.57121],[-118.55771,34.57219],[-118.55755,34.57251],[-118.55727,34.57379],[-118.55642,34.57473],[-118.55615,34.57525],[-118.55618,34.57576],[-118.55672,34.57706],[-118.55677,34.57745],[-118.55643,34.57799],[-118.55554,34.57893],[-118.55535,34.57928],[-118.55525,34.57983],[-118.55547,34.58007],[-118.55666,34.58034],[-118.5572,34.58071],[-118.55774,34.58144],[-118.55802,34.58259],[-118.55848,34.58289],[-118.55871,34.58341],[-118.55987,34.584],[-118.56035,34.58446],[-118.56043,34.58477],[-118.56031,34.58533],[-118.5599,34.58573],[-118.55978,34.58598],[-118.56007,34.58619],[-118.561,34.5863],[-118.56139,34.58653],[-118.56145,34.58677],[-118.56119,34.58756],[-118.56129,34.5883],[-118.56124,34.58915],[-118.56166,34.58993],[-118.56225,34.59049],[-118.56228,34.59069],[-118.56217,34.59115],[-118.56163,34.59211],[-118.5616,34.59321],[-118.56185,34.5934],[-118.56298,34.59338],[-118.56332,34.59347],[-118.56381,34.59371],[-118.56402,34.59414],[-118.56385,34.59474],[-118.56189,34.59741],[-118.56013,34.59897],[-118.55922,34.60081],[-118.55871,34.60131],[-118.558,34.60172],[-118.55766,34.60271],[-118.5571,34.60344],[-118.55729,34.60435],[-118.55676,34.60508],[-118.5568,34.60529],[-118.55702,34.60543],[-118.55826,34.60514],[-118.55888,34.60484],[-118.55958,34.60413],[-118.56014,34.60379],[-118.56045,34.60371],[-118.56078,34.60383],[-118.56093,34.60402],[-118.56094,34.60442],[-118.56024,34.60598],[-118.5603,34.60623],[-118.56076,34.60651],[-118.56089,34.60671],[-118.56054,34.60765],[-118.56059,34.60843],[-118.56082,34.6087],[-118.56179,34.60907],[-118.56219,34.60931],[-118.56261,34.6098],[-118.56277,34.61029],[-118.56271,34.6106],[-118.56254,34.61083],[-118.56075,34.6123],[-118.56029,34.61306],[-118.56037,34.61345],[-118.56098,34.61384],[-118.5612,34.61414],[-118.56114,34.6149],[-118.56056,34.61562],[-118.56047,34.616],[-118.56096,34.61722],[-118.561,34.61786],[-118.56154,34.61835],[-118.56172,34.61894],[-118.56168,34.61919],[-118.56138,34.61967],[-118.5603,34.62082],[-118.55988,34.62113],[-118.55838,34.62184],[-118.55617,34.62249],[-118.55443,34.62349],[-118.5518,34.6247],[-118.54922,34.62632],[-118.54734,34.62761],[-118.54698,34.62797],[-118.54636,34.62823],[-118.546,34.62854],[-118.54586,34.62884],[-118.54582,34.62931],[-118.54544,34.62979],[-118.54503,34.62998],[-118.5446,34.63005],[-118.54332,34.63001],[-118.54298,34.63019],[-118.5423,34.63102],[-118.54185,34.63129],[-118.54046,34.63169],[-118.53899,34.6318],[-118.53571,34.63233],[-118.53426,34.63224],[-118.53392,34.63235],[-118.53314,34.63307],[-118.53109,34.63379],[-118.52962,34.63501],[-118.52944,34.63532],[-118.52951,34.63645],[-118.52928,34.63709],[-118.52918,34.63811],[-118.52877,34.63872],[-118.5275,34.63955],[-118.52715,34.6397],[-118.52603,34.6397],[-118.52576,34.63982],[-118.5254,34.64045],[-118.52502,34.64081],[-118.524,34.64119],[-118.52296,34.64225],[-118.52023,34.64357],[-118.51924,34.64421],[-118.51828,34.64462],[-118.51717,34.64484],[-118.51541,34.64488],[-118.51496,34.64481],[-118.51445,34.64454],[-118.51414,34.64448],[-118.51309,34.64495],[-118.51274,34.645],[-118.51239,34.64491],[-118.51171,34.64436],[-118.51138,34.64424],[-118.51115,34.64426],[-118.51043,34.64462],[-118.50961,34.64456],[-118.50893,34.64423],[-118.50825,34.64355],[-118.5079,34.64333],[-118.50664,34.64315],[-118.50479,34.64323],[-118.50415,34.64305],[-118.50376,34.64267],[-118.50364,34.6423],[-118.50379,34.64185],[-118.50433,34.6414],[-118.50436,34.64117],[-118.50424,34.64094],[-118.50153,34.64022],[-118.50114,34.64041],[-118.50055,34.64102],[-118.49951,34.64155],[-118.49914,34.64166],[-118.49756,34.64184],[-118.49693,34.64204],[-118.49648,34.64245],[-118.49611,34.6432],[-118.4953,34.64373],[-118.49468,34.64393],[-118.49348,34.64405],[-118.49161,34.64491],[-118.48928,34.64627],[-118.48844,34.64696],[-118.48613,34.64942],[-118.48558,34.64981],[-118.48235,34.65161],[-118.48124,34.65237],[-118.48024,34.65336],[-118.47969,34.65372],[-118.47863,34.65398],[-118.47679,34.65415],[-118.47375,34.65371],[-118.47308,34.65369],[-118.46779,34.65489],[-118.46671,34.65503],[-118.4662,34.65498],[-118.46531,34.65456],[-118.46504,34.65455],[-118.46473,34.65466],[-118.46366,34.65538],[-118.46342,34.65572],[-118.4628,34.65694],[-118.46293,34.65784],[-118.46276,34.65817],[-118.46054,34.65958],[-118.45892,34.6616],[-118.45861,34.66177],[-118.45749,34.66202],[-118.45577,34.66315],[-118.45567,34.66384],[-118.45526,34.66461],[-118.45534,34.66566],[-118.455,34.66637],[-118.45526,34.66696],[-118.45529,34.66767],[-118.45499,34.66838],[-118.45457,34.66891],[-118.45442,34.6697],[-118.45447,34.67003],[-118.45513,34.67108],[-118.45532,34.67185],[-118.45555,34.67363],[-118.45538,34.67401],[-118.45267,34.67735],[-118.45242,34.67794],[-118.45216,34.67903]]]}},{"type":"Feature","properties":{"id":"corral-canyon","name":"Corral Canyon Road","difficulty":3,"character":"Technical"},"geometry":{"type":"MultiLineString","coordinates":[[[-118.74327,34.03313],[-118.74343,34.03336],[-118.7444,34.03376],[-118.74472,34.03402],[-118.74478,34.03443],[-118.7445,34.03493],[-118.7442,34.03486],[-118.74349,34.03431],[-118.74269,34.03414],[-118.74229,34.03419],[-118.74189,34.03395],[-118.74139,34.03398],[-118.73977,34.03452],[-118.73897,34.03523],[-118.73729,34.03557],[-118.7363,34.0359],[-118.73616,34.03603],[-118.73628,34.0363],[-118.73683,34.0364],[-118.73699,34.03651],[-118.73732,34.03707],[-118.73811,34.03764],[-118.73842,34.03775],[-118.73916,34.03775],[-118.73951,34.03784],[-118.74053,34.03852],[-118.74075,34.03885],[-118.74054,34.03962],[-118.74062,34.04054],[-118.73975,34.04115],[-118.73932,34.0418],[-118.73925,34.04217],[-118.73887,34.04245],[-118.73899,34.04255],[-118.73964,34.04225],[-118.73982,34.04249],[-118.73972,34.04294],[-118.73941,34.04342],[-118.73958,34.04437],[-118.7394,34.04462],[-118.73896,34.04492],[-118.73873,34.04535],[-118.73933,34.04715],[-118.73961,34.04832],[-118.73945,34.04994],[-118.73924,34.05058],[-118.73943,34.05243],[-118.73975,34.05297],[-118.73971,34.05339],[-118.74009,34.05414],[-118.74043,34.05448],[-118.74049,34.05485],[-118.74076,34.05516],[-118.7406,34.05589],[-118.74088,34.05644],[-118.7409,34.05709],[-118.74114,34.05746],[-118.74087,34.05829],[-118.74092,34.05903],[-118.74057,34.05946],[-118.74039,34.05997],[-118.7411,34.06007],[-118.74188,34.06035],[-118.74324,34.06065],[-118.74489,34.06049],[-118.74583,34.06138],[-118.74646,34.06218],[-118.74768,34.06303],[-118.74835,34.06335],[-118.74943,34.06343],[-118.74984,34.06378],[-118.75079,34.06402],[-118.75083,34.06421],[-118.75054,34.06494],[-118.75062,34.06515],[-118.75086,34.06521],[-118.75147,34.06496],[-118.75167,34.06498],[-118.75205,34.06551],[-118.75256,34.06551],[-118.75283,34.06591],[-118.75336,34.06594],[-118.7545,34.06657],[-118.75473,34.06651],[-118.7551,34.06598],[-118.75538,34.06603],[-118.75539,34.06622],[-118.75503,34.06662],[-118.75483,34.06677],[-118.75449,34.06683],[-118.75437,34.06719],[-118.75324,34.06804],[-118.75335,34.06822],[-118.75387,34.06847],[-118.75379,34.06917],[-118.75423,34.06991],[-118.75392,34.07063],[-118.75393,34.07086],[-118.75429,34.07139],[-118.75466,34.07163],[-118.75474,34.07189],[-118.75465,34.07216],[-118.75348,34.07269],[-118.75336,34.07298],[-118.75351,34.07343],[-118.75399,34.07383],[-118.75422,34.07446],[-118.75478,34.07469],[-118.75547,34.07531],[-118.75501,34.07568],[-118.75495,34.07652],[-118.75439,34.07702],[-118.7553,34.07826],[-118.75563,34.07921],[-118.75562,34.0795],[-118.75516,34.07988],[-118.75517,34.0801],[-118.75554,34.08032],[-118.75601,34.08032],[-118.75624,34.0807],[-118.75665,34.08058],[-118.75701,34.08069],[-118.75709,34.08107],[-118.7575,34.08133]]]}},{"type":"Feature","properties":{"id":"deer-creek","name":"Deer Creek Road","difficulty":3,"character":"Technical"},"geometry":{"type":"MultiLineString","coordinates":[[[-118.98552,34.06218],[-118.98511,34.06266],[-118.98482,34.06335],[-118.98483,34.06358],[-118.98524,34.06426],[-118.98639,34.06554],[-118.98706,34.06683],[-118.98719,34.06685],[-118.98726,34.06675],[-118.98709,34.06556],[-118.98718,34.06516],[-118.98747,34.06497],[-118.98796,34.065],[-118.98976,34.06588],[-118.99041,34.06636],[-118.99096,34.06734],[-118.99079,34.06812],[-118.99094,34.0684],[-118.99155,34.06864],[-118.99252,34.06926],[-118.99422,34.06947],[-118.99441,34.06961],[-118.99403,34.07011],[-118.99336,34.07038],[-118.99237,34.07154],[-118.99234,34.07176],[-118.99257,34.07251],[-118.99206,34.07318],[-118.99194,34.07361],[-118.99219,34.07456],[-118.99221,34.07527],[-118.9917,34.07559],[-118.99097,34.07635],[-118.99088,34.07722],[-118.99016,34.07858],[-118.99014,34.07913],[-118.98997,34.07967],[-118.98971,34.08001],[-118.9892,34.08019],[-118.9887,34.08061],[-118.98861,34.08094],[-118.98802,34.08182],[-118.98778,34.08245],[-118.9869,34.08397],[-118.98672,34.08467],[-118.98727,34.08533],[-118.98721,34.08625],[-118.9874,34.08649],[-118.9882,34.08677],[-118.98841,34.08718],[-118.98738,34.08785],[-118.98667,34.088]]]}},{"type":"Feature","properties":{"id":"modjeska-grade","name":"Modjeska Grade Road","difficulty":3,"character":"Technical"},"geometry":{"type":"MultiLineString","coordinates":[[[-117.64095,33.70765],[-117.64085,33.70752],[-117.6384,33.70605],[-117.63802,33.70574],[-117.63748,33.70504],[-117.63685,33.7048],[-117.6368,33.70433],[-117.63647,33.70375],[-117.63668,33.70309],[-117.63665,33.70276],[-117.63598,33.70195],[-117.63573,33.70134],[-117.63566,33.70091],[-117.63581,33.70044],[-117.63576,33.70022],[-117.63473,33.69961],[-117.63423,33.69894],[-117.63395,33.69818],[-117.63319,33.69762],[-117.63308,33.6973]]]}},{"type":"Feature","properties":{"id":"old-topanga-canyon","name":"Old Topanga Canyon Road","difficulty":3,"character":"Technical"},"geometry":{"type":"MultiLineString","coordinates":[[[-118.60438,34.08964],[-118.60461,34.08969],[-118.60502,34.09],[-118.60525,34.09084],[-118.60611,34.09139],[-118.60675,34.09201],[-118.60763,34.09236],[-118.60848,34.09286],[-118.60956,34.09311],[-118.60999,34.09357],[-118.61038,34.09379],[-118.61148,34.09411],[-118.61171,34.09428],[-118.61223,34.09503],[-118.61331,34.09579],[-118.61466,34.0963],[-118.61526,34.09688],[-118.61606,34.09715],[-118.61652,34.09741],[-118.61725,34.09823],[-118.61756,34.09905],[-118.61857,34.10011],[-118.61896,34.10033],[-118.62027,34.10071],[-118.62083,34.10121],[-118.62126,34.10185],[-118.62158,34.10321],[-118.62231,34.10394],[-118.62264,34.10412],[-118.62326,34.10416],[-118.62417,34.10437],[-118.62738,34.10405],[-118.6281,34.10414],[-118.62861,34.10439],[-118.62892,34.10469],[-118.6293,34.10557],[-118.62915,34.108],[-118.6293,34.10891],[-118.63043,34.1099],[-118.63123,34.11025],[-118.63205,34.11153],[-118.6337,34.11158],[-118.63405,34.11182],[-118.63414,34.11206],[-118.63409,34.11294],[-118.63431,34.11345],[-118.63378,34.11422],[-118.63365,34.11462],[-118.63367,34.11544],[-118.6338,34.11605],[-118.63349,34.11662],[-118.63351,34.11711],[-118.63362,34.11747],[-118.63404,34.11808],[-118.63447,34.11846],[-118.63502,34.11868],[-118.63508,34.11887],[-118.63496,34.11899],[-118.63466,34.11906],[-118.6339,34.11892],[-118.63371,34.11899],[-118.63363,34.11914],[-118.63379,34.1195],[-118.63375,34.11967],[-118.63303,34.11984],[-118.63272,34.12003],[-118.6324,34.1204],[-118.6321,34.12108],[-118.63137,34.12148],[-118.63117,34.12225],[-118.63077,34.12276],[-118.63045,34.12337],[-118.63045,34.12362],[-118.63164,34.12433],[-118.63186,34.12432],[-118.63195,34.1242],[-118.63192,34.12401],[-118.63143,34.12349],[-118.63124,34.1231],[-118.63143,34.12287],[-118.6317,34.12286],[-118.63227,34.12318],[-118.63263,34.12401],[-118.63323,34.12468],[-118.63401,34.12474],[-118.63514,34.12513],[-118.63537,34.1251],[-118.63581,34.12478],[-118.6361,34.12416],[-118.63639,34.12394],[-118.63664,34.12391],[-118.63711,34.12411],[-118.63793,34.12418],[-118.63819,34.1243],[-118.6382,34.12465],[-118.63775,34.12506],[-118.63793,34.12526],[-118.63856,34.12536],[-118.63903,34.12509],[-118.63934,34.12508],[-118.63954,34.12518],[-118.63983,34.12553],[-118.64111,34.12558],[-118.64198,34.12589],[-118.64211,34.12605],[-118.64203,34.12619],[-118.64182,34.12626],[-118.64142,34.12616],[-118.64095,34.12583],[-118.63927,34.12585],[-118.63826,34.12621],[-118.63729,34.12636],[-118.6372,34.12651],[-118.63721,34.12743],[-118.63624,34.12875],[-118.63589,34.12985],[-118.63565,34.13025],[-118.63576,34.13114],[-118.63559,34.13171],[-118.63567,34.13232],[-118.63555,34.13281],[-118.63486,34.13384],[-118.63428,34.13414],[-118.63344,34.13441],[-118.6332,34.13468]]]}},{"type":"Feature","properties":{"id":"tuna-canyon","name":"Tuna Canyon Road","difficulty":3,"character":"Technical"},"geometry":{"type":"MultiLineString","coordinates":[[[-118.6111,34.06814],[-118.61152,34.06813],[-118.61213,34.06843],[-118.61247,34.06842],[-118.613,34.06806],[-118.61353,34.06793],[-118.61372,34.06763],[-118.61412,34.0676],[-118.61428,34.06732],[-118.61467,34.06724],[-118.61481,34.06689],[-118.61504,34.06677],[-118.61565,34.06693],[-118.61614,34.06667],[-118.61637,34.06682],[-118.61661,34.06724],[-118.61683,34.0673],[-118.61708,34.06713],[-118.6173,34.06684],[-118.61723,34.06651],[-118.61737,34.06625],[-118.61691,34.06556],[-118.61653,34.06447],[-118.61692,34.06409],[-118.61694,34.06363],[-118.61705,34.06339],[-118.61749,34.06303],[-118.61763,34.0628],[-118.61746,34.06244],[-118.61767,34.06199],[-118.61747,34.06132],[-118.61761,34.06078],[-118.61757,34.06052],[-118.61688,34.05982],[-118.61642,34.05964],[-118.61563,34.05988],[-118.61494,34.05987],[-118.61408,34.06035],[-118.61378,34.06039],[-118.61279,34.06042],[-118.61218,34.06054],[-118.61171,34.06036],[-118.61142,34.06047],[-118.61032,34.0606],[-118.60994,34.06077],[-118.60944,34.06063],[-118.60886,34.06073],[-118.60851,34.06062],[-118.60812,34.06077],[-118.60653,34.06025],[-118.60582,34.06036],[-118.60521,34.05984],[-118.60476,34.06001],[-118.60462,34.05987],[-118.60448,34.05926],[-118.60432,34.05908],[-118.60367,34.05897],[-118.60289,34.05898],[-118.60216,34.0591],[-118.60165,34.05839],[-118.60167,34.05805],[-118.60091,34.05726],[-118.601,34.05711],[-118.60119,34.05705],[-118.60193,34.05697],[-118.60218,34.05684],[-118.60224,34.05666],[-118.60217,34.05661],[-118.60176,34.05667],[-118.60064,34.0564],[-118.60054,34.05628],[-118.60043,34.05557],[-118.60013,34.05522],[-118.59972,34.05496],[-118.59926,34.05486],[-118.59915,34.05429],[-118.59896,34.0541],[-118.59847,34.05388],[-118.59851,34.0535],[-118.59772,34.05305],[-118.59749,34.05278],[-118.59722,34.05264],[-118.59715,34.05243],[-118.59761,34.05181],[-118.59742,34.05167],[-118.59675,34.05162],[-118.59702,34.05097],[-118.59683,34.05052],[-118.59697,34.05017],[-118.59693,34.04996],[-118.5962,34.04984],[-118.59608,34.04955],[-118.59524,34.04894],[-118.59424,34.04775],[-118.594,34.04693],[-118.59249,34.04639],[-118.59189,34.04632],[-118.59162,34.04644],[-118.59128,34.0464],[-118.59078,34.04584],[-118.59016,34.04579],[-118.5898,34.04563],[-118.58956,34.04567],[-118.5895,34.0458],[-118.58988,34.046],[-118.59047,34.04651],[-118.5904,34.04672],[-118.58989,34.04653],[-118.58892,34.04634],[-118.58854,34.04596],[-118.58832,34.04555],[-118.58876,34.04479],[-118.58899,34.04409],[-118.58952,34.04377],[-118.5899,34.04368],[-118.59002,34.04349],[-118.58966,34.04283],[-118.58963,34.04234],[-118.58928,34.04137],[-118.58887,34.04106],[-118.58885,34.04094],[-118.58897,34.04023],[-118.58947,34.03946]]]}},{"type":"Feature","properties":{"id":"little-tujunga","name":"Little Tujunga Canyon Road","difficulty":3,"character":"Technical"},"geometry":{"type":"MultiLineString","coordinates":[[[-118.37132,34.28228],[-118.37047,34.28366],[-118.37042,34.28457],[-118.36998,34.28584],[-118.36949,34.2865],[-118.36856,34.28697],[-118.36812,34.2873],[-118.36794,34.28757],[-118.36755,34.28873],[-118.36687,34.28948],[-118.36547,34.29026],[-118.36388,34.29149],[-118.36119,34.29303],[-118.3604,34.29337],[-118.35937,34.29343],[-118.35916,34.29353],[-118.35747,34.29531],[-118.35636,34.29613],[-118.35561,34.29629],[-118.35419,34.2963],[-118.35354,34.29652],[-118.35308,34.29688],[-118.35185,34.2983],[-118.35061,34.2988],[-118.35002,34.29925],[-118.34955,34.29988],[-118.34934,34.30045],[-118.34931,34.30144],[-118.34916,34.30182],[-118.34731,34.30378],[-118.3471,34.30413],[-118.34649,34.30607],[-118.34671,34.3073],[-118.34656,34.3081],[-118.34623,34.30906],[-118.34565,34.31021],[-118.34461,34.31165],[-118.3443,34.31292],[-118.34395,34.31344],[-118.34311,34.31429],[-118.34279,34.31509],[-118.34184,34.31606],[-118.34138,34.31693],[-118.34046,34.31762],[-118.34035,34.31852],[-118.33943,34.32016],[-118.33933,34.3209],[-118.33862,34.3215],[-118.33839,34.32216],[-118.33902,34.3233],[-118.33895,34.32363],[-118.33854,34.32417],[-118.33868,34.32485],[-118.33852,34.32556],[-118.33886,34.32715],[-118.34067,34.32791],[-118.34149,34.32886],[-118.34228,34.32902],[-118.34317,34.32967],[-118.34395,34.32966],[-118.34419,34.32978],[-118.34413,34.32997],[-118.34389,34.33005],[-118.34348,34.32991],[-118.34294,34.32991],[-118.34223,34.32974],[-118.34076,34.33036],[-118.34057,34.33056],[-118.34065,34.33086],[-118.34258,34.33213],[-118.34291,34.33243],[-118.34303,34.33316],[-118.34289,34.33402],[-118.34296,34.33481],[-118.34284,34.33503],[-118.34257,34.33514],[-118.34233,34.33507],[-118.34194,34.33464],[-118.3416,34.33452],[-118.33969,34.33485],[-118.33946,34.33473],[-118.33896,34.3342],[-118.33824,34.33409],[-118.33793,34.33419],[-118.33767,34.33457],[-118.33725,34.33478],[-118.33718,34.33494],[-118.33884,34.33657],[-118.33949,34.33679],[-118.33975,34.33731],[-118.34028,34.33785],[-118.34094,34.33803],[-118.34247,34.33916],[-118.34268,34.3392],[-118.3433,34.33911],[-118.34487,34.33979],[-118.34566,34.33961],[-118.34618,34.33973],[-118.34718,34.34033],[-118.34806,34.3405],[-118.34878,34.34077],[-118.34911,34.34113],[-118.34974,34.34144],[-118.34997,34.3417],[-118.34995,34.34186],[-118.34898,34.3422],[-118.34893,34.343],[-118.34876,34.34317],[-118.3484,34.34331],[-118.34828,34.34347],[-118.34861,34.34432],[-118.349,34.34462],[-118.34925,34.34466],[-118.35022,34.34455],[-118.351,34.34399],[-118.35128,34.34393],[-118.35134,34.34412],[-118.351,34.34448],[-118.35108,34.34482],[-118.35224,34.34549],[-118.35252,34.34547],[-118.35257,34.34534],[-118.35218,34.3449],[-118.35213,34.34456],[-118.35238,34.34411],[-118.35228,34.34372],[-118.35235,34.34358],[-118.3529,34.34339],[-118.35304,34.34325],[-118.35296,34.34303],[-118.35246,34.3427],[-118.35242,34.34252],[-118.35259,34.34216],[-118.35297,34.34198],[-118.35328,34.34206],[-118.35396,34.34259],[-118.3555,34.34284],[-118.35661,34.34353],[-118.3571,34.3433],[-118.35735,34.34335],[-118.35765,34.34385],[-118.35785,34.34392],[-118.35823,34.34384],[-118.35874,34.34331],[-118.35905,34.34312],[-118.3598,34.34297],[-118.36036,34.34306],[-118.36084,34.34331],[-118.36177,34.34419],[-118.36295,34.34442],[-118.36343,34.34497],[-118.36373,34.34517],[-118.36466,34.34554],[-118.36584,34.34576],[-118.36603,34.34641],[-118.36562,34.3477],[-118.36576,34.34794],[-118.36599,34.34807],[-118.36667,34.34814],[-118.36713,34.34809],[-118.36767,34.3478],[-118.36827,34.34708],[-118.36858,34.34686],[-118.36901,34.34673],[-118.36957,34.34675],[-118.37046,34.3471],[-118.37038,34.34803],[-118.37083,34.34844],[-118.37133,34.34852],[-118.37176,34.34843],[-118.37207,34.34825],[-118.37251,34.34768],[-118.37282,34.34758],[-118.37317,34.34777],[-118.37335,34.34836],[-118.37361,34.34868],[-118.37523,34.34957],[-118.37587,34.34965],[-118.37696,34.34955],[-118.37732,34.34966],[-118.37786,34.35015],[-118.37961,34.35098],[-118.38051,34.3518],[-118.38128,34.35276],[-118.38254,34.35351],[-118.38283,34.35352],[-118.38297,34.3532],[-118.3829,34.3529],[-118.38252,34.35226],[-118.3826,34.35198],[-118.38278,34.35191],[-118.3836,34.35199],[-118.38402,34.35248],[-118.38432,34.3536],[-118.38492,34.35439],[-118.38504,34.35483],[-118.38517,34.35497],[-118.3855,34.35506],[-118.38594,34.35482],[-118.38626,34.35484],[-118.38705,34.35533],[-118.38771,34.35616],[-118.38833,34.35735],[-118.38822,34.35761],[-118.38776,34.35801],[-118.38772,34.35821],[-118.38782,34.35839],[-118.38805,34.35848],[-118.38899,34.35843],[-118.39,34.35881],[-118.39031,34.35884],[-118.39055,34.35873],[-118.39074,34.3585],[-118.39079,34.35824],[-118.3907,34.35784],[-118.39079,34.35771],[-118.39111,34.35766],[-118.39163,34.35781],[-118.3925,34.35842],[-118.39299,34.35938],[-118.39309,34.36019]]]}},{"type":"Feature","properties":{"id":"rim-of-the-world","name":"Rim of the World Highway \u00b7 SR 18","difficulty":2,"character":"Medium speed"},"geometry":{"type":"MultiLineString","coordinates":[[[-117.07847,34.21397],[-117.07679,34.21541],[-117.07641,34.21584],[-117.07587,34.21614],[-117.07497,34.21701],[-117.07356,34.21803],[-117.07181,34.21913],[-117.07107,34.21982],[-117.07023,34.22032],[-117.069,34.2207],[-117.06808,34.22145],[-117.06703,34.22155],[-117.06587,34.22205],[-117.06547,34.22239],[-117.06523,34.22303],[-117.06505,34.22324],[-117.06467,34.22332],[-117.06417,34.22325],[-117.06389,34.22334],[-117.06343,34.22377],[-117.06317,34.22432],[-117.06257,34.22436],[-117.0622,34.22478],[-117.06198,34.22486],[-117.06112,34.22435],[-117.06031,34.2244],[-117.05953,34.22478],[-117.05912,34.22516],[-117.05841,34.22504],[-117.0577,34.22531],[-117.05745,34.22547],[-117.05693,34.22605],[-117.05655,34.22623],[-117.05626,34.2262],[-117.05604,34.22602],[-117.05586,34.22517],[-117.05599,34.22497],[-117.0567,34.2245],[-117.05687,34.22315],[-117.05756,34.22229],[-117.05753,34.22197],[-117.05713,34.22154],[-117.0572,34.22076],[-117.05713,34.22045],[-117.05679,34.22016],[-117.05561,34.22021],[-117.05376,34.2199],[-117.05282,34.22],[-117.05148,34.22077],[-117.04982,34.22102],[-117.0487,34.22146],[-117.04664,34.2216],[-117.04578,34.22181],[-117.04272,34.22304],[-117.04186,34.224],[-117.04118,34.22446],[-117.03698,34.22549],[-117.03615,34.22555],[-117.033,34.22531],[-117.03247,34.22507],[-117.03174,34.22437],[-117.03076,34.22411],[-117.029,34.22401],[-117.0272,34.22416],[-117.0268,34.2243],[-117.02598,34.22498],[-117.02582,34.22522],[-117.02588,34.22578],[-117.02608,34.22621],[-117.02641,34.22653],[-117.02672,34.22661],[-117.02773,34.22661],[-117.0288,34.22627],[-117.02923,34.22638],[-117.02953,34.22692],[-117.02923,34.22787],[-117.02924,34.22809],[-117.02986,34.22875],[-117.02993,34.229],[-117.02976,34.22931],[-117.02898,34.22979],[-117.02802,34.23007],[-117.02766,34.23026],[-117.02669,34.23114],[-117.02683,34.23189],[-117.0266,34.23281],[-117.0269,34.23339],[-117.02706,34.23458],[-117.02753,34.23569],[-117.02715,34.23642],[-117.02599,34.23715],[-117.02589,34.23742],[-117.02611,34.23763],[-117.02715,34.23793],[-117.02736,34.23822],[-117.02748,34.23868],[-117.0278,34.23896],[-117.02835,34.239],[-117.02896,34.23873],[-117.02939,34.23868],[-117.03067,34.2392],[-117.03086,34.23942],[-117.03093,34.23972],[-117.03039,34.24084],[-117.03055,34.24168],[-117.02948,34.24303],[-117.02905,34.24326],[-117.02849,34.24329],[-117.02827,34.2434],[-117.02801,34.24456],[-117.02776,34.24494],[-117.02749,34.245],[-117.02607,34.24462],[-117.02575,34.24461],[-117.02551,34.2447],[-117.0253,34.24492],[-117.02501,34.24572],[-117.02476,34.24604],[-117.02447,34.24615],[-117.02356,34.24615],[-117.02316,34.24627],[-117.02261,34.247],[-117.02256,34.24781],[-117.02157,34.24863],[-117.02124,34.2492],[-117.02114,34.24974],[-117.02097,34.25005],[-117.02055,34.25032],[-117.01975,34.25042],[-117.01864,34.25096],[-117.01815,34.25099],[-117.01762,34.25075],[-117.0174,34.25046],[-117.01701,34.24893],[-117.0163,34.24841],[-117.01594,34.24832],[-117.01555,34.24838],[-117.01524,34.24855],[-117.0149,34.24923],[-117.01448,34.24965],[-117.01419,34.25012],[-117.01296,34.25093],[-117.0125,34.25107],[-117.01197,34.25103],[-117.01149,34.25077],[-117.0105,34.24901],[-117.0103,34.24884],[-117.01001,34.24876],[-117.00875,34.24892],[-117.0073,34.24864],[-117.00677,34.24866],[-117.00628,34.24883],[-117.00558,34.24932],[-117.0044,34.24984],[-117.00397,34.24996],[-117.00339,34.24994],[-117.003,34.24976],[-117.00264,34.24946],[-117.00248,34.24903],[-117.00239,34.2478],[-117.00218,34.24752],[-117.00175,34.24735],[-116.99985,34.24784],[-116.99819,34.24794],[-116.99789,34.24825],[-116.99714,34.25011],[-116.99685,34.25033],[-116.99631,34.25039],[-116.99593,34.25024],[-116.99454,34.24929],[-116.99374,34.24737],[-116.99318,34.24646],[-116.99288,34.24623],[-116.99242,34.2462],[-116.99091,34.2465],[-116.99056,34.24679],[-116.99034,34.24759],[-116.98995,34.24804],[-116.98942,34.24826],[-116.98881,34.24822],[-116.9877,34.24758],[-116.9859,34.24713],[-116.98536,34.24618],[-116.98459,34.24512],[-116.9841,34.24485],[-116.98252,34.24445],[-116.982,34.24389],[-116.98137,34.24352],[-116.98086,34.24256],[-116.98061,34.24233],[-116.98031,34.24225],[-116.97905,34.24218],[-116.97809,34.24197]]]}},{"type":"Feature","properties":{"id":"san-jacinto-243","name":"Banning\u2013Idyllwild Panoramic Highway \u00b7 SR 243","difficulty":3,"character":"Technical"},"geometry":{"type":"MultiLineString","coordinates":[[[-116.87667,33.91198],[-116.87633,33.91108],[-116.87441,33.90846],[-116.87402,33.90765],[-116.8726,33.90652],[-116.8722,33.90641],[-116.87187,33.90643],[-116.8704,33.90712],[-116.86973,33.90725],[-116.8694,33.90721],[-116.86848,33.90686],[-116.86773,33.90641],[-116.86727,33.90629],[-116.86679,33.90639],[-116.86607,33.9067],[-116.86544,33.90675],[-116.86321,33.90612],[-116.86221,33.90613],[-116.86176,33.90605],[-116.86136,33.90571],[-116.86103,33.9052],[-116.86067,33.90492],[-116.85971,33.90448],[-116.85888,33.9043],[-116.85855,33.90412],[-116.85838,33.90372],[-116.85871,33.9029],[-116.85862,33.90246],[-116.85789,33.90198],[-116.85741,33.90147],[-116.85673,33.90103],[-116.85601,33.90041],[-116.85518,33.90006],[-116.85487,33.89973],[-116.85488,33.89908],[-116.85517,33.89876],[-116.8555,33.89861],[-116.85633,33.89861],[-116.85676,33.89879],[-116.8571,33.89925],[-116.85722,33.90005],[-116.85758,33.90048],[-116.85806,33.90075],[-116.85907,33.90096],[-116.85964,33.90119],[-116.86054,33.90176],[-116.8612,33.90187],[-116.86295,33.90164],[-116.86348,33.90166],[-116.8646,33.90213],[-116.86566,33.90217],[-116.86769,33.90278],[-116.86802,33.90273],[-116.86834,33.90253],[-116.86866,33.90198],[-116.86892,33.90173],[-116.86997,33.90152],[-116.8705,33.90123],[-116.87067,33.90075],[-116.8705,33.9003],[-116.87017,33.90006],[-116.86941,33.89978],[-116.86898,33.89976],[-116.86855,33.89988],[-116.86819,33.90028],[-116.86817,33.90099],[-116.86806,33.90128],[-116.86782,33.90152],[-116.8673,33.90163],[-116.86693,33.90153],[-116.86526,33.90063],[-116.86465,33.89993],[-116.86411,33.89963],[-116.86365,33.89956],[-116.86229,33.89966],[-116.86159,33.8994],[-116.86109,33.89878],[-116.86089,33.89809],[-116.86046,33.89736],[-116.86033,33.89638],[-116.86004,33.89579],[-116.85996,33.89531],[-116.86024,33.89435],[-116.86025,33.89373],[-116.86043,33.89339],[-116.8608,33.89318],[-116.86199,33.89287],[-116.86257,33.8923],[-116.86268,33.89163],[-116.86259,33.89121],[-116.86237,33.89088],[-116.86171,33.89047],[-116.86055,33.89011],[-116.85924,33.8894],[-116.85869,33.88948],[-116.85838,33.88976],[-116.85807,33.89025],[-116.8576,33.89042],[-116.85641,33.89012],[-116.85513,33.89024],[-116.85454,33.89005],[-116.85427,33.8897],[-116.85407,33.88863],[-116.85414,33.88832],[-116.85435,33.88812],[-116.85461,33.88799],[-116.85498,33.88796],[-116.85606,33.88828],[-116.85658,33.88832],[-116.85711,33.88819],[-116.85755,33.88773],[-116.85757,33.88728],[-116.85721,33.88665],[-116.85692,33.88549],[-116.85672,33.88522],[-116.85622,33.88488],[-116.8547,33.88484],[-116.85413,33.88466],[-116.8537,33.88439],[-116.85264,33.88289],[-116.85179,33.88198],[-116.85112,33.88102],[-116.8508,33.88077],[-116.85019,33.8806],[-116.84925,33.88065],[-116.84824,33.88045],[-116.84725,33.88063],[-116.84675,33.88056],[-116.84471,33.87977],[-116.84305,33.87878],[-116.84255,33.87836],[-116.84226,33.8777],[-116.8419,33.87502],[-116.84162,33.87454],[-116.83993,33.87274],[-116.83965,33.87231],[-116.83964,33.87175],[-116.84036,33.87082],[-116.84047,33.87034],[-116.84035,33.86989],[-116.83989,33.86921],[-116.83942,33.86739],[-116.839,33.86674],[-116.83737,33.86531],[-116.83693,33.86449],[-116.83685,33.86369],[-116.83702,33.86293],[-116.83832,33.86092],[-116.83854,33.86043],[-116.83845,33.85976],[-116.83804,33.85926],[-116.83648,33.85815],[-116.83398,33.85588],[-116.83219,33.85493],[-116.83159,33.85404],[-116.83015,33.853],[-116.8292,33.85205],[-116.82871,33.85186],[-116.82759,33.85188],[-116.82684,33.85169],[-116.82639,33.85138],[-116.82586,33.85049],[-116.82536,33.85017],[-116.82473,33.8501],[-116.82331,33.85024],[-116.82265,33.84998],[-116.82239,33.84963],[-116.82222,33.84891],[-116.82198,33.84864],[-116.82024,33.84793],[-116.81981,33.84757],[-116.81962,33.84697],[-116.81967,33.84624],[-116.81951,33.84599],[-116.81897,33.84567],[-116.81733,33.84533],[-116.81661,33.84502],[-116.81628,33.84465],[-116.81562,33.84334],[-116.81512,33.84297],[-116.81406,33.84274],[-116.81378,33.84259],[-116.81348,33.84225],[-116.81329,33.84167],[-116.81303,33.84135],[-116.81241,33.84113],[-116.81208,33.84115],[-116.81125,33.84146],[-116.81084,33.84143],[-116.81046,33.84125],[-116.81018,33.8409],[-116.81014,33.84054],[-116.81023,33.84029],[-116.81067,33.83975],[-116.81073,33.83918],[-116.81048,33.83885],[-116.80927,33.83821],[-116.80908,33.83797],[-116.80868,33.83699],[-116.80816,33.83653],[-116.8076,33.83627],[-116.80317,33.83525],[-116.80209,33.8349],[-116.80088,33.83423],[-116.79651,33.83117],[-116.79627,33.83084],[-116.79612,33.83021],[-116.7963,33.82884],[-116.79623,33.82822],[-116.79362,33.82312],[-116.79401,33.82218],[-116.79405,33.82189],[-116.79393,33.82157],[-116.79351,33.82122],[-116.79274,33.82091],[-116.79159,33.8208],[-116.79108,33.82057],[-116.79037,33.82001],[-116.78931,33.81942],[-116.78897,33.81886],[-116.78892,33.81856],[-116.78906,33.81807],[-116.79006,33.81709],[-116.79025,33.81677],[-116.79028,33.81637],[-116.79009,33.8159],[-116.78937,33.81508],[-116.78922,33.81368],[-116.78793,33.8121],[-116.7879,33.8116],[-116.78854,33.81051],[-116.78862,33.80991],[-116.78854,33.80949],[-116.7872,33.80579],[-116.78679,33.80522],[-116.78622,33.80469],[-116.78517,33.80422],[-116.78415,33.80406],[-116.78128,33.8043],[-116.78063,33.80394],[-116.78046,33.80369],[-116.78038,33.8033],[-116.78066,33.80224],[-116.78038,33.80137],[-116.77943,33.79927],[-116.77862,33.79844],[-116.77807,33.79752],[-116.7777,33.79729],[-116.77731,33.79719],[-116.77588,33.7973],[-116.77462,33.79672],[-116.77368,33.79664],[-116.77316,33.79683],[-116.76807,33.79984],[-116.76725,33.7999],[-116.76633,33.79953],[-116.76581,33.79944],[-116.76524,33.79953],[-116.7646,33.79983],[-116.76415,33.79988],[-116.76367,33.79972],[-116.7629,33.79878],[-116.76218,33.79836],[-116.76046,33.79812],[-116.75789,33.79675],[-116.75733,33.79662],[-116.75547,33.79649],[-116.7541,33.79617],[-116.75364,33.79618],[-116.75253,33.79645],[-116.75161,33.79642],[-116.75124,33.79648],[-116.75088,33.79668],[-116.75053,33.79701],[-116.7502,33.79806],[-116.74982,33.79865],[-116.7493,33.79892],[-116.74853,33.79887],[-116.74799,33.79856],[-116.7473,33.79751],[-116.74699,33.79679],[-116.74626,33.79613],[-116.74617,33.79541],[-116.74597,33.79495],[-116.74568,33.79471],[-116.74526,33.7946],[-116.7444,33.79483],[-116.74371,33.79552],[-116.74285,33.79607],[-116.74241,33.79666],[-116.74209,33.79692],[-116.74152,33.79702],[-116.74111,33.79682],[-116.74093,33.79639],[-116.74099,33.79615],[-116.74187,33.79548],[-116.74239,33.79482],[-116.74314,33.7942],[-116.74338,33.79369],[-116.74349,33.79282],[-116.74367,33.7925],[-116.74515,33.79143],[-116.7455,33.79139],[-116.74643,33.79163],[-116.74783,33.79159],[-116.74822,33.79146],[-116.74897,33.791],[-116.74993,33.79065],[-116.7502,33.79041],[-116.75036,33.7901],[-116.75025,33.78936],[-116.75031,33.78912],[-116.75049,33.78888],[-116.75161,33.78804],[-116.75191,33.78752],[-116.75202,33.78687],[-116.75187,33.78637],[-116.75112,33.78575],[-116.75083,33.78527],[-116.75092,33.78487],[-116.7514,33.7843],[-116.75154,33.78377],[-116.75142,33.78337],[-116.75109,33.78302],[-116.75067,33.78287],[-116.74962,33.78274],[-116.74902,33.78252],[-116.74695,33.78051],[-116.74383,33.77878],[-116.74338,33.77868],[-116.74301,33.77871],[-116.74186,33.77921],[-116.74126,33.77931],[-116.74049,33.7792],[-116.7398,33.77881],[-116.73928,33.77824],[-116.73877,33.77788],[-116.73791,33.7775],[-116.73662,33.77717],[-116.73628,33.77699],[-116.73611,33.77674],[-116.73612,33.77645],[-116.73639,33.77609],[-116.73752,33.77567],[-116.73897,33.77485],[-116.73944,33.77435],[-116.73962,33.77397],[-116.73981,33.7728],[-116.74046,33.77193],[-116.74091,33.77043],[-116.74077,33.76934],[-116.74091,33.76842],[-116.74054,33.7674],[-116.74055,33.76683],[-116.7404,33.76639],[-116.73981,33.76573],[-116.7382,33.76497],[-116.73794,33.76473],[-116.73775,33.76435],[-116.73777,33.76112],[-116.73816,33.75996],[-116.73886,33.75889],[-116.73887,33.75851],[-116.73787,33.75704],[-116.73723,33.7559],[-116.73674,33.75563],[-116.736,33.75552],[-116.73553,33.75536],[-116.73526,33.75512],[-116.73513,33.75484],[-116.7352,33.7544],[-116.73593,33.75302],[-116.736,33.75258],[-116.73581,33.75197],[-116.73493,33.75092],[-116.73486,33.75023],[-116.73508,33.74973],[-116.73554,33.74933],[-116.73598,33.74915],[-116.73709,33.74904]]]}},{"type":"Feature","properties":{"id":"ojai-33","name":"Highway 33 \u00b7 Ojai","difficulty":3,"character":"Technical"},"geometry":{"type":"MultiLineString","coordinates":[[[-119.2609,34.44141],[-119.26129,34.44171],[-119.26179,34.44189],[-119.26442,34.44229],[-119.267,34.44292],[-119.26834,34.44357],[-119.26924,34.44433],[-119.27012,34.44557],[-119.27206,34.44987],[-119.27259,34.45086],[-119.273,34.45131],[-119.27342,34.45161],[-119.27524,34.45239],[-119.276,34.45283],[-119.27664,34.45351],[-119.27787,34.4551],[-119.27826,34.45596],[-119.27832,34.45824],[-119.27916,34.46032],[-119.27961,34.46071],[-119.28432,34.46357],[-119.28486,34.46414],[-119.28587,34.46703],[-119.2874,34.46913],[-119.28765,34.47091],[-119.2879,34.47128],[-119.28927,34.47258],[-119.28954,34.47299],[-119.2899,34.47386],[-119.29017,34.47523],[-119.29099,34.47682],[-119.29106,34.47732],[-119.29058,34.48052],[-119.29072,34.48121],[-119.29112,34.48188],[-119.29175,34.48243],[-119.29269,34.48287],[-119.29581,34.48342],[-119.29635,34.4836],[-119.29676,34.48392],[-119.29767,34.485],[-119.29843,34.48543],[-119.29913,34.48553],[-119.30053,34.48543],[-119.30271,34.48547],[-119.30327,34.48561],[-119.30369,34.48583],[-119.30445,34.48667],[-119.30519,34.48726],[-119.30543,34.48759],[-119.30563,34.48935],[-119.30545,34.49018],[-119.30611,34.49121],[-119.30642,34.49251],[-119.30641,34.49296],[-119.30552,34.49505],[-119.30512,34.49553],[-119.30425,34.49596],[-119.30186,34.49657],[-119.30115,34.4971],[-119.30108,34.49744],[-119.30146,34.49844],[-119.30133,34.49961],[-119.30018,34.50103],[-119.29876,34.502],[-119.29821,34.50268],[-119.29725,34.50421],[-119.29717,34.50462],[-119.29733,34.50526],[-119.29718,34.50562],[-119.29601,34.50619],[-119.29546,34.50697],[-119.29504,34.50731],[-119.29454,34.50742],[-119.29344,34.50738],[-119.29182,34.50801],[-119.28952,34.50801],[-119.28832,34.50863],[-119.28794,34.50873],[-119.2875,34.50872],[-119.28655,34.5085],[-119.28613,34.50852],[-119.28522,34.50899],[-119.28447,34.50908],[-119.28389,34.50882],[-119.28362,34.50844],[-119.28358,34.508],[-119.28395,34.50699],[-119.28376,34.50653],[-119.28348,34.50631],[-119.28251,34.50604],[-119.28149,34.50552],[-119.28116,34.50552],[-119.28014,34.50573],[-119.27843,34.50539],[-119.27785,34.50568],[-119.27736,34.50627],[-119.27473,34.50852],[-119.27458,34.50887],[-119.2746,34.50904],[-119.27497,34.50955],[-119.27509,34.50995],[-119.27495,34.51062],[-119.27138,34.51438],[-119.27079,34.51552],[-119.27077,34.51631],[-119.27102,34.51915],[-119.27119,34.51968],[-119.2716,34.52018],[-119.27192,34.5204],[-119.27252,34.52063],[-119.27301,34.52071],[-119.27363,34.52065],[-119.27425,34.5204],[-119.27701,34.51868],[-119.2775,34.51823],[-119.27765,34.51794],[-119.27757,34.51649],[-119.27765,34.51611],[-119.278,34.51565],[-119.27843,34.51538],[-119.27925,34.5152],[-119.28067,34.51553],[-119.28129,34.51551],[-119.28154,34.51538],[-119.28203,34.51478],[-119.28252,34.5146],[-119.28317,34.51481],[-119.28338,34.51511],[-119.28338,34.51539],[-119.28319,34.51575],[-119.28183,34.51651],[-119.28158,34.51683],[-119.28161,34.51741],[-119.2822,34.51814],[-119.28207,34.51857],[-119.28154,34.51879],[-119.28065,34.51849],[-119.27992,34.51863],[-119.279,34.51976],[-119.27866,34.52087],[-119.27843,34.52107],[-119.27777,34.52132],[-119.2774,34.52162],[-119.27725,34.52237],[-119.27706,34.52262],[-119.27682,34.52275],[-119.27475,34.52328],[-119.2742,34.52408],[-119.27346,34.52461],[-119.27309,34.52559],[-119.27268,34.52581],[-119.27147,34.52592],[-119.271,34.52623],[-119.2707,34.52697],[-119.2708,34.52796],[-119.2704,34.52842],[-119.27024,34.5288],[-119.27029,34.52912],[-119.2706,34.52969],[-119.27054,34.52996],[-119.27039,34.5301],[-119.26997,34.5302],[-119.26953,34.53007],[-119.26881,34.53011],[-119.2684,34.53],[-119.26817,34.5298],[-119.26787,34.52885],[-119.26769,34.52863],[-119.26715,34.52837],[-119.26655,34.52843],[-119.26556,34.52904],[-119.2653,34.52929],[-119.26515,34.52967],[-119.26523,34.53032],[-119.26508,34.53061],[-119.26395,34.53099],[-119.26353,34.53167],[-119.26324,34.53189],[-119.26235,34.53203],[-119.26197,34.53221],[-119.26171,34.53251],[-119.26159,34.5332],[-119.26137,34.5335],[-119.26104,34.53364],[-119.26018,34.53373],[-119.25956,34.53398],[-119.25826,34.53459],[-119.25719,34.53541],[-119.25635,34.53573],[-119.25537,34.53579],[-119.25282,34.5355],[-119.2519,34.53575],[-119.25143,34.53576],[-119.24942,34.53482],[-119.24875,34.53471],[-119.24816,34.53492],[-119.24701,34.5362],[-119.24572,34.53699],[-119.24542,34.53707],[-119.24511,34.53704],[-119.24461,34.53672],[-119.24449,34.53641],[-119.24464,34.53603],[-119.24487,34.53586],[-119.24558,34.53558],[-119.24582,34.53534],[-119.2463,34.53335],[-119.24664,34.53282],[-119.24715,34.53238],[-119.24792,34.53204],[-119.24835,34.53194],[-119.2493,34.53189],[-119.25033,34.53153],[-119.2507,34.53151],[-119.25167,34.53168],[-119.25204,34.53161],[-119.25234,34.53142],[-119.25264,34.53086],[-119.25263,34.53041],[-119.25228,34.53002],[-119.25175,34.52989],[-119.24873,34.53057],[-119.24781,34.53118],[-119.24686,34.53137],[-119.24534,34.53188],[-119.24495,34.53212],[-119.24447,34.53274],[-119.24278,34.53342],[-119.24144,34.53345],[-119.23694,34.53491],[-119.23608,34.53498],[-119.23522,34.53491],[-119.2346,34.53513],[-119.23435,34.53545],[-119.23432,34.53598],[-119.23447,34.53626],[-119.23507,34.53687],[-119.23522,34.5373],[-119.23508,34.53772],[-119.23448,34.53822],[-119.23427,34.53852],[-119.23424,34.53887],[-119.23441,34.53914],[-119.23475,34.53932],[-119.23568,34.5395],[-119.23764,34.54042],[-119.2382,34.54049],[-119.23903,34.54041],[-119.23948,34.54049],[-119.24098,34.54122],[-119.24129,34.5415],[-119.24142,34.54178],[-119.24136,34.54236],[-119.24093,34.543],[-119.23903,34.54423],[-119.23852,34.54484],[-119.238,34.54576],[-119.23743,34.54629],[-119.23711,34.54721],[-119.23726,34.54797],[-119.23756,34.54845],[-119.23919,34.55021],[-119.24151,34.55198],[-119.24175,34.55243],[-119.24194,34.5533],[-119.24213,34.55356],[-119.24241,34.55376],[-119.24283,34.55389],[-119.2442,34.55395],[-119.24474,34.55414],[-119.24516,34.55455],[-119.24591,34.55586],[-119.24633,34.55621],[-119.24676,34.5564],[-119.25072,34.55679],[-119.25611,34.55691],[-119.25697,34.5567],[-119.25989,34.55559],[-119.26066,34.5555],[-119.26483,34.55539],[-119.26556,34.55542],[-119.26645,34.55567],[-119.26703,34.55599],[-119.26763,34.55654],[-119.26797,34.55716],[-119.26845,34.55856],[-119.26853,34.55912],[-119.26841,34.55964],[-119.26816,34.56001],[-119.26772,34.56031],[-119.26559,34.56099],[-119.26503,34.56146],[-119.26476,34.56213],[-119.2649,34.56325],[-119.26466,34.56425],[-119.25904,34.57159],[-119.25881,34.57207],[-119.25877,34.57264],[-119.25931,34.57387],[-119.25928,34.57462],[-119.25899,34.57509],[-119.2576,34.57652],[-119.25724,34.57709],[-119.25741,34.57757],[-119.25813,34.57843],[-119.25902,34.57975],[-119.26032,34.58056],[-119.26043,34.58082],[-119.26042,34.58177],[-119.2606,34.5822],[-119.26211,34.58401],[-119.26294,34.58471],[-119.2636,34.58486],[-119.26469,34.58474],[-119.2652,34.58458],[-119.26592,34.58419],[-119.26659,34.58412],[-119.2672,34.5843],[-119.26814,34.58496],[-119.26853,34.58501],[-119.26902,34.5848],[-119.26956,34.58422],[-119.27,34.58357],[-119.2704,34.58334],[-119.271,34.58332],[-119.27222,34.58369],[-119.27305,34.58375],[-119.27351,34.58395],[-119.27385,34.58426],[-119.27442,34.58603],[-119.27462,34.58629],[-119.27498,34.5865],[-119.27658,34.58678],[-119.27744,34.58655],[-119.27792,34.58655],[-119.27887,34.58691],[-119.28007,34.58716],[-119.28119,34.58768],[-119.28221,34.58779],[-119.28251,34.58794],[-119.28273,34.5882],[-119.28279,34.5893],[-119.28315,34.58971],[-119.28367,34.58987],[-119.28554,34.58997],[-119.2861,34.59007],[-119.28655,34.59034],[-119.28728,34.59115],[-119.28765,34.59131],[-119.28836,34.59131],[-119.29089,34.59034],[-119.29175,34.59031],[-119.29231,34.59041],[-119.29303,34.59071],[-119.29413,34.59167],[-119.29499,34.59209],[-119.29563,34.59217],[-119.29823,34.59198],[-119.29918,34.5921],[-119.29983,34.59235],[-119.30042,34.5928],[-119.30091,34.59351],[-119.30115,34.59446],[-119.30138,34.59484],[-119.30158,34.59502],[-119.30208,34.59521],[-119.30279,34.59515],[-119.3046,34.59431],[-119.30544,34.59422],[-119.30646,34.5945],[-119.3079,34.59549],[-119.30828,34.5956],[-119.30872,34.59561],[-119.30944,34.59538],[-119.31032,34.59472],[-119.31081,34.59446],[-119.31172,34.59424],[-119.31389,34.59393],[-119.31475,34.59409],[-119.31664,34.59513],[-119.31706,34.59522],[-119.31872,34.59528],[-119.3193,34.59546],[-119.32064,34.59615],[-119.3217,34.5964],[-119.32258,34.5964],[-119.32627,34.59576],[-119.32728,34.5958],[-119.32913,34.59644],[-119.33599,34.59931],[-119.33665,34.5999],[-119.3386,34.60226],[-119.33921,34.60268],[-119.33999,34.60295],[-119.34082,34.60298],[-119.34151,34.6028],[-119.34211,34.60243],[-119.34333,34.60136],[-119.34538,34.60043],[-119.34672,34.60032],[-119.34746,34.60046],[-119.34844,34.60089],[-119.34884,34.6012],[-119.35259,34.60551],[-119.3534,34.60609],[-119.35462,34.60653],[-119.35537,34.60668],[-119.35769,34.60619],[-119.35934,34.60609],[-119.36038,34.60615],[-119.3613,34.60657],[-119.36225,34.60741],[-119.36258,34.6076],[-119.36306,34.60776],[-119.36454,34.60803],[-119.3653,34.60838],[-119.36573,34.6087],[-119.36745,34.61052],[-119.3686,34.61227],[-119.36941,34.6133],[-119.36997,34.61375],[-119.37117,34.61436],[-119.37163,34.61474],[-119.37203,34.61534],[-119.37219,34.61583],[-119.37202,34.61763],[-119.37247,34.61934],[-119.3725,34.62026],[-119.37235,34.6209],[-119.37189,34.62215],[-119.37156,34.62271],[-119.37139,34.62335],[-119.37134,34.62415],[-119.37186,34.62561],[-119.37205,34.6277],[-119.37184,34.62868],[-119.37134,34.62961],[-119.37128,34.63023],[-119.37143,34.63071],[-119.37211,34.63186],[-119.37275,34.63501],[-119.37278,34.63608],[-119.37296,34.63656],[-119.3734,34.63726],[-119.37337,34.63769],[-119.37299,34.63849],[-119.3731,34.63906],[-119.37335,34.6395],[-119.37431,34.64021],[-119.37469,34.64066],[-119.37712,34.64467],[-119.37728,34.64525],[-119.37707,34.64592],[-119.37641,34.64645],[-119.37578,34.64662],[-119.37418,34.64667],[-119.37373,34.64684],[-119.37331,34.64731],[-119.37332,34.64782],[-119.37362,34.64826],[-119.37385,34.64842],[-119.37541,34.64905],[-119.3759,34.64916],[-119.37638,34.64913],[-119.37808,34.64866],[-119.3797,34.64887],[-119.38035,34.64887],[-119.3835,34.64834],[-119.38423,34.64836],[-119.38485,34.64858],[-119.38522,34.6489],[-119.38545,34.64935],[-119.38551,34.64997],[-119.38532,34.65048],[-119.38488,34.65103],[-119.38433,34.65127],[-119.38307,34.65131],[-119.38257,34.65147],[-119.38123,34.6526],[-119.38047,34.65346],[-119.3804,34.65409],[-119.38066,34.65449],[-119.38116,34.65478],[-119.38247,34.65518],[-119.3831,34.65608],[-119.38302,34.65651],[-119.38216,34.65707],[-119.38163,34.65798],[-119.3813,34.65816],[-119.38057,34.65826],[-119.37955,34.6586],[-119.37917,34.65851],[-119.37849,34.65798],[-119.37794,34.65795],[-119.37748,34.65817],[-119.3762,34.65933],[-119.3757,34.66053],[-119.37498,34.66124],[-119.37481,34.66168],[-119.37483,34.66208],[-119.37512,34.66307],[-119.37588,34.66366],[-119.37606,34.66393],[-119.37605,34.66422],[-119.37588,34.6644],[-119.37532,34.66468],[-119.37484,34.66467],[-119.37457,34.66452],[-119.3742,34.66406],[-119.37326,34.66385],[-119.37297,34.66366],[-119.37243,34.66268],[-119.37235,34.66174],[-119.37186,34.66036],[-119.37153,34.66015],[-119.37116,34.66015],[-119.37091,34.6603],[-119.3708,34.6606],[-119.3713,34.66146],[-119.37108,34.66225],[-119.37108,34.66311],[-119.37071,34.66414],[-119.37142,34.66601],[-119.3714,34.66629],[-119.37123,34.66648],[-119.37086,34.66665],[-119.36866,34.66651],[-119.36821,34.66655],[-119.36767,34.66671],[-119.36605,34.66751],[-119.36555,34.66766],[-119.36488,34.66762],[-119.36438,34.66744],[-119.36378,34.66706],[-119.36308,34.66692],[-119.36261,34.6671],[-119.36208,34.66758],[-119.36202,34.66823],[-119.36218,34.66863],[-119.36281,34.66929],[-119.36337,34.66955],[-119.36431,34.66966],[-119.3658,34.66966],[-119.36875,34.66938],[-119.37019,34.66932],[-119.37215,34.66985],[-119.37283,34.67023],[-119.37297,34.67049],[-119.37297,34.67089],[-119.37223,34.67215],[-119.37158,34.67369],[-119.37153,34.67436],[-119.37162,34.6756],[-119.37138,34.67698],[-119.37104,34.67785],[-119.3707,34.67811],[-119.37037,34.67819],[-119.3666,34.67811],[-119.36385,34.67841],[-119.36001,34.67823],[-119.35913,34.67835],[-119.35847,34.6786],[-119.35811,34.67876],[-119.35755,34.6792],[-119.35566,34.6812],[-119.35536,34.68164],[-119.35504,34.6826],[-119.35499,34.68507],[-119.35522,34.68576],[-119.3555,34.68624],[-119.35589,34.6867],[-119.35655,34.68721],[-119.35735,34.68758],[-119.36054,34.68867],[-119.3621,34.68956],[-119.36418,34.69149],[-119.36973,34.697],[-119.37113,34.69796],[-119.37372,34.69942],[-119.37432,34.69992],[-119.37463,34.70049],[-119.37615,34.70507],[-119.37668,34.70629],[-119.38223,34.71538],[-119.38353,34.71864],[-119.38402,34.71957]]]}},{"type":"Feature","properties":{"id":"yerba-buena-little-sycamore","name":"Yerba Buena / Little Sycamore","difficulty":3,"character":"Technical"},"geometry":{"type":"MultiLineString","coordinates":[[[-118.96313,34.05313],[-118.96307,34.0534],[-118.96321,34.05506],[-118.96391,34.05562],[-118.96433,34.05614],[-118.96514,34.058],[-118.96524,34.05869],[-118.9651,34.05913],[-118.96443,34.0599],[-118.96444,34.06021],[-118.96466,34.06076],[-118.96421,34.06165],[-118.96409,34.06222],[-118.96383,34.06272],[-118.96339,34.0632],[-118.96344,34.06426],[-118.96268,34.06498],[-118.96238,34.06544],[-118.96163,34.06559],[-118.9613,34.06579],[-118.96098,34.06634],[-118.96098,34.06676],[-118.96086,34.06695],[-118.95963,34.06786],[-118.95906,34.06802],[-118.95859,34.06843],[-118.95799,34.06877],[-118.95795,34.0689],[-118.95809,34.06903],[-118.9588,34.06916],[-118.95893,34.06933],[-118.95861,34.07011],[-118.9585,34.0707],[-118.95745,34.07145],[-118.95753,34.0716],[-118.95803,34.07191],[-118.9582,34.07227],[-118.95811,34.07293],[-118.95768,34.07355],[-118.95713,34.07375],[-118.95665,34.07415],[-118.95528,34.07469],[-118.95504,34.07506],[-118.95452,34.07524],[-118.95388,34.07599],[-118.95338,34.07623],[-118.95296,34.07659],[-118.95177,34.07653],[-118.95153,34.07663],[-118.95127,34.07695],[-118.95081,34.07859],[-118.95085,34.0791],[-118.9511,34.07941],[-118.95118,34.07972],[-118.95087,34.08068],[-118.95113,34.08136],[-118.95121,34.08199],[-118.95121,34.08222],[-118.95097,34.08278],[-118.95112,34.08371],[-118.95102,34.08395],[-118.95061,34.08437],[-118.9509,34.08507],[-118.95059,34.08599],[-118.95016,34.08653],[-118.9501,34.08693],[-118.94976,34.08758],[-118.94898,34.08808],[-118.94816,34.08877],[-118.94756,34.08964],[-118.94759,34.09003],[-118.94749,34.09031],[-118.9471,34.09039],[-118.94677,34.09059],[-118.9463,34.09123],[-118.94645,34.09153],[-118.94741,34.09184],[-118.94804,34.09219],[-118.94826,34.09241],[-118.94821,34.09294],[-118.94735,34.09339],[-118.94716,34.09363],[-118.94766,34.09404],[-118.9477,34.09422],[-118.94754,34.09475],[-118.94772,34.09499],[-118.94818,34.09516],[-118.94817,34.09557],[-118.94835,34.09583],[-118.94834,34.09601],[-118.94787,34.09629],[-118.9478,34.09715],[-118.94738,34.09732],[-118.94692,34.09772],[-118.94647,34.09777],[-118.94619,34.09817],[-118.94516,34.0983],[-118.94465,34.09848],[-118.9442,34.09841],[-118.94397,34.09859],[-118.94343,34.09973],[-118.94334,34.1012],[-118.94315,34.10129],[-118.94236,34.10136],[-118.94206,34.10193],[-118.94209,34.10218],[-118.94267,34.10317],[-118.94252,34.10408],[-118.9422,34.10439],[-118.94206,34.10473],[-118.94213,34.10511],[-118.94203,34.10551],[-118.94223,34.10636],[-118.94257,34.107],[-118.94257,34.10722],[-118.94201,34.10743],[-118.94182,34.10761],[-118.94175,34.10785],[-118.94183,34.1082],[-118.94158,34.10855],[-118.94013,34.1092],[-118.93986,34.1098],[-118.93934,34.10974],[-118.93918,34.10981],[-118.93881,34.11068],[-118.93843,34.11065],[-118.93791,34.11016],[-118.93749,34.11006],[-118.93674,34.1103],[-118.93637,34.11068],[-118.93611,34.11068],[-118.93594,34.11057],[-118.93566,34.11004],[-118.93492,34.10948],[-118.93446,34.10934],[-118.93418,34.10914],[-118.93377,34.10906],[-118.93317,34.10928],[-118.93292,34.1095],[-118.93251,34.10946],[-118.93219,34.10981],[-118.93177,34.10991],[-118.93133,34.11034],[-118.93153,34.11104],[-118.93099,34.11141],[-118.93084,34.112],[-118.93036,34.11217],[-118.9293,34.11292],[-118.92898,34.11295],[-118.92873,34.11281],[-118.92876,34.11199],[-118.92868,34.11174],[-118.92821,34.11146],[-118.9273,34.11158],[-118.92721,34.11149],[-118.92718,34.11098],[-118.92699,34.11083],[-118.92674,34.11081],[-118.92657,34.11089],[-118.92646,34.11112],[-118.92647,34.11188],[-118.92632,34.1124],[-118.92599,34.1125],[-118.92561,34.11239],[-118.92533,34.11241],[-118.92486,34.11278],[-118.92418,34.11308],[-118.92403,34.1135],[-118.92384,34.11366],[-118.9237,34.11368],[-118.92322,34.11348],[-118.92247,34.11352],[-118.92233,34.11364],[-118.92201,34.11432],[-118.92179,34.11443],[-118.92134,34.11438],[-118.92097,34.11414],[-118.9205,34.11418],[-118.92002,34.11442],[-118.91845,34.11444],[-118.91825,34.11436],[-118.91765,34.11375],[-118.91725,34.11319],[-118.9171,34.11231],[-118.91745,34.11194],[-118.91785,34.11188],[-118.91802,34.11172],[-118.91796,34.11148],[-118.91752,34.11096],[-118.91712,34.11071],[-118.91668,34.11058],[-118.91593,34.11098],[-118.91499,34.11086],[-118.91486,34.11001],[-118.91436,34.10975],[-118.91425,34.10951],[-118.9139,34.10923],[-118.91391,34.10866],[-118.91248,34.10847],[-118.91113,34.10757],[-118.91043,34.10768],[-118.90963,34.10752],[-118.90922,34.10756],[-118.90905,34.10783],[-118.90901,34.10862],[-118.90825,34.10917],[-118.90773,34.10994],[-118.90757,34.11004],[-118.90711,34.11],[-118.90656,34.11016],[-118.90631,34.11008],[-118.90601,34.10971],[-118.9053,34.1094],[-118.90519,34.10884],[-118.90505,34.10872],[-118.90367,34.1088],[-118.90352,34.10856],[-118.90352,34.10823],[-118.90306,34.1081],[-118.9028,34.10746],[-118.90252,34.10716],[-118.90252,34.10687],[-118.90241,34.10679],[-118.90152,34.10684],[-118.90035,34.10662],[-118.89962,34.10698],[-118.89892,34.10678],[-118.89864,34.10699],[-118.89806,34.10696],[-118.89639,34.10776],[-118.89574,34.10774],[-118.8956,34.10759],[-118.8956,34.10734],[-118.89643,34.10669],[-118.89651,34.10642],[-118.89636,34.10623],[-118.89592,34.10606],[-118.89446,34.10584],[-118.89377,34.10561],[-118.89337,34.10541],[-118.8931,34.10507],[-118.89257,34.10509],[-118.89212,34.10476],[-118.89162,34.10459],[-118.89111,34.10426],[-118.89048,34.10459],[-118.88951,34.10442],[-118.88872,34.10383],[-118.88862,34.10359],[-118.88897,34.10274],[-118.88866,34.10208],[-118.88869,34.10148],[-118.88753,34.09992],[-118.88761,34.09934],[-118.88751,34.09895],[-118.88736,34.09882],[-118.88627,34.09842],[-118.88542,34.09777],[-118.88434,34.09744],[-118.88384,34.09696],[-118.88367,34.09623],[-118.88283,34.09516],[-118.88288,34.09376],[-118.88093,34.09096],[-118.88052,34.0888]]]}},{"type":"Feature","properties":{"id":"topanga-canyon","name":"Topanga Canyon Boulevard \u00b7 SR 27","difficulty":2,"character":"Medium speed"},"geometry":{"type":"MultiLineString","coordinates":[[[-118.5793,34.04011],[-118.57928,34.04048],[-118.57869,34.04134],[-118.57865,34.04179],[-118.57876,34.04232],[-118.57969,34.04426],[-118.57966,34.04489],[-118.57947,34.04519],[-118.57919,34.04541],[-118.57759,34.04601],[-118.57717,34.04636],[-118.57703,34.04676],[-118.57722,34.047],[-118.5786,34.04765],[-118.57995,34.04804],[-118.58034,34.04841],[-118.58039,34.04887],[-118.58007,34.04959],[-118.58011,34.04993],[-118.58028,34.05017],[-118.5812,34.05068],[-118.58167,34.05156],[-118.58172,34.05226],[-118.5815,34.05376],[-118.58156,34.05504],[-118.58183,34.0554],[-118.58266,34.056],[-118.58343,34.05713],[-118.584,34.05855],[-118.58435,34.0603],[-118.58493,34.06153],[-118.58508,34.06246],[-118.5853,34.06273],[-118.58559,34.06289],[-118.58652,34.06313],[-118.5869,34.06351],[-118.58704,34.06436],[-118.58675,34.06549],[-118.58689,34.06699],[-118.58727,34.06836],[-118.58719,34.06884],[-118.58741,34.06945],[-118.58742,34.07001],[-118.58788,34.07067],[-118.58752,34.0719],[-118.58767,34.07219],[-118.5881,34.07246],[-118.58833,34.07275],[-118.58846,34.07419],[-118.58942,34.07482],[-118.59038,34.07474],[-118.59079,34.07484],[-118.59103,34.07509],[-118.5911,34.07577],[-118.59176,34.07649],[-118.59294,34.07716],[-118.59356,34.0779],[-118.59472,34.07834],[-118.59512,34.0786],[-118.59545,34.07908],[-118.59568,34.08024],[-118.596,34.08073],[-118.59808,34.08186],[-118.59875,34.08236],[-118.59894,34.08282],[-118.59891,34.08354],[-118.59906,34.08372],[-118.59966,34.08405],[-118.60012,34.08462],[-118.60002,34.08532],[-118.60125,34.08815],[-118.60177,34.08844],[-118.60393,34.08914],[-118.60422,34.08933],[-118.60438,34.08964],[-118.60424,34.08996],[-118.60373,34.09033],[-118.60322,34.09041],[-118.60242,34.09025],[-118.60212,34.09036],[-118.60198,34.09051],[-118.60181,34.09125],[-118.60168,34.09286],[-118.60235,34.09368],[-118.60237,34.09409],[-118.60156,34.0949],[-118.60111,34.09562],[-118.60096,34.09598],[-118.60094,34.09663],[-118.60084,34.09689],[-118.60001,34.09759],[-118.59915,34.09878],[-118.59828,34.09965],[-118.5979,34.10037],[-118.59639,34.10142],[-118.59598,34.10146],[-118.5953,34.10103],[-118.59485,34.10099],[-118.59413,34.10123],[-118.59279,34.10139],[-118.59187,34.10182],[-118.59147,34.10218],[-118.59153,34.10265],[-118.59252,34.10337],[-118.59273,34.10388],[-118.59268,34.10405],[-118.59219,34.1046],[-118.59178,34.10551],[-118.59176,34.10632],[-118.59143,34.10743],[-118.59152,34.10781],[-118.59193,34.10813],[-118.59215,34.10851],[-118.59217,34.10911],[-118.59202,34.10991],[-118.59215,34.11064],[-118.59206,34.11106],[-118.59174,34.11167],[-118.5907,34.11271],[-118.59053,34.11308],[-118.59065,34.11342],[-118.59156,34.11404],[-118.59189,34.11451],[-118.59224,34.11785],[-118.59188,34.11882],[-118.59201,34.11961],[-118.59058,34.12233],[-118.59044,34.12276],[-118.59067,34.12316],[-118.59102,34.1233],[-118.59132,34.12327],[-118.59161,34.12307],[-118.5923,34.12184],[-118.59271,34.12141],[-118.59358,34.1211],[-118.59413,34.12105],[-118.59447,34.12111],[-118.59489,34.1213],[-118.5952,34.12159],[-118.59559,34.12264],[-118.59581,34.12292],[-118.59615,34.12313],[-118.59885,34.12416],[-118.60045,34.12587],[-118.60049,34.12631],[-118.60024,34.12671],[-118.59986,34.12691],[-118.59872,34.127],[-118.59843,34.12724],[-118.59834,34.12749],[-118.59843,34.12781],[-118.59862,34.12795],[-118.59893,34.12805],[-118.60009,34.1281],[-118.60037,34.1283],[-118.60053,34.12864],[-118.6003,34.12913],[-118.59955,34.12974],[-118.59932,34.13008],[-118.59959,34.13144],[-118.59883,34.13361],[-118.59876,34.13406],[-118.59904,34.13654],[-118.59938,34.13704],[-118.60032,34.13789],[-118.60125,34.13913],[-118.60167,34.13935],[-118.60228,34.13947],[-118.60253,34.13967],[-118.60273,34.14047],[-118.60351,34.1417],[-118.60392,34.14175],[-118.60418,34.14161],[-118.60429,34.14139],[-118.6043,34.14085],[-118.60445,34.14069],[-118.60475,34.14064],[-118.60777,34.14141],[-118.60803,34.14154],[-118.60816,34.14173],[-118.60803,34.14206],[-118.6077,34.14214],[-118.60678,34.14159],[-118.60646,34.14154],[-118.60555,34.14164],[-118.60538,34.14177],[-118.60529,34.14202],[-118.60549,34.14261],[-118.60581,34.14307],[-118.6058,34.14336],[-118.60556,34.14365],[-118.60473,34.14385],[-118.60445,34.14409],[-118.6045,34.14445],[-118.60488,34.14463],[-118.60727,34.14405],[-118.60769,34.14427],[-118.60789,34.14488],[-118.60786,34.14517],[-118.60766,34.14542],[-118.60604,34.1457],[-118.60579,34.14584],[-118.60555,34.14615],[-118.60543,34.14666],[-118.60543,34.14789],[-118.60481,34.15062],[-118.60476,34.15118]]]}},{"type":"Feature","properties":{"id":"las-flores-canyon","name":"Las Flores Canyon Road","difficulty":3,"character":"Technical"},"geometry":{"type":"MultiLineString","coordinates":[[[-118.63603,34.03692],[-118.63625,34.03733],[-118.63734,34.03845],[-118.63767,34.03904],[-118.63741,34.04031],[-118.63759,34.04095],[-118.63703,34.0414],[-118.63693,34.04162],[-118.63699,34.04186],[-118.63755,34.04254],[-118.63755,34.04274],[-118.63737,34.04315],[-118.63737,34.04358],[-118.63759,34.04389],[-118.63861,34.0445],[-118.63909,34.04582],[-118.63949,34.04649],[-118.63906,34.04853],[-118.63864,34.04955],[-118.63916,34.05027],[-118.63917,34.05182],[-118.63938,34.05233],[-118.63916,34.0525],[-118.63859,34.05248],[-118.63842,34.05273],[-118.63867,34.05304],[-118.63965,34.0534],[-118.64049,34.05385],[-118.64057,34.05401],[-118.64022,34.05441],[-118.64017,34.05466],[-118.64027,34.05497],[-118.64019,34.05512],[-118.6393,34.05576],[-118.63913,34.05621],[-118.63865,34.05641],[-118.63839,34.05692],[-118.63853,34.05719],[-118.63892,34.05734],[-118.63916,34.05776],[-118.63917,34.05793],[-118.63883,34.0585],[-118.63904,34.05871],[-118.63934,34.05955],[-118.63967,34.05991],[-118.6396,34.06036],[-118.63975,34.0608],[-118.63965,34.0611],[-118.63971,34.06153],[-118.63961,34.06189],[-118.63997,34.06218],[-118.63991,34.06232],[-118.6394,34.06254],[-118.63936,34.06272],[-118.63996,34.06325],[-118.64029,34.06394],[-118.64066,34.06419],[-118.64085,34.06444],[-118.64084,34.06478],[-118.64053,34.06515],[-118.64063,34.06548],[-118.6406,34.06601],[-118.64081,34.06646],[-118.64086,34.06685],[-118.64102,34.06693],[-118.64156,34.06677],[-118.64329,34.06657],[-118.64392,34.06678],[-118.64534,34.06745],[-118.64531,34.06723],[-118.64366,34.06607],[-118.64354,34.06559],[-118.64395,34.06515],[-118.64413,34.06507],[-118.64509,34.06513],[-118.64605,34.0653],[-118.64633,34.06523],[-118.6464,34.06487],[-118.64623,34.06415],[-118.64635,34.06379],[-118.64666,34.06361],[-118.64773,34.06337],[-118.64891,34.06242]]]}},{"type":"Feature","properties":{"id":"malibu-canyon-las-virgenes","name":"Malibu Canyon / Las Virgenes","difficulty":2,"character":"Medium speed"},"geometry":{"type":"MultiLineString","coordinates":[[[-118.70338,34.03478],[-118.70354,34.03628],[-118.70339,34.03722],[-118.70273,34.03825],[-118.70181,34.0391],[-118.70046,34.03968],[-118.69823,34.04022],[-118.69531,34.04145],[-118.69338,34.04184],[-118.69267,34.04234],[-118.69245,34.04276],[-118.69254,34.04437],[-118.69209,34.04576],[-118.69196,34.04688],[-118.69204,34.0473],[-118.69279,34.04884],[-118.69412,34.05107],[-118.69467,34.05162],[-118.6956,34.0522],[-118.69616,34.05267],[-118.69651,34.05328],[-118.69659,34.05369],[-118.69645,34.05442],[-118.69616,34.05489],[-118.69441,34.05611],[-118.69399,34.05679],[-118.69398,34.05724],[-118.69437,34.05916],[-118.69419,34.06119],[-118.69433,34.06162],[-118.69474,34.0622],[-118.69542,34.06285],[-118.69664,34.0635],[-118.69703,34.06357],[-118.69777,34.06351],[-118.69946,34.06305],[-118.69993,34.06314],[-118.70071,34.06345],[-118.70249,34.06375],[-118.70355,34.0635],[-118.70552,34.06326],[-118.70739,34.06409],[-118.70848,34.0655],[-118.70857,34.06611],[-118.70808,34.06905],[-118.70653,34.0712],[-118.70575,34.07271],[-118.70474,34.07416],[-118.70352,34.07531],[-118.7023,34.07779],[-118.70243,34.07842],[-118.70388,34.0806],[-118.70455,34.08213],[-118.70484,34.0829],[-118.70491,34.08377],[-118.70482,34.08419],[-118.70379,34.08672],[-118.7037,34.08728],[-118.70384,34.08796],[-118.70415,34.08844],[-118.7061,34.09015],[-118.70922,34.0931],[-118.71136,34.09605],[-118.71168,34.09675],[-118.71174,34.09782],[-118.71128,34.099],[-118.71112,34.09972],[-118.71114,34.10318],[-118.71175,34.10467],[-118.71185,34.10523],[-118.71178,34.1058],[-118.71141,34.10707],[-118.71148,34.10922],[-118.71102,34.11109],[-118.70841,34.11767],[-118.70661,34.1247],[-118.70602,34.12564],[-118.70448,34.12687],[-118.70395,34.12773],[-118.70329,34.1323],[-118.70243,34.1362],[-118.70194,34.13719],[-118.70082,34.1385],[-118.70051,34.13907],[-118.70026,34.13976],[-118.69994,34.14133],[-118.69969,34.1418],[-118.69858,34.14317],[-118.69832,34.14364],[-118.69813,34.14433],[-118.69809,34.14572],[-118.69778,34.14737],[-118.69806,34.14946],[-118.69793,34.15011],[-118.69753,34.15108]]]}},{"type":"Feature","properties":{"id":"kanan-dume","name":"Kanan Dume Road","difficulty":2,"character":"Medium speed"},"geometry":{"type":"MultiLineString","coordinates":[[[-118.8026,34.02151],[-118.80244,34.02169],[-118.80161,34.02426],[-118.80085,34.02606],[-118.80037,34.02674],[-118.79819,34.02916],[-118.79765,34.0301],[-118.79742,34.03082],[-118.79742,34.03158],[-118.79773,34.03237],[-118.79821,34.03295],[-118.79991,34.0343],[-118.80037,34.03499],[-118.80052,34.03577],[-118.80023,34.03672],[-118.79765,34.03968],[-118.79716,34.04077],[-118.79715,34.04174],[-118.79764,34.0438],[-118.79773,34.04497],[-118.79736,34.04765],[-118.79738,34.04818],[-118.79756,34.04871],[-118.79828,34.04981],[-118.79842,34.05039],[-118.79831,34.05101],[-118.79769,34.05251],[-118.79761,34.05375],[-118.79846,34.05622],[-118.79867,34.05852],[-118.79892,34.05918],[-118.79917,34.0595],[-118.80015,34.06012],[-118.80276,34.06098],[-118.8038,34.06158],[-118.80479,34.0625],[-118.80752,34.06555],[-118.80981,34.06699],[-118.81167,34.06872],[-118.81194,34.06936],[-118.81191,34.07084],[-118.81203,34.07118],[-118.81476,34.07423],[-118.815,34.07465],[-118.81518,34.07533],[-118.81514,34.07715],[-118.8154,34.07773],[-118.81607,34.07825],[-118.81758,34.07871],[-118.81837,34.07904],[-118.81889,34.07946],[-118.81923,34.07994],[-118.8194,34.08039],[-118.81944,34.08097],[-118.81928,34.08156],[-118.81896,34.08208],[-118.81845,34.08254],[-118.81656,34.08363],[-118.81629,34.08386],[-118.81591,34.08443],[-118.81579,34.08504],[-118.81588,34.0856],[-118.81663,34.08676],[-118.8168,34.08732],[-118.81666,34.08789],[-118.81573,34.08893],[-118.81544,34.08958],[-118.81567,34.09085],[-118.81627,34.09184],[-118.81638,34.09214],[-118.8164,34.09264],[-118.81609,34.09324],[-118.81454,34.0953],[-118.81312,34.09621],[-118.81309,34.09641],[-118.81338,34.09652]]]}},{"type":"Feature","properties":{"id":"mount-wilson-red-box","name":"Mount Wilson Red Box Road","difficulty":3,"character":"Technical"},"geometry":{"type":"MultiLineString","coordinates":[[[-118.10523,34.25847],[-118.10516,34.25796],[-118.10482,34.25742],[-118.1041,34.25704],[-118.10383,34.2567],[-118.10306,34.25627],[-118.10226,34.25613],[-118.10203,34.25597],[-118.10185,34.25521],[-118.10188,34.25472],[-118.10161,34.25442],[-118.1011,34.25442],[-118.10037,34.25466],[-118.10006,34.25454],[-118.10009,34.25416],[-118.10095,34.25311],[-118.10089,34.25267],[-118.10017,34.25232],[-118.10014,34.25221],[-118.10041,34.25167],[-118.10017,34.25093],[-118.10063,34.2503],[-118.10055,34.25006],[-118.10041,34.24998],[-118.0997,34.25007],[-118.09936,34.25002],[-118.09876,34.25023],[-118.09847,34.2502],[-118.09837,34.24983],[-118.09841,34.24921],[-118.09829,34.24901],[-118.09797,34.24896],[-118.09716,34.24919],[-118.09645,34.24886],[-118.09625,34.24903],[-118.09612,34.24969],[-118.09572,34.24999],[-118.09532,34.25089],[-118.09493,34.251],[-118.09451,34.25073],[-118.09414,34.24989],[-118.09386,34.2495],[-118.09257,34.24898],[-118.0925,34.24877],[-118.0927,34.24801],[-118.09261,34.24762],[-118.09182,34.2468],[-118.09191,34.24644],[-118.09256,34.24603],[-118.09257,34.24572],[-118.09237,34.24537],[-118.09248,34.24489],[-118.09234,34.2446],[-118.09198,34.24428],[-118.09223,34.24368],[-118.09173,34.24301],[-118.09233,34.24231],[-118.09283,34.24215],[-118.09333,34.24165],[-118.09311,34.24114],[-118.09333,34.23956],[-118.09321,34.23933],[-118.09092,34.23879],[-118.0895,34.23901],[-118.08823,34.23869],[-118.08649,34.23838],[-118.08522,34.23771],[-118.08435,34.2376],[-118.08427,34.2371],[-118.08407,34.23673],[-118.08383,34.23654],[-118.08287,34.23648],[-118.08257,34.23662],[-118.08235,34.23662],[-118.08159,34.23643],[-118.08082,34.236],[-118.08044,34.23597],[-118.08003,34.23606],[-118.07944,34.23597],[-118.07828,34.23517],[-118.07774,34.2349],[-118.07733,34.23485],[-118.07681,34.23495],[-118.07656,34.23488],[-118.07624,34.23441],[-118.07552,34.23417],[-118.07543,34.23385],[-118.07522,34.23357],[-118.07473,34.23339],[-118.07423,34.23302],[-118.07396,34.23297],[-118.07337,34.23315],[-118.073,34.23297],[-118.07245,34.23292],[-118.07194,34.23259],[-118.07133,34.23257],[-118.07091,34.23209],[-118.07103,34.23106],[-118.07047,34.22961],[-118.07027,34.22943],[-118.06941,34.22926],[-118.06889,34.22903],[-118.06834,34.22849],[-118.06774,34.22769]]]}},{"type":"Feature","properties":{"id":"san-gabriel-canyon","name":"San Gabriel Canyon Road \u00b7 SR 39","difficulty":2,"character":"Medium speed"},"geometry":{"type":"MultiLineString","coordinates":[[[-117.91009,34.15105],[-117.91145,34.15666],[-117.91146,34.15718],[-117.91129,34.15787],[-117.91071,34.15871],[-117.90956,34.15944],[-117.90839,34.15971],[-117.9071,34.1596],[-117.90401,34.15859],[-117.90338,34.15859],[-117.90156,34.15902],[-117.90014,34.15968],[-117.89862,34.16056],[-117.89653,34.16339],[-117.89609,34.1638],[-117.89529,34.16407],[-117.89269,34.16415],[-117.89213,34.16435],[-117.8919,34.16481],[-117.89223,34.16578],[-117.89218,34.16654],[-117.89233,34.16771],[-117.89224,34.16878],[-117.89247,34.16945],[-117.89232,34.17041],[-117.89211,34.17077],[-117.89108,34.17152],[-117.8904,34.17178],[-117.88975,34.17169],[-117.88862,34.17109],[-117.88822,34.17109],[-117.88778,34.17132],[-117.88689,34.17327],[-117.88654,34.17436],[-117.88633,34.17467],[-117.88534,34.17553],[-117.88454,34.17574],[-117.88429,34.17589],[-117.88378,34.17644],[-117.88285,34.17656],[-117.8825,34.17683],[-117.88222,34.1776],[-117.88218,34.17851],[-117.88194,34.17931],[-117.88167,34.18],[-117.88122,34.18046],[-117.8811,34.18131],[-117.88089,34.18153],[-117.88031,34.18188],[-117.87951,34.18291],[-117.87815,34.18365],[-117.87785,34.18365],[-117.87718,34.18348],[-117.87663,34.18357],[-117.87635,34.18375],[-117.87581,34.18436],[-117.87532,34.18463],[-117.87484,34.18457],[-117.87393,34.18407],[-117.87356,34.18402],[-117.87301,34.18418],[-117.8721,34.18488],[-117.87183,34.18527],[-117.87193,34.18711],[-117.87169,34.18752],[-117.8712,34.1878],[-117.86759,34.189],[-117.86593,34.19021],[-117.86566,34.19065],[-117.86601,34.19173],[-117.8657,34.19281],[-117.86529,34.19322],[-117.86428,34.19372],[-117.86386,34.19416],[-117.86347,34.19547],[-117.86303,34.19615],[-117.86283,34.19761],[-117.86266,34.19815],[-117.86239,34.19859],[-117.86178,34.19946],[-117.86142,34.19977],[-117.86061,34.2],[-117.85935,34.20016],[-117.85879,34.20049],[-117.85864,34.2008],[-117.85865,34.20127],[-117.85874,34.20175],[-117.85906,34.20216],[-117.85981,34.20243],[-117.86093,34.20242],[-117.86163,34.20252],[-117.86363,34.20311],[-117.86452,34.20362],[-117.86579,34.20385],[-117.86661,34.20452],[-117.86676,34.20483],[-117.86676,34.20524],[-117.8666,34.20558],[-117.8659,34.20635],[-117.86527,34.20726],[-117.86527,34.20753],[-117.86556,34.20838],[-117.86548,34.20964],[-117.86486,34.21057],[-117.86374,34.21109],[-117.86348,34.21134],[-117.86335,34.21162],[-117.86332,34.21194],[-117.86345,34.21233],[-117.86402,34.21323],[-117.8642,34.21372],[-117.86437,34.21473],[-117.86427,34.21515],[-117.86402,34.21535],[-117.86357,34.21538],[-117.86316,34.21517],[-117.86285,34.21479],[-117.86256,34.21461],[-117.86212,34.21452],[-117.86177,34.21457],[-117.86137,34.2148],[-117.86004,34.21637],[-117.85961,34.2167],[-117.85912,34.21682],[-117.85797,34.21685],[-117.85638,34.21676],[-117.85599,34.21686],[-117.85551,34.21715],[-117.85523,34.21751],[-117.85513,34.21787],[-117.85546,34.21909],[-117.85507,34.21998],[-117.85512,34.22121],[-117.85501,34.22156],[-117.85476,34.22179],[-117.85444,34.22191],[-117.85236,34.22181],[-117.85202,34.22188],[-117.85173,34.22206],[-117.85152,34.22243],[-117.85097,34.22418],[-117.84831,34.22616],[-117.84767,34.2274],[-117.84575,34.2296],[-117.84566,34.23003],[-117.84583,34.23075],[-117.84568,34.23157],[-117.84584,34.23191],[-117.84635,34.23249],[-117.84663,34.23307],[-117.84665,34.2338],[-117.84682,34.23433],[-117.84715,34.23468],[-117.84761,34.23492],[-117.84878,34.23501],[-117.84964,34.23521],[-117.85033,34.23559],[-117.85085,34.23604],[-117.85117,34.23646],[-117.8514,34.23709],[-117.85131,34.23911],[-117.85132,34.23952],[-117.85145,34.23982],[-117.85183,34.2401],[-117.85222,34.24022],[-117.85398,34.24017],[-117.85513,34.24025],[-117.8558,34.24018],[-117.85647,34.23986],[-117.85915,34.2377],[-117.85954,34.23748],[-117.86017,34.23724],[-117.86081,34.23714],[-117.8618,34.23724],[-117.86269,34.23761],[-117.86327,34.23813],[-117.8645,34.24024],[-117.86479,34.24064],[-117.86516,34.24093],[-117.8659,34.24117],[-117.86822,34.24116],[-117.86898,34.24136],[-117.86936,34.24159],[-117.86967,34.24195],[-117.86986,34.24242],[-117.86988,34.24287],[-117.86954,34.24412],[-117.86907,34.24495],[-117.86861,34.24536],[-117.86684,34.24652],[-117.86576,34.24807],[-117.86537,34.24882],[-117.86512,34.24898],[-117.86404,34.2492],[-117.86153,34.25069],[-117.86059,34.25102],[-117.86041,34.25118],[-117.85993,34.25207],[-117.85869,34.25368],[-117.85862,34.25429],[-117.85838,34.25493],[-117.85872,34.25606],[-117.85874,34.25643],[-117.85863,34.25678],[-117.85775,34.25754],[-117.8572,34.25834],[-117.85631,34.25908],[-117.85551,34.25944],[-117.85496,34.25984],[-117.85443,34.2601],[-117.85403,34.26044],[-117.85371,34.26089],[-117.85268,34.26125],[-117.85242,34.26148],[-117.85208,34.26207],[-117.85178,34.26234],[-117.85123,34.26262],[-117.851,34.2626],[-117.85047,34.26207],[-117.85017,34.26202],[-117.84892,34.26207],[-117.84569,34.26199],[-117.84508,34.26217],[-117.84485,34.26241],[-117.84434,34.26369],[-117.84432,34.26427],[-117.84659,34.26965],[-117.84696,34.27099],[-117.84703,34.27162],[-117.84701,34.27248],[-117.8459,34.27737],[-117.84561,34.27785],[-117.84487,34.27837],[-117.84418,34.27853],[-117.84189,34.27872],[-117.84103,34.27888],[-117.84012,34.27941],[-117.83968,34.27992],[-117.83814,34.28232],[-117.83793,34.28272],[-117.83787,34.28318],[-117.83811,34.28392],[-117.83859,34.28437],[-117.83906,34.28457],[-117.83987,34.28467],[-117.84059,34.28445],[-117.84298,34.28279],[-117.84374,34.28262],[-117.84434,34.28267],[-117.845,34.28289],[-117.84565,34.28345],[-117.84588,34.28409],[-117.84572,34.28489]]]}},{"type":"Feature","properties":{"id":"laguna-canyon","name":"Laguna Canyon Road \u00b7 SR 133","difficulty":1,"character":"Medium speed"},"geometry":{"type":"MultiLineString","coordinates":[[[-117.76174,33.64304],[-117.76193,33.64298],[-117.76068,33.63938],[-117.76048,33.63795],[-117.76053,33.63647],[-117.76146,33.63251],[-117.76149,33.63188],[-117.76125,33.63059],[-117.76059,33.6293],[-117.75722,33.62527],[-117.75658,33.62397],[-117.75636,33.62258],[-117.7565,33.62141],[-117.75696,33.62023],[-117.76078,33.6142],[-117.76123,33.61322],[-117.76141,33.61246],[-117.76146,33.61162],[-117.7611,33.60815],[-117.76118,33.60734],[-117.7615,33.60622],[-117.76261,33.60416],[-117.76299,33.60279],[-117.76301,33.60167],[-117.76279,33.6007],[-117.76062,33.5951],[-117.76005,33.59375],[-117.7599,33.59363],[-117.75976,33.59329],[-117.75948,33.59158],[-117.75972,33.59026],[-117.76035,33.58863],[-117.76156,33.58476],[-117.76158,33.5839],[-117.76134,33.58206],[-117.76189,33.5801],[-117.76326,33.57392],[-117.7633,33.57336],[-117.76303,33.57227],[-117.76301,33.57164],[-117.76397,33.56625],[-117.76388,33.56432],[-117.76397,33.56393],[-117.76433,33.56348],[-117.76518,33.56306],[-117.7657,33.56298],[-117.76628,33.56301],[-117.76784,33.56347],[-117.76877,33.56351],[-117.77007,33.56322],[-117.7708,33.56282],[-117.77125,33.56242],[-117.77368,33.55906],[-117.7743,33.55625],[-117.77533,33.55423],[-117.77614,33.5532],[-117.77709,33.55233],[-117.78009,33.54998],[-117.78098,33.54909],[-117.78158,33.54835],[-117.7819,33.54775],[-117.78214,33.54649],[-117.7824,33.54581],[-117.78532,33.54275]]]}},{"type":"Feature","properties":{"id":"silverado-canyon","name":"Silverado Canyon Road","difficulty":2,"character":"Low speed"},"geometry":{"type":"MultiLineString","coordinates":[[[-117.67308,33.74824],[-117.67305,33.74881],[-117.67275,33.7492],[-117.6722,33.74941],[-117.67145,33.74929],[-117.67035,33.74885],[-117.66949,33.74815],[-117.66829,33.74761],[-117.66677,33.74673],[-117.66578,33.74603],[-117.66465,33.74563],[-117.66362,33.74501],[-117.66242,33.7447],[-117.6609,33.74399],[-117.65838,33.74366],[-117.65782,33.74375],[-117.65746,33.7439],[-117.6562,33.74469],[-117.65569,33.74489],[-117.65094,33.74536],[-117.64997,33.74581],[-117.64949,33.74595],[-117.64571,33.74614],[-117.64213,33.74782],[-117.64059,33.74809],[-117.63993,33.748],[-117.63612,33.74649],[-117.63571,33.74646],[-117.63508,33.74658],[-117.63429,33.74644],[-117.63245,33.74719],[-117.6299,33.7465],[-117.6292,33.74619],[-117.62805,33.74609],[-117.6275,33.74611],[-117.62547,33.74692],[-117.6231,33.7472],[-117.62209,33.7475],[-117.61762,33.74649],[-117.61643,33.74673],[-117.61509,33.74732],[-117.61393,33.74757],[-117.61289,33.74714],[-117.61222,33.74698],[-117.61161,33.74663],[-117.61075,33.74629],[-117.60958,33.74632],[-117.60864,33.74584],[-117.60836,33.74579],[-117.608,33.74581],[-117.6075,33.74613],[-117.60702,33.74625],[-117.60557,33.74608],[-117.6046,33.74616],[-117.60385,33.74631],[-117.6013,33.74582],[-117.60097,33.74594],[-117.60004,33.7466],[-117.59973,33.74656],[-117.59847,33.74596],[-117.59808,33.7459],[-117.59749,33.74617],[-117.59704,33.74627],[-117.59639,33.74604],[-117.59574,33.74595],[-117.59399,33.7462],[-117.58997,33.74599],[-117.58888,33.74621],[-117.58779,33.74611],[-117.58714,33.74617],[-117.58678,33.7461],[-117.58616,33.74577],[-117.58565,33.74561],[-117.58487,33.74598]]]}}]}
